data_origin,division,section,program,end_user_final,uid
,EHB,Lead Services Section,No Program Listed,Other Areas of MDHHS,810
,EHB,Lead Services Section,No Program Listed,LHDs,810
EHB,EHB,Toxicology and Assessment Section,No Program Listed,Other Areas of MDHHS,598
External Program Partners,EHB,Toxicology and Assessment Section,No Program Listed,Other Areas of MDHHS,598
Other Areas of MDHHS,EHB,Environmental Epidemiology and Analytics Section,PFAS Program,Within EHB,973
Other Areas of MDHHS,EHB,Environmental Epidemiology and Analytics Section,PFAS Program,Within EHB,973
EGLE,EHB,Environmental Epidemiology and Analytics Section,PFAS Program,Within EHB,973
EGLE,EHB,Environmental Epidemiology and Analytics Section,PFAS Program,Within EHB,973
External Laboratories,EHB,Environmental Epidemiology and Analytics Section,PFAS Program,Within EHB,973
External Laboratories,EHB,Environmental Epidemiology and Analytics Section,PFAS Program,Within EHB,973
State of Michigan,EHB,Environmental Epidemiology and Analytics Section,PFAS Program,Within EHB,973
State of Michigan,EHB,Environmental Epidemiology and Analytics Section,PFAS Program,Within EHB,973
Other Areas of MDHHS,EHB,Environmental Epidemiology and Analytics Section,PFAS Program,Within EHB,268
Other Areas of MDHHS,EHB,Environmental Epidemiology and Analytics Section,PFAS Program,Within EHB,268
Other Areas of MDHHS,EHB,Environmental Epidemiology and Analytics Section,PFAS Program,Within EHB,268
EGLE,EHB,Environmental Epidemiology and Analytics Section,PFAS Program,Within EHB,268
EGLE,EHB,Environmental Epidemiology and Analytics Section,PFAS Program,Within EHB,268
EGLE,EHB,Environmental Epidemiology and Analytics Section,PFAS Program,Within EHB,268
External Laboratories,EHB,Environmental Epidemiology and Analytics Section,PFAS Program,Within EHB,268
External Laboratories,EHB,Environmental Epidemiology and Analytics Section,PFAS Program,Within EHB,268
External Laboratories,EHB,Environmental Epidemiology and Analytics Section,PFAS Program,Within EHB,268
State of Michigan,EHB,Environmental Epidemiology and Analytics Section,PFAS Program,Within EHB,268
State of Michigan,EHB,Environmental Epidemiology and Analytics Section,PFAS Program,Within EHB,268
State of Michigan,EHB,Environmental Epidemiology and Analytics Section,PFAS Program,Within EHB,268
Other Areas of MDHHS,EHB,Environmental Epidemiology and Analytics Section,PFAS Program,Within EHB,170
EGLE,EHB,Environmental Epidemiology and Analytics Section,PFAS Program,Within EHB,170
External Laboratories,EHB,Environmental Epidemiology and Analytics Section,PFAS Program,Within EHB,170
External Program Partners,EHB,Environmental Epidemiology and Analytics Section,PFAS Program,Within EHB,979
External Program Partners,EHB,Environmental Epidemiology and Analytics Section,PFAS Program,Within EHB,979
External Program Partners,EHB,Environmental Epidemiology and Analytics Section,PFAS Program,Within EHB,979
External Program Partners,EHB,Environmental Epidemiology and Analytics Section,PFAS Program,Within EHB,979
EHB,EHB,Environmental Epidemiology and Analytics Section,PFAS Program,Within EHB,979
EHB,EHB,Environmental Epidemiology and Analytics Section,PFAS Program,Within EHB,979
EHB,EHB,Environmental Epidemiology and Analytics Section,PFAS Program,Within EHB,979
EHB,EHB,Environmental Epidemiology and Analytics Section,PFAS Program,Within EHB,979
State of Michigan,EHB,Environmental Epidemiology and Analytics Section,PFAS Program,Within EHB,979
State of Michigan,EHB,Environmental Epidemiology and Analytics Section,PFAS Program,Within EHB,979
State of Michigan,EHB,Environmental Epidemiology and Analytics Section,PFAS Program,Within EHB,979
State of Michigan,EHB,Environmental Epidemiology and Analytics Section,PFAS Program,Within EHB,979
State of Michigan,EHB,Environmental Epidemiology and Analytics Section,PFAS Program,Within EHB,802
State of Michigan,EHB,Environmental Epidemiology and Analytics Section,PFAS Program,Within EHB,802
State of Michigan,EHB,Environmental Epidemiology and Analytics Section,PFAS Program,Within EHB,802
Other Areas of MDHHS,EHB,Environmental Epidemiology and Analytics Section,PFAS Program,Within EHB,802
Other Areas of MDHHS,EHB,Environmental Epidemiology and Analytics Section,PFAS Program,Within EHB,802
Other Areas of MDHHS,EHB,Environmental Epidemiology and Analytics Section,PFAS Program,Within EHB,802
Federal Partners,EHB,Environmental Epidemiology and Analytics Section,PFAS Program,Within EHB,802
Federal Partners,EHB,Environmental Epidemiology and Analytics Section,PFAS Program,Within EHB,802
Federal Partners,EHB,Environmental Epidemiology and Analytics Section,PFAS Program,Within EHB,802
External Laboratories,EHB,Environmental Epidemiology and Analytics Section,PFAS Program,Within EHB,802
External Laboratories,EHB,Environmental Epidemiology and Analytics Section,PFAS Program,Within EHB,802
External Laboratories,EHB,Environmental Epidemiology and Analytics Section,PFAS Program,Within EHB,802
EGLE,EHB,Environmental Epidemiology and Analytics Section,PFAS Program,Within EHB,802
EGLE,EHB,Environmental Epidemiology and Analytics Section,PFAS Program,Within EHB,802
EGLE,EHB,Environmental Epidemiology and Analytics Section,PFAS Program,Within EHB,802
State of Michigan,EHB,Environmental Epidemiology and Analytics Section,PFAS Program,Within EHB,665
State of Michigan,EHB,Environmental Epidemiology and Analytics Section,PFAS Program,Within EHB,665
Other Areas of MDHHS,EHB,Environmental Epidemiology and Analytics Section,PFAS Program,Within EHB,665
Other Areas of MDHHS,EHB,Environmental Epidemiology and Analytics Section,PFAS Program,Within EHB,665
Federal Partners,EHB,Environmental Epidemiology and Analytics Section,PFAS Program,Within EHB,665
Federal Partners,EHB,Environmental Epidemiology and Analytics Section,PFAS Program,Within EHB,665
External Laboratories,EHB,Environmental Epidemiology and Analytics Section,PFAS Program,Within EHB,665
External Laboratories,EHB,Environmental Epidemiology and Analytics Section,PFAS Program,Within EHB,665
EGLE,EHB,Environmental Epidemiology and Analytics Section,PFAS Program,Within EHB,665
EGLE,EHB,Environmental Epidemiology and Analytics Section,PFAS Program,Within EHB,665
EHB,EHB,Environmental Epidemiology and Analytics Section,PFAS Program,Within EHB,668
EHB,EHB,Environmental Epidemiology and Analytics Section,PFAS Program,Within EHB,668
EHB,EHB,Environmental Epidemiology and Analytics Section,PFAS Program,Within EHB,905
EHB,EHB,Environmental Epidemiology and Analytics Section,PFAS Program,Within EHB,905
EHB,EHB,Environmental Epidemiology and Analytics Section,PFAS Program,Within EHB,905
Other Areas of MDHHS,EHB,Environmental Epidemiology and Analytics Section,PFAS Program,Within EHB,905
Other Areas of MDHHS,EHB,Environmental Epidemiology and Analytics Section,PFAS Program,Within EHB,905
Other Areas of MDHHS,EHB,Environmental Epidemiology and Analytics Section,PFAS Program,Within EHB,905
External Program Partners,EHB,Environmental Epidemiology and Analytics Section,PFAS Program,Within EHB,905
External Program Partners,EHB,Environmental Epidemiology and Analytics Section,PFAS Program,Within EHB,905
External Program Partners,EHB,Environmental Epidemiology and Analytics Section,PFAS Program,Within EHB,905
EGLE,EHB,Environmental Epidemiology and Analytics Section,PFAS Program,Within EHB,905
EGLE,EHB,Environmental Epidemiology and Analytics Section,PFAS Program,Within EHB,905
EGLE,EHB,Environmental Epidemiology and Analytics Section,PFAS Program,Within EHB,905
EHB,EHB,Environmental Epidemiology and Analytics Section,PFAS Program,Within EHB,420
EHB,EHB,Environmental Epidemiology and Analytics Section,PFAS Program,LHDs,913
EHB,EHB,Environmental Epidemiology and Analytics Section,PFAS Program,LHDs,913
EHB,EHB,Environmental Epidemiology and Analytics Section,PFAS Program,Within EGLE,913
EHB,EHB,Environmental Epidemiology and Analytics Section,PFAS Program,Within EGLE,913
EHB,EHB,Environmental Epidemiology and Analytics Section,PFAS Program,Within EHB,913
EHB,EHB,Environmental Epidemiology and Analytics Section,PFAS Program,Within EHB,913
EHB,EHB,Lead Certification and Compliance Assurance Section,No Program Listed,Within EHB,233
Other Areas of MDHHS,EHB,Lead Certification and Compliance Assurance Section,No Program Listed,Within EHB,233
EHB,EHB,Lead Certification and Compliance Assurance Section,No Program Listed,Within EHB,233
Other Areas of MDHHS,EHB,Lead Certification and Compliance Assurance Section,No Program Listed,Within EHB,233
EHB,EHB,Lead Certification and Compliance Assurance Section,No Program Listed,Within EHB,948
EHB,EHB,Lead Certification and Compliance Assurance Section,No Program Listed,Within EHB,948
State of Michigan,EHB,Lead Certification and Compliance Assurance Section,No Program Listed,Within EHB,948
State of Michigan,EHB,Lead Certification and Compliance Assurance Section,No Program Listed,Within EHB,948
EHB,EHB,Community Education and Outreach Section,No Program Listed,Other Areas of MDHHS,184
EHB,EHB,Community Education and Outreach Section,No Program Listed,Other Areas of MDHHS,184
External Program Partners,EHB,Community Education and Outreach Section,No Program Listed,Other Areas of MDHHS,415
External Program Partners,EHB,Community Education and Outreach Section,No Program Listed,Other Areas of MDHHS,415
External Program Partners,EHB,Community Education and Outreach Section,No Program Listed,Other Areas of MDHHS,415
Public,EHB,Community Education and Outreach Section,No Program Listed,Other Areas of MDHHS,230
Public,EHB,Community Education and Outreach Section,No Program Listed,Other Areas of MDHHS,230
Public,EHB,Community Education and Outreach Section,No Program Listed,External Program Partners,230
Public,EHB,Community Education and Outreach Section,No Program Listed,External Program Partners,230
Public,EHB,Community Education and Outreach Section,No Program Listed,Other Areas of MDHHS,230
Public,EHB,Community Education and Outreach Section,No Program Listed,Other Areas of MDHHS,230
Public,EHB,Community Education and Outreach Section,No Program Listed,External Program Partners,230
Public,EHB,Community Education and Outreach Section,No Program Listed,External Program Partners,230
EHB,EHB,Community Education and Outreach Section,No Program Listed,External Program Partners,813
EHB,EHB,Community Education and Outreach Section,No Program Listed,External Program Partners,813
EHB,EHB,Community Education and Outreach Section,No Program Listed,External Program Partners,191
EHB,EHB,Community Education and Outreach Section,No Program Listed,External Program Partners,191
EHB,EHB,Community Education and Outreach Section,No Program Listed,External Program Partners,191
EHB,EHB,Community Education and Outreach Section,No Program Listed,External Program Partners,191
External Program Partners,EHB,Community Education and Outreach Section,No Program Listed,Other Areas of MDHHS,552
External Program Partners,EHB,Community Education and Outreach Section,No Program Listed,Other Areas of MDHHS,552
EHB,EHB,Community Education and Outreach Section,No Program Listed,Other Areas of MDHHS,290
EHB,EHB,Community Education and Outreach Section,No Program Listed,Other Areas of MDHHS,837
EHB,EHB,Community Education and Outreach Section,No Program Listed,Other Areas of MDHHS,999
External Program Partners,EHB,Community Education and Outreach Section,No Program Listed,Other Areas of MDHHS,372
EHB,EHB,Community Education and Outreach Section,No Program Listed,Other Areas of MDHHS,401
EHB,EHB,Community Education and Outreach Section,No Program Listed,Other Areas of MDHHS,956
EHB,EHB,Community Education and Outreach Section,No Program Listed,Other Areas of MDHHS,206
MDHHS-Owned System,EHB,Lead Services Section,No Program Listed,Other Areas of MDHHS,635
MDHHS-Owned System,EHB,Lead Services Section,No Program Listed,External Program Partners,635
MDHHS-Owned System,EHB,Lead Services Section,No Program Listed,Other Areas of MDHHS,288
MDHHS-Owned System,EHB,Lead Services Section,No Program Listed,External Program Partners,288
MDHHS-Owned System,EHB,Lead Services Section,No Program Listed,External Program Partners,6
MDHHS-Owned System,EHB,Lead Services Section,No Program Listed,Other Areas of MDHHS,967
MDHHS-Owned System,EHB,Lead Services Section,No Program Listed,External Program Partners,967
MDHHS-Owned System,EHB,Environmental Epidemiology and Analytics Section,No Program Listed,Other Areas of MDHHS,20
MDHHS-Owned System,EHB,Environmental Epidemiology and Analytics Section,No Program Listed,LHDs,20
External Program Partners,EHB,Environmental Epidemiology and Analytics Section,No Program Listed,Other Areas of MDHHS,922
External Program Partners,EHB,Environmental Epidemiology and Analytics Section,No Program Listed,Other Areas of MDHHS,922
External Program Partners,EHB,Environmental Epidemiology and Analytics Section,No Program Listed,Researchers,922
External Program Partners,EHB,Environmental Epidemiology and Analytics Section,No Program Listed,Researchers,922
External Program Partners,EHB,Field Epidemiology Section,No Program Listed,Public,656
External Program Partners,EHB,Field Epidemiology Section,No Program Listed,Public,656
External Program Partners,EHB,Field Epidemiology Section,No Program Listed,Public,656
External Program Partners,EHB,Field Epidemiology Section,No Program Listed,Public,656
External Program Partners,EHB,Field Epidemiology Section,No Program Listed,Public,656
External Program Partners,EHB,Field Epidemiology Section,No Program Listed,Public,656
External Program Partners,EHB,Field Epidemiology Section,No Program Listed,Public,656
External Program Partners,EHB,Field Epidemiology Section,No Program Listed,Public,656
External Program Partners,EHB,Field Epidemiology Section,No Program Listed,Public,656
External Program Partners,EHB,Field Epidemiology Section,No Program Listed,Public,656
External Program Partners,EHB,Field Epidemiology Section,No Program Listed,Public,656
External Program Partners,EHB,Field Epidemiology Section,No Program Listed,Public,656
External Program Partners,EHB,Field Epidemiology Section,No Program Listed,Public,656
External Program Partners,EHB,Field Epidemiology Section,No Program Listed,Public,656
External Program Partners,EHB,Field Epidemiology Section,No Program Listed,Public,656
External Program Partners,EHB,Field Epidemiology Section,No Program Listed,Public,656
External Program Partners,EHB,Field Epidemiology Section,No Program Listed,Public,656
External Program Partners,EHB,Field Epidemiology Section,No Program Listed,Public,656
External Program Partners,EHB,Field Epidemiology Section,No Program Listed,Public,656
External Program Partners,EHB,Field Epidemiology Section,No Program Listed,Public,656
External Program Partners,EHB,Field Epidemiology Section,No Program Listed,Public,656
External Program Partners,EHB,Field Epidemiology Section,No Program Listed,Within EHB,656
External Program Partners,EHB,Field Epidemiology Section,No Program Listed,Within EHB,656
External Program Partners,EHB,Field Epidemiology Section,No Program Listed,Within EHB,656
External Program Partners,EHB,Field Epidemiology Section,No Program Listed,Within EHB,656
External Program Partners,EHB,Field Epidemiology Section,No Program Listed,Within EHB,656
External Program Partners,EHB,Field Epidemiology Section,No Program Listed,Within EHB,656
External Program Partners,EHB,Field Epidemiology Section,No Program Listed,Within EHB,656
External Program Partners,EHB,Field Epidemiology Section,No Program Listed,Within EHB,656
External Program Partners,EHB,Field Epidemiology Section,No Program Listed,Within EHB,656
External Program Partners,EHB,Field Epidemiology Section,No Program Listed,Within EHB,656
External Program Partners,EHB,Field Epidemiology Section,No Program Listed,Within EHB,656
External Program Partners,EHB,Field Epidemiology Section,No Program Listed,Within EHB,656
External Program Partners,EHB,Field Epidemiology Section,No Program Listed,Within EHB,656
External Program Partners,EHB,Field Epidemiology Section,No Program Listed,Within EHB,656
External Program Partners,EHB,Field Epidemiology Section,No Program Listed,Within EHB,656
External Program Partners,EHB,Field Epidemiology Section,No Program Listed,Within EHB,656
External Program Partners,EHB,Field Epidemiology Section,No Program Listed,Within EHB,656
External Program Partners,EHB,Field Epidemiology Section,No Program Listed,Within EHB,656
External Program Partners,EHB,Field Epidemiology Section,No Program Listed,Within EHB,656
External Program Partners,EHB,Field Epidemiology Section,No Program Listed,Within EHB,656
External Program Partners,EHB,Field Epidemiology Section,No Program Listed,Within EHB,656
Public,EHB,Field Epidemiology Section,No Program Listed,Public,656
Public,EHB,Field Epidemiology Section,No Program Listed,Public,656
Public,EHB,Field Epidemiology Section,No Program Listed,Public,656
Public,EHB,Field Epidemiology Section,No Program Listed,Public,656
Public,EHB,Field Epidemiology Section,No Program Listed,Public,656
Public,EHB,Field Epidemiology Section,No Program Listed,Public,656
Public,EHB,Field Epidemiology Section,No Program Listed,Public,656
Public,EHB,Field Epidemiology Section,No Program Listed,Public,656
Public,EHB,Field Epidemiology Section,No Program Listed,Public,656
Public,EHB,Field Epidemiology Section,No Program Listed,Public,656
Public,EHB,Field Epidemiology Section,No Program Listed,Public,656
Public,EHB,Field Epidemiology Section,No Program Listed,Public,656
Public,EHB,Field Epidemiology Section,No Program Listed,Public,656
Public,EHB,Field Epidemiology Section,No Program Listed,Public,656
Public,EHB,Field Epidemiology Section,No Program Listed,Public,656
Public,EHB,Field Epidemiology Section,No Program Listed,Public,656
Public,EHB,Field Epidemiology Section,No Program Listed,Public,656
Public,EHB,Field Epidemiology Section,No Program Listed,Public,656
Public,EHB,Field Epidemiology Section,No Program Listed,Public,656
Public,EHB,Field Epidemiology Section,No Program Listed,Public,656
Public,EHB,Field Epidemiology Section,No Program Listed,Public,656
Public,EHB,Field Epidemiology Section,No Program Listed,Within EHB,656
Public,EHB,Field Epidemiology Section,No Program Listed,Within EHB,656
Public,EHB,Field Epidemiology Section,No Program Listed,Within EHB,656
Public,EHB,Field Epidemiology Section,No Program Listed,Within EHB,656
Public,EHB,Field Epidemiology Section,No Program Listed,Within EHB,656
Public,EHB,Field Epidemiology Section,No Program Listed,Within EHB,656
Public,EHB,Field Epidemiology Section,No Program Listed,Within EHB,656
Public,EHB,Field Epidemiology Section,No Program Listed,Within EHB,656
Public,EHB,Field Epidemiology Section,No Program Listed,Within EHB,656
Public,EHB,Field Epidemiology Section,No Program Listed,Within EHB,656
Public,EHB,Field Epidemiology Section,No Program Listed,Within EHB,656
Public,EHB,Field Epidemiology Section,No Program Listed,Within EHB,656
Public,EHB,Field Epidemiology Section,No Program Listed,Within EHB,656
Public,EHB,Field Epidemiology Section,No Program Listed,Within EHB,656
Public,EHB,Field Epidemiology Section,No Program Listed,Within EHB,656
Public,EHB,Field Epidemiology Section,No Program Listed,Within EHB,656
Public,EHB,Field Epidemiology Section,No Program Listed,Within EHB,656
Public,EHB,Field Epidemiology Section,No Program Listed,Within EHB,656
Public,EHB,Field Epidemiology Section,No Program Listed,Within EHB,656
Public,EHB,Field Epidemiology Section,No Program Listed,Within EHB,656
Public,EHB,Field Epidemiology Section,No Program Listed,Within EHB,656
EGLE,EHB,Field Epidemiology Section,No Program Listed,Public,656
EGLE,EHB,Field Epidemiology Section,No Program Listed,Public,656
EGLE,EHB,Field Epidemiology Section,No Program Listed,Public,656
EGLE,EHB,Field Epidemiology Section,No Program Listed,Public,656
EGLE,EHB,Field Epidemiology Section,No Program Listed,Public,656
EGLE,EHB,Field Epidemiology Section,No Program Listed,Public,656
EGLE,EHB,Field Epidemiology Section,No Program Listed,Public,656
EGLE,EHB,Field Epidemiology Section,No Program Listed,Public,656
EGLE,EHB,Field Epidemiology Section,No Program Listed,Public,656
EGLE,EHB,Field Epidemiology Section,No Program Listed,Public,656
EGLE,EHB,Field Epidemiology Section,No Program Listed,Public,656
EGLE,EHB,Field Epidemiology Section,No Program Listed,Public,656
EGLE,EHB,Field Epidemiology Section,No Program Listed,Public,656
EGLE,EHB,Field Epidemiology Section,No Program Listed,Public,656
EGLE,EHB,Field Epidemiology Section,No Program Listed,Public,656
EGLE,EHB,Field Epidemiology Section,No Program Listed,Public,656
EGLE,EHB,Field Epidemiology Section,No Program Listed,Public,656
EGLE,EHB,Field Epidemiology Section,No Program Listed,Public,656
EGLE,EHB,Field Epidemiology Section,No Program Listed,Public,656
EGLE,EHB,Field Epidemiology Section,No Program Listed,Public,656
EGLE,EHB,Field Epidemiology Section,No Program Listed,Public,656
EGLE,EHB,Field Epidemiology Section,No Program Listed,Within EHB,656
EGLE,EHB,Field Epidemiology Section,No Program Listed,Within EHB,656
EGLE,EHB,Field Epidemiology Section,No Program Listed,Within EHB,656
EGLE,EHB,Field Epidemiology Section,No Program Listed,Within EHB,656
EGLE,EHB,Field Epidemiology Section,No Program Listed,Within EHB,656
EGLE,EHB,Field Epidemiology Section,No Program Listed,Within EHB,656
EGLE,EHB,Field Epidemiology Section,No Program Listed,Within EHB,656
EGLE,EHB,Field Epidemiology Section,No Program Listed,Within EHB,656
EGLE,EHB,Field Epidemiology Section,No Program Listed,Within EHB,656
EGLE,EHB,Field Epidemiology Section,No Program Listed,Within EHB,656
EGLE,EHB,Field Epidemiology Section,No Program Listed,Within EHB,656
EGLE,EHB,Field Epidemiology Section,No Program Listed,Within EHB,656
EGLE,EHB,Field Epidemiology Section,No Program Listed,Within EHB,656
EGLE,EHB,Field Epidemiology Section,No Program Listed,Within EHB,656
EGLE,EHB,Field Epidemiology Section,No Program Listed,Within EHB,656
EGLE,EHB,Field Epidemiology Section,No Program Listed,Within EHB,656
EGLE,EHB,Field Epidemiology Section,No Program Listed,Within EHB,656
EGLE,EHB,Field Epidemiology Section,No Program Listed,Within EHB,656
EGLE,EHB,Field Epidemiology Section,No Program Listed,Within EHB,656
EGLE,EHB,Field Epidemiology Section,No Program Listed,Within EHB,656
EGLE,EHB,Field Epidemiology Section,No Program Listed,Within EHB,656
External Program Partners,EHB,Field Epidemiology Section,No Program Listed,Public,656
External Program Partners,EHB,Field Epidemiology Section,No Program Listed,Public,656
External Program Partners,EHB,Field Epidemiology Section,No Program Listed,Public,656
External Program Partners,EHB,Field Epidemiology Section,No Program Listed,Public,656
External Program Partners,EHB,Field Epidemiology Section,No Program Listed,Public,656
External Program Partners,EHB,Field Epidemiology Section,No Program Listed,Public,656
External Program Partners,EHB,Field Epidemiology Section,No Program Listed,Public,656
External Program Partners,EHB,Field Epidemiology Section,No Program Listed,Public,656
External Program Partners,EHB,Field Epidemiology Section,No Program Listed,Public,656
External Program Partners,EHB,Field Epidemiology Section,No Program Listed,Public,656
External Program Partners,EHB,Field Epidemiology Section,No Program Listed,Public,656
External Program Partners,EHB,Field Epidemiology Section,No Program Listed,Public,656
External Program Partners,EHB,Field Epidemiology Section,No Program Listed,Public,656
External Program Partners,EHB,Field Epidemiology Section,No Program Listed,Public,656
External Program Partners,EHB,Field Epidemiology Section,No Program Listed,Public,656
External Program Partners,EHB,Field Epidemiology Section,No Program Listed,Public,656
External Program Partners,EHB,Field Epidemiology Section,No Program Listed,Public,656
External Program Partners,EHB,Field Epidemiology Section,No Program Listed,Public,656
External Program Partners,EHB,Field Epidemiology Section,No Program Listed,Public,656
External Program Partners,EHB,Field Epidemiology Section,No Program Listed,Public,656
External Program Partners,EHB,Field Epidemiology Section,No Program Listed,Public,656
External Program Partners,EHB,Field Epidemiology Section,No Program Listed,Within EHB,656
External Program Partners,EHB,Field Epidemiology Section,No Program Listed,Within EHB,656
External Program Partners,EHB,Field Epidemiology Section,No Program Listed,Within EHB,656
External Program Partners,EHB,Field Epidemiology Section,No Program Listed,Within EHB,656
External Program Partners,EHB,Field Epidemiology Section,No Program Listed,Within EHB,656
External Program Partners,EHB,Field Epidemiology Section,No Program Listed,Within EHB,656
External Program Partners,EHB,Field Epidemiology Section,No Program Listed,Within EHB,656
External Program Partners,EHB,Field Epidemiology Section,No Program Listed,Within EHB,656
External Program Partners,EHB,Field Epidemiology Section,No Program Listed,Within EHB,656
External Program Partners,EHB,Field Epidemiology Section,No Program Listed,Within EHB,656
External Program Partners,EHB,Field Epidemiology Section,No Program Listed,Within EHB,656
External Program Partners,EHB,Field Epidemiology Section,No Program Listed,Within EHB,656
External Program Partners,EHB,Field Epidemiology Section,No Program Listed,Within EHB,656
External Program Partners,EHB,Field Epidemiology Section,No Program Listed,Within EHB,656
External Program Partners,EHB,Field Epidemiology Section,No Program Listed,Within EHB,656
External Program Partners,EHB,Field Epidemiology Section,No Program Listed,Within EHB,656
External Program Partners,EHB,Field Epidemiology Section,No Program Listed,Within EHB,656
External Program Partners,EHB,Field Epidemiology Section,No Program Listed,Within EHB,656
External Program Partners,EHB,Field Epidemiology Section,No Program Listed,Within EHB,656
External Program Partners,EHB,Field Epidemiology Section,No Program Listed,Within EHB,656
External Program Partners,EHB,Field Epidemiology Section,No Program Listed,Within EHB,656
Public,EHB,Field Epidemiology Section,No Program Listed,Public,656
Public,EHB,Field Epidemiology Section,No Program Listed,Public,656
Public,EHB,Field Epidemiology Section,No Program Listed,Public,656
Public,EHB,Field Epidemiology Section,No Program Listed,Public,656
Public,EHB,Field Epidemiology Section,No Program Listed,Public,656
Public,EHB,Field Epidemiology Section,No Program Listed,Public,656
Public,EHB,Field Epidemiology Section,No Program Listed,Public,656
Public,EHB,Field Epidemiology Section,No Program Listed,Public,656
Public,EHB,Field Epidemiology Section,No Program Listed,Public,656
Public,EHB,Field Epidemiology Section,No Program Listed,Public,656
Public,EHB,Field Epidemiology Section,No Program Listed,Public,656
Public,EHB,Field Epidemiology Section,No Program Listed,Public,656
Public,EHB,Field Epidemiology Section,No Program Listed,Public,656
Public,EHB,Field Epidemiology Section,No Program Listed,Public,656
Public,EHB,Field Epidemiology Section,No Program Listed,Public,656
Public,EHB,Field Epidemiology Section,No Program Listed,Public,656
Public,EHB,Field Epidemiology Section,No Program Listed,Public,656
Public,EHB,Field Epidemiology Section,No Program Listed,Public,656
Public,EHB,Field Epidemiology Section,No Program Listed,Public,656
Public,EHB,Field Epidemiology Section,No Program Listed,Public,656
Public,EHB,Field Epidemiology Section,No Program Listed,Public,656
Public,EHB,Field Epidemiology Section,No Program Listed,Within EHB,656
Public,EHB,Field Epidemiology Section,No Program Listed,Within EHB,656
Public,EHB,Field Epidemiology Section,No Program Listed,Within EHB,656
Public,EHB,Field Epidemiology Section,No Program Listed,Within EHB,656
Public,EHB,Field Epidemiology Section,No Program Listed,Within EHB,656
Public,EHB,Field Epidemiology Section,No Program Listed,Within EHB,656
Public,EHB,Field Epidemiology Section,No Program Listed,Within EHB,656
Public,EHB,Field Epidemiology Section,No Program Listed,Within EHB,656
Public,EHB,Field Epidemiology Section,No Program Listed,Within EHB,656
Public,EHB,Field Epidemiology Section,No Program Listed,Within EHB,656
Public,EHB,Field Epidemiology Section,No Program Listed,Within EHB,656
Public,EHB,Field Epidemiology Section,No Program Listed,Within EHB,656
Public,EHB,Field Epidemiology Section,No Program Listed,Within EHB,656
Public,EHB,Field Epidemiology Section,No Program Listed,Within EHB,656
Public,EHB,Field Epidemiology Section,No Program Listed,Within EHB,656
Public,EHB,Field Epidemiology Section,No Program Listed,Within EHB,656
Public,EHB,Field Epidemiology Section,No Program Listed,Within EHB,656
Public,EHB,Field Epidemiology Section,No Program Listed,Within EHB,656
Public,EHB,Field Epidemiology Section,No Program Listed,Within EHB,656
Public,EHB,Field Epidemiology Section,No Program Listed,Within EHB,656
Public,EHB,Field Epidemiology Section,No Program Listed,Within EHB,656
EGLE,EHB,Field Epidemiology Section,No Program Listed,Public,656
EGLE,EHB,Field Epidemiology Section,No Program Listed,Public,656
EGLE,EHB,Field Epidemiology Section,No Program Listed,Public,656
EGLE,EHB,Field Epidemiology Section,No Program Listed,Public,656
EGLE,EHB,Field Epidemiology Section,No Program Listed,Public,656
EGLE,EHB,Field Epidemiology Section,No Program Listed,Public,656
EGLE,EHB,Field Epidemiology Section,No Program Listed,Public,656
EGLE,EHB,Field Epidemiology Section,No Program Listed,Public,656
EGLE,EHB,Field Epidemiology Section,No Program Listed,Public,656
EGLE,EHB,Field Epidemiology Section,No Program Listed,Public,656
EGLE,EHB,Field Epidemiology Section,No Program Listed,Public,656
EGLE,EHB,Field Epidemiology Section,No Program Listed,Public,656
EGLE,EHB,Field Epidemiology Section,No Program Listed,Public,656
EGLE,EHB,Field Epidemiology Section,No Program Listed,Public,656
EGLE,EHB,Field Epidemiology Section,No Program Listed,Public,656
EGLE,EHB,Field Epidemiology Section,No Program Listed,Public,656
EGLE,EHB,Field Epidemiology Section,No Program Listed,Public,656
EGLE,EHB,Field Epidemiology Section,No Program Listed,Public,656
EGLE,EHB,Field Epidemiology Section,No Program Listed,Public,656
EGLE,EHB,Field Epidemiology Section,No Program Listed,Public,656
EGLE,EHB,Field Epidemiology Section,No Program Listed,Public,656
EGLE,EHB,Field Epidemiology Section,No Program Listed,Within EHB,656
EGLE,EHB,Field Epidemiology Section,No Program Listed,Within EHB,656
EGLE,EHB,Field Epidemiology Section,No Program Listed,Within EHB,656
EGLE,EHB,Field Epidemiology Section,No Program Listed,Within EHB,656
EGLE,EHB,Field Epidemiology Section,No Program Listed,Within EHB,656
EGLE,EHB,Field Epidemiology Section,No Program Listed,Within EHB,656
EGLE,EHB,Field Epidemiology Section,No Program Listed,Within EHB,656
EGLE,EHB,Field Epidemiology Section,No Program Listed,Within EHB,656
EGLE,EHB,Field Epidemiology Section,No Program Listed,Within EHB,656
EGLE,EHB,Field Epidemiology Section,No Program Listed,Within EHB,656
EGLE,EHB,Field Epidemiology Section,No Program Listed,Within EHB,656
EGLE,EHB,Field Epidemiology Section,No Program Listed,Within EHB,656
EGLE,EHB,Field Epidemiology Section,No Program Listed,Within EHB,656
EGLE,EHB,Field Epidemiology Section,No Program Listed,Within EHB,656
EGLE,EHB,Field Epidemiology Section,No Program Listed,Within EHB,656
EGLE,EHB,Field Epidemiology Section,No Program Listed,Within EHB,656
EGLE,EHB,Field Epidemiology Section,No Program Listed,Within EHB,656
EGLE,EHB,Field Epidemiology Section,No Program Listed,Within EHB,656
EGLE,EHB,Field Epidemiology Section,No Program Listed,Within EHB,656
EGLE,EHB,Field Epidemiology Section,No Program Listed,Within EHB,656
EGLE,EHB,Field Epidemiology Section,No Program Listed,Within EHB,656
External Program Partners,EHB,Field Epidemiology Section,No Program Listed,Public,827
External Program Partners,EHB,Field Epidemiology Section,No Program Listed,Public,827
External Program Partners,EHB,Field Epidemiology Section,No Program Listed,Public,827
External Program Partners,EHB,Field Epidemiology Section,No Program Listed,Public,827
External Program Partners,EHB,Field Epidemiology Section,No Program Listed,Public,827
External Program Partners,EHB,Field Epidemiology Section,No Program Listed,Public,827
External Program Partners,EHB,Field Epidemiology Section,No Program Listed,Public,827
External Program Partners,EHB,Field Epidemiology Section,No Program Listed,Public,827
External Program Partners,EHB,Field Epidemiology Section,No Program Listed,Public,827
External Program Partners,EHB,Field Epidemiology Section,No Program Listed,Public,827
External Program Partners,EHB,Field Epidemiology Section,No Program Listed,Public,827
External Program Partners,EHB,Field Epidemiology Section,No Program Listed,Public,827
External Program Partners,EHB,Field Epidemiology Section,No Program Listed,Public,827
External Program Partners,EHB,Field Epidemiology Section,No Program Listed,Public,827
External Program Partners,EHB,Field Epidemiology Section,No Program Listed,Public,827
External Program Partners,EHB,Field Epidemiology Section,No Program Listed,Within EHB,827
External Program Partners,EHB,Field Epidemiology Section,No Program Listed,Within EHB,827
External Program Partners,EHB,Field Epidemiology Section,No Program Listed,Within EHB,827
External Program Partners,EHB,Field Epidemiology Section,No Program Listed,Within EHB,827
External Program Partners,EHB,Field Epidemiology Section,No Program Listed,Within EHB,827
External Program Partners,EHB,Field Epidemiology Section,No Program Listed,Within EHB,827
External Program Partners,EHB,Field Epidemiology Section,No Program Listed,Within EHB,827
External Program Partners,EHB,Field Epidemiology Section,No Program Listed,Within EHB,827
External Program Partners,EHB,Field Epidemiology Section,No Program Listed,Within EHB,827
External Program Partners,EHB,Field Epidemiology Section,No Program Listed,Within EHB,827
External Program Partners,EHB,Field Epidemiology Section,No Program Listed,Within EHB,827
External Program Partners,EHB,Field Epidemiology Section,No Program Listed,Within EHB,827
External Program Partners,EHB,Field Epidemiology Section,No Program Listed,Within EHB,827
External Program Partners,EHB,Field Epidemiology Section,No Program Listed,Within EHB,827
External Program Partners,EHB,Field Epidemiology Section,No Program Listed,Within EHB,827
Public,EHB,Field Epidemiology Section,No Program Listed,Public,827
Public,EHB,Field Epidemiology Section,No Program Listed,Public,827
Public,EHB,Field Epidemiology Section,No Program Listed,Public,827
Public,EHB,Field Epidemiology Section,No Program Listed,Public,827
Public,EHB,Field Epidemiology Section,No Program Listed,Public,827
Public,EHB,Field Epidemiology Section,No Program Listed,Public,827
Public,EHB,Field Epidemiology Section,No Program Listed,Public,827
Public,EHB,Field Epidemiology Section,No Program Listed,Public,827
Public,EHB,Field Epidemiology Section,No Program Listed,Public,827
Public,EHB,Field Epidemiology Section,No Program Listed,Public,827
Public,EHB,Field Epidemiology Section,No Program Listed,Public,827
Public,EHB,Field Epidemiology Section,No Program Listed,Public,827
Public,EHB,Field Epidemiology Section,No Program Listed,Public,827
Public,EHB,Field Epidemiology Section,No Program Listed,Public,827
Public,EHB,Field Epidemiology Section,No Program Listed,Public,827
Public,EHB,Field Epidemiology Section,No Program Listed,Within EHB,827
Public,EHB,Field Epidemiology Section,No Program Listed,Within EHB,827
Public,EHB,Field Epidemiology Section,No Program Listed,Within EHB,827
Public,EHB,Field Epidemiology Section,No Program Listed,Within EHB,827
Public,EHB,Field Epidemiology Section,No Program Listed,Within EHB,827
Public,EHB,Field Epidemiology Section,No Program Listed,Within EHB,827
Public,EHB,Field Epidemiology Section,No Program Listed,Within EHB,827
Public,EHB,Field Epidemiology Section,No Program Listed,Within EHB,827
Public,EHB,Field Epidemiology Section,No Program Listed,Within EHB,827
Public,EHB,Field Epidemiology Section,No Program Listed,Within EHB,827
Public,EHB,Field Epidemiology Section,No Program Listed,Within EHB,827
Public,EHB,Field Epidemiology Section,No Program Listed,Within EHB,827
Public,EHB,Field Epidemiology Section,No Program Listed,Within EHB,827
Public,EHB,Field Epidemiology Section,No Program Listed,Within EHB,827
Public,EHB,Field Epidemiology Section,No Program Listed,Within EHB,827
EGLE,EHB,Field Epidemiology Section,No Program Listed,Public,827
EGLE,EHB,Field Epidemiology Section,No Program Listed,Public,827
EGLE,EHB,Field Epidemiology Section,No Program Listed,Public,827
EGLE,EHB,Field Epidemiology Section,No Program Listed,Public,827
EGLE,EHB,Field Epidemiology Section,No Program Listed,Public,827
EGLE,EHB,Field Epidemiology Section,No Program Listed,Public,827
EGLE,EHB,Field Epidemiology Section,No Program Listed,Public,827
EGLE,EHB,Field Epidemiology Section,No Program Listed,Public,827
EGLE,EHB,Field Epidemiology Section,No Program Listed,Public,827
EGLE,EHB,Field Epidemiology Section,No Program Listed,Public,827
EGLE,EHB,Field Epidemiology Section,No Program Listed,Public,827
EGLE,EHB,Field Epidemiology Section,No Program Listed,Public,827
EGLE,EHB,Field Epidemiology Section,No Program Listed,Public,827
EGLE,EHB,Field Epidemiology Section,No Program Listed,Public,827
EGLE,EHB,Field Epidemiology Section,No Program Listed,Public,827
EGLE,EHB,Field Epidemiology Section,No Program Listed,Within EHB,827
EGLE,EHB,Field Epidemiology Section,No Program Listed,Within EHB,827
EGLE,EHB,Field Epidemiology Section,No Program Listed,Within EHB,827
EGLE,EHB,Field Epidemiology Section,No Program Listed,Within EHB,827
EGLE,EHB,Field Epidemiology Section,No Program Listed,Within EHB,827
EGLE,EHB,Field Epidemiology Section,No Program Listed,Within EHB,827
EGLE,EHB,Field Epidemiology Section,No Program Listed,Within EHB,827
EGLE,EHB,Field Epidemiology Section,No Program Listed,Within EHB,827
EGLE,EHB,Field Epidemiology Section,No Program Listed,Within EHB,827
EGLE,EHB,Field Epidemiology Section,No Program Listed,Within EHB,827
EGLE,EHB,Field Epidemiology Section,No Program Listed,Within EHB,827
EGLE,EHB,Field Epidemiology Section,No Program Listed,Within EHB,827
EGLE,EHB,Field Epidemiology Section,No Program Listed,Within EHB,827
EGLE,EHB,Field Epidemiology Section,No Program Listed,Within EHB,827
EGLE,EHB,Field Epidemiology Section,No Program Listed,Within EHB,827
External Program Partners,EHB,Field Epidemiology Section,No Program Listed,Public,827
External Program Partners,EHB,Field Epidemiology Section,No Program Listed,Public,827
External Program Partners,EHB,Field Epidemiology Section,No Program Listed,Public,827
External Program Partners,EHB,Field Epidemiology Section,No Program Listed,Public,827
External Program Partners,EHB,Field Epidemiology Section,No Program Listed,Public,827
External Program Partners,EHB,Field Epidemiology Section,No Program Listed,Public,827
External Program Partners,EHB,Field Epidemiology Section,No Program Listed,Public,827
External Program Partners,EHB,Field Epidemiology Section,No Program Listed,Public,827
External Program Partners,EHB,Field Epidemiology Section,No Program Listed,Public,827
External Program Partners,EHB,Field Epidemiology Section,No Program Listed,Public,827
External Program Partners,EHB,Field Epidemiology Section,No Program Listed,Public,827
External Program Partners,EHB,Field Epidemiology Section,No Program Listed,Public,827
External Program Partners,EHB,Field Epidemiology Section,No Program Listed,Public,827
External Program Partners,EHB,Field Epidemiology Section,No Program Listed,Public,827
External Program Partners,EHB,Field Epidemiology Section,No Program Listed,Public,827
External Program Partners,EHB,Field Epidemiology Section,No Program Listed,Within EHB,827
External Program Partners,EHB,Field Epidemiology Section,No Program Listed,Within EHB,827
External Program Partners,EHB,Field Epidemiology Section,No Program Listed,Within EHB,827
External Program Partners,EHB,Field Epidemiology Section,No Program Listed,Within EHB,827
External Program Partners,EHB,Field Epidemiology Section,No Program Listed,Within EHB,827
External Program Partners,EHB,Field Epidemiology Section,No Program Listed,Within EHB,827
External Program Partners,EHB,Field Epidemiology Section,No Program Listed,Within EHB,827
External Program Partners,EHB,Field Epidemiology Section,No Program Listed,Within EHB,827
External Program Partners,EHB,Field Epidemiology Section,No Program Listed,Within EHB,827
External Program Partners,EHB,Field Epidemiology Section,No Program Listed,Within EHB,827
External Program Partners,EHB,Field Epidemiology Section,No Program Listed,Within EHB,827
External Program Partners,EHB,Field Epidemiology Section,No Program Listed,Within EHB,827
External Program Partners,EHB,Field Epidemiology Section,No Program Listed,Within EHB,827
External Program Partners,EHB,Field Epidemiology Section,No Program Listed,Within EHB,827
External Program Partners,EHB,Field Epidemiology Section,No Program Listed,Within EHB,827
Public,EHB,Field Epidemiology Section,No Program Listed,Public,827
Public,EHB,Field Epidemiology Section,No Program Listed,Public,827
Public,EHB,Field Epidemiology Section,No Program Listed,Public,827
Public,EHB,Field Epidemiology Section,No Program Listed,Public,827
Public,EHB,Field Epidemiology Section,No Program Listed,Public,827
Public,EHB,Field Epidemiology Section,No Program Listed,Public,827
Public,EHB,Field Epidemiology Section,No Program Listed,Public,827
Public,EHB,Field Epidemiology Section,No Program Listed,Public,827
Public,EHB,Field Epidemiology Section,No Program Listed,Public,827
Public,EHB,Field Epidemiology Section,No Program Listed,Public,827
Public,EHB,Field Epidemiology Section,No Program Listed,Public,827
Public,EHB,Field Epidemiology Section,No Program Listed,Public,827
Public,EHB,Field Epidemiology Section,No Program Listed,Public,827
Public,EHB,Field Epidemiology Section,No Program Listed,Public,827
Public,EHB,Field Epidemiology Section,No Program Listed,Public,827
Public,EHB,Field Epidemiology Section,No Program Listed,Within EHB,827
Public,EHB,Field Epidemiology Section,No Program Listed,Within EHB,827
Public,EHB,Field Epidemiology Section,No Program Listed,Within EHB,827
Public,EHB,Field Epidemiology Section,No Program Listed,Within EHB,827
Public,EHB,Field Epidemiology Section,No Program Listed,Within EHB,827
Public,EHB,Field Epidemiology Section,No Program Listed,Within EHB,827
Public,EHB,Field Epidemiology Section,No Program Listed,Within EHB,827
Public,EHB,Field Epidemiology Section,No Program Listed,Within EHB,827
Public,EHB,Field Epidemiology Section,No Program Listed,Within EHB,827
Public,EHB,Field Epidemiology Section,No Program Listed,Within EHB,827
Public,EHB,Field Epidemiology Section,No Program Listed,Within EHB,827
Public,EHB,Field Epidemiology Section,No Program Listed,Within EHB,827
Public,EHB,Field Epidemiology Section,No Program Listed,Within EHB,827
Public,EHB,Field Epidemiology Section,No Program Listed,Within EHB,827
Public,EHB,Field Epidemiology Section,No Program Listed,Within EHB,827
EGLE,EHB,Field Epidemiology Section,No Program Listed,Public,827
EGLE,EHB,Field Epidemiology Section,No Program Listed,Public,827
EGLE,EHB,Field Epidemiology Section,No Program Listed,Public,827
EGLE,EHB,Field Epidemiology Section,No Program Listed,Public,827
EGLE,EHB,Field Epidemiology Section,No Program Listed,Public,827
EGLE,EHB,Field Epidemiology Section,No Program Listed,Public,827
EGLE,EHB,Field Epidemiology Section,No Program Listed,Public,827
EGLE,EHB,Field Epidemiology Section,No Program Listed,Public,827
EGLE,EHB,Field Epidemiology Section,No Program Listed,Public,827
EGLE,EHB,Field Epidemiology Section,No Program Listed,Public,827
EGLE,EHB,Field Epidemiology Section,No Program Listed,Public,827
EGLE,EHB,Field Epidemiology Section,No Program Listed,Public,827
EGLE,EHB,Field Epidemiology Section,No Program Listed,Public,827
EGLE,EHB,Field Epidemiology Section,No Program Listed,Public,827
EGLE,EHB,Field Epidemiology Section,No Program Listed,Public,827
EGLE,EHB,Field Epidemiology Section,No Program Listed,Within EHB,827
EGLE,EHB,Field Epidemiology Section,No Program Listed,Within EHB,827
EGLE,EHB,Field Epidemiology Section,No Program Listed,Within EHB,827
EGLE,EHB,Field Epidemiology Section,No Program Listed,Within EHB,827
EGLE,EHB,Field Epidemiology Section,No Program Listed,Within EHB,827
EGLE,EHB,Field Epidemiology Section,No Program Listed,Within EHB,827
EGLE,EHB,Field Epidemiology Section,No Program Listed,Within EHB,827
EGLE,EHB,Field Epidemiology Section,No Program Listed,Within EHB,827
EGLE,EHB,Field Epidemiology Section,No Program Listed,Within EHB,827
EGLE,EHB,Field Epidemiology Section,No Program Listed,Within EHB,827
EGLE,EHB,Field Epidemiology Section,No Program Listed,Within EHB,827
EGLE,EHB,Field Epidemiology Section,No Program Listed,Within EHB,827
EGLE,EHB,Field Epidemiology Section,No Program Listed,Within EHB,827
EGLE,EHB,Field Epidemiology Section,No Program Listed,Within EHB,827
EGLE,EHB,Field Epidemiology Section,No Program Listed,Within EHB,827
External Program Partners,EHB,Field Epidemiology Section,No Program Listed,Public,827
External Program Partners,EHB,Field Epidemiology Section,No Program Listed,Public,827
External Program Partners,EHB,Field Epidemiology Section,No Program Listed,Public,827
External Program Partners,EHB,Field Epidemiology Section,No Program Listed,Public,827
External Program Partners,EHB,Field Epidemiology Section,No Program Listed,Public,827
External Program Partners,EHB,Field Epidemiology Section,No Program Listed,Public,827
External Program Partners,EHB,Field Epidemiology Section,No Program Listed,Public,827
External Program Partners,EHB,Field Epidemiology Section,No Program Listed,Public,827
External Program Partners,EHB,Field Epidemiology Section,No Program Listed,Public,827
External Program Partners,EHB,Field Epidemiology Section,No Program Listed,Public,827
External Program Partners,EHB,Field Epidemiology Section,No Program Listed,Public,827
External Program Partners,EHB,Field Epidemiology Section,No Program Listed,Public,827
External Program Partners,EHB,Field Epidemiology Section,No Program Listed,Public,827
External Program Partners,EHB,Field Epidemiology Section,No Program Listed,Public,827
External Program Partners,EHB,Field Epidemiology Section,No Program Listed,Public,827
External Program Partners,EHB,Field Epidemiology Section,No Program Listed,Within EHB,827
External Program Partners,EHB,Field Epidemiology Section,No Program Listed,Within EHB,827
External Program Partners,EHB,Field Epidemiology Section,No Program Listed,Within EHB,827
External Program Partners,EHB,Field Epidemiology Section,No Program Listed,Within EHB,827
External Program Partners,EHB,Field Epidemiology Section,No Program Listed,Within EHB,827
External Program Partners,EHB,Field Epidemiology Section,No Program Listed,Within EHB,827
External Program Partners,EHB,Field Epidemiology Section,No Program Listed,Within EHB,827
External Program Partners,EHB,Field Epidemiology Section,No Program Listed,Within EHB,827
External Program Partners,EHB,Field Epidemiology Section,No Program Listed,Within EHB,827
External Program Partners,EHB,Field Epidemiology Section,No Program Listed,Within EHB,827
External Program Partners,EHB,Field Epidemiology Section,No Program Listed,Within EHB,827
External Program Partners,EHB,Field Epidemiology Section,No Program Listed,Within EHB,827
External Program Partners,EHB,Field Epidemiology Section,No Program Listed,Within EHB,827
External Program Partners,EHB,Field Epidemiology Section,No Program Listed,Within EHB,827
External Program Partners,EHB,Field Epidemiology Section,No Program Listed,Within EHB,827
Public,EHB,Field Epidemiology Section,No Program Listed,Public,827
Public,EHB,Field Epidemiology Section,No Program Listed,Public,827
Public,EHB,Field Epidemiology Section,No Program Listed,Public,827
Public,EHB,Field Epidemiology Section,No Program Listed,Public,827
Public,EHB,Field Epidemiology Section,No Program Listed,Public,827
Public,EHB,Field Epidemiology Section,No Program Listed,Public,827
Public,EHB,Field Epidemiology Section,No Program Listed,Public,827
Public,EHB,Field Epidemiology Section,No Program Listed,Public,827
Public,EHB,Field Epidemiology Section,No Program Listed,Public,827
Public,EHB,Field Epidemiology Section,No Program Listed,Public,827
Public,EHB,Field Epidemiology Section,No Program Listed,Public,827
Public,EHB,Field Epidemiology Section,No Program Listed,Public,827
Public,EHB,Field Epidemiology Section,No Program Listed,Public,827
Public,EHB,Field Epidemiology Section,No Program Listed,Public,827
Public,EHB,Field Epidemiology Section,No Program Listed,Public,827
Public,EHB,Field Epidemiology Section,No Program Listed,Within EHB,827
Public,EHB,Field Epidemiology Section,No Program Listed,Within EHB,827
Public,EHB,Field Epidemiology Section,No Program Listed,Within EHB,827
Public,EHB,Field Epidemiology Section,No Program Listed,Within EHB,827
Public,EHB,Field Epidemiology Section,No Program Listed,Within EHB,827
Public,EHB,Field Epidemiology Section,No Program Listed,Within EHB,827
Public,EHB,Field Epidemiology Section,No Program Listed,Within EHB,827
Public,EHB,Field Epidemiology Section,No Program Listed,Within EHB,827
Public,EHB,Field Epidemiology Section,No Program Listed,Within EHB,827
Public,EHB,Field Epidemiology Section,No Program Listed,Within EHB,827
Public,EHB,Field Epidemiology Section,No Program Listed,Within EHB,827
Public,EHB,Field Epidemiology Section,No Program Listed,Within EHB,827
Public,EHB,Field Epidemiology Section,No Program Listed,Within EHB,827
Public,EHB,Field Epidemiology Section,No Program Listed,Within EHB,827
Public,EHB,Field Epidemiology Section,No Program Listed,Within EHB,827
EGLE,EHB,Field Epidemiology Section,No Program Listed,Public,827
EGLE,EHB,Field Epidemiology Section,No Program Listed,Public,827
EGLE,EHB,Field Epidemiology Section,No Program Listed,Public,827
EGLE,EHB,Field Epidemiology Section,No Program Listed,Public,827
EGLE,EHB,Field Epidemiology Section,No Program Listed,Public,827
EGLE,EHB,Field Epidemiology Section,No Program Listed,Public,827
EGLE,EHB,Field Epidemiology Section,No Program Listed,Public,827
EGLE,EHB,Field Epidemiology Section,No Program Listed,Public,827
EGLE,EHB,Field Epidemiology Section,No Program Listed,Public,827
EGLE,EHB,Field Epidemiology Section,No Program Listed,Public,827
EGLE,EHB,Field Epidemiology Section,No Program Listed,Public,827
EGLE,EHB,Field Epidemiology Section,No Program Listed,Public,827
EGLE,EHB,Field Epidemiology Section,No Program Listed,Public,827
EGLE,EHB,Field Epidemiology Section,No Program Listed,Public,827
EGLE,EHB,Field Epidemiology Section,No Program Listed,Public,827
EGLE,EHB,Field Epidemiology Section,No Program Listed,Within EHB,827
EGLE,EHB,Field Epidemiology Section,No Program Listed,Within EHB,827
EGLE,EHB,Field Epidemiology Section,No Program Listed,Within EHB,827
EGLE,EHB,Field Epidemiology Section,No Program Listed,Within EHB,827
EGLE,EHB,Field Epidemiology Section,No Program Listed,Within EHB,827
EGLE,EHB,Field Epidemiology Section,No Program Listed,Within EHB,827
EGLE,EHB,Field Epidemiology Section,No Program Listed,Within EHB,827
EGLE,EHB,Field Epidemiology Section,No Program Listed,Within EHB,827
EGLE,EHB,Field Epidemiology Section,No Program Listed,Within EHB,827
EGLE,EHB,Field Epidemiology Section,No Program Listed,Within EHB,827
EGLE,EHB,Field Epidemiology Section,No Program Listed,Within EHB,827
EGLE,EHB,Field Epidemiology Section,No Program Listed,Within EHB,827
EGLE,EHB,Field Epidemiology Section,No Program Listed,Within EHB,827
EGLE,EHB,Field Epidemiology Section,No Program Listed,Within EHB,827
EGLE,EHB,Field Epidemiology Section,No Program Listed,Within EHB,827
External Program Partners,EHB,Field Epidemiology Section,No Program Listed,Public,827
External Program Partners,EHB,Field Epidemiology Section,No Program Listed,Public,827
External Program Partners,EHB,Field Epidemiology Section,No Program Listed,Public,827
External Program Partners,EHB,Field Epidemiology Section,No Program Listed,Public,827
External Program Partners,EHB,Field Epidemiology Section,No Program Listed,Public,827
External Program Partners,EHB,Field Epidemiology Section,No Program Listed,Public,827
External Program Partners,EHB,Field Epidemiology Section,No Program Listed,Public,827
External Program Partners,EHB,Field Epidemiology Section,No Program Listed,Public,827
External Program Partners,EHB,Field Epidemiology Section,No Program Listed,Public,827
External Program Partners,EHB,Field Epidemiology Section,No Program Listed,Public,827
External Program Partners,EHB,Field Epidemiology Section,No Program Listed,Public,827
External Program Partners,EHB,Field Epidemiology Section,No Program Listed,Public,827
External Program Partners,EHB,Field Epidemiology Section,No Program Listed,Public,827
External Program Partners,EHB,Field Epidemiology Section,No Program Listed,Public,827
External Program Partners,EHB,Field Epidemiology Section,No Program Listed,Public,827
External Program Partners,EHB,Field Epidemiology Section,No Program Listed,Within EHB,827
External Program Partners,EHB,Field Epidemiology Section,No Program Listed,Within EHB,827
External Program Partners,EHB,Field Epidemiology Section,No Program Listed,Within EHB,827
External Program Partners,EHB,Field Epidemiology Section,No Program Listed,Within EHB,827
External Program Partners,EHB,Field Epidemiology Section,No Program Listed,Within EHB,827
External Program Partners,EHB,Field Epidemiology Section,No Program Listed,Within EHB,827
External Program Partners,EHB,Field Epidemiology Section,No Program Listed,Within EHB,827
External Program Partners,EHB,Field Epidemiology Section,No Program Listed,Within EHB,827
External Program Partners,EHB,Field Epidemiology Section,No Program Listed,Within EHB,827
External Program Partners,EHB,Field Epidemiology Section,No Program Listed,Within EHB,827
External Program Partners,EHB,Field Epidemiology Section,No Program Listed,Within EHB,827
External Program Partners,EHB,Field Epidemiology Section,No Program Listed,Within EHB,827
External Program Partners,EHB,Field Epidemiology Section,No Program Listed,Within EHB,827
External Program Partners,EHB,Field Epidemiology Section,No Program Listed,Within EHB,827
External Program Partners,EHB,Field Epidemiology Section,No Program Listed,Within EHB,827
Public,EHB,Field Epidemiology Section,No Program Listed,Public,827
Public,EHB,Field Epidemiology Section,No Program Listed,Public,827
Public,EHB,Field Epidemiology Section,No Program Listed,Public,827
Public,EHB,Field Epidemiology Section,No Program Listed,Public,827
Public,EHB,Field Epidemiology Section,No Program Listed,Public,827
Public,EHB,Field Epidemiology Section,No Program Listed,Public,827
Public,EHB,Field Epidemiology Section,No Program Listed,Public,827
Public,EHB,Field Epidemiology Section,No Program Listed,Public,827
Public,EHB,Field Epidemiology Section,No Program Listed,Public,827
Public,EHB,Field Epidemiology Section,No Program Listed,Public,827
Public,EHB,Field Epidemiology Section,No Program Listed,Public,827
Public,EHB,Field Epidemiology Section,No Program Listed,Public,827
Public,EHB,Field Epidemiology Section,No Program Listed,Public,827
Public,EHB,Field Epidemiology Section,No Program Listed,Public,827
Public,EHB,Field Epidemiology Section,No Program Listed,Public,827
Public,EHB,Field Epidemiology Section,No Program Listed,Within EHB,827
Public,EHB,Field Epidemiology Section,No Program Listed,Within EHB,827
Public,EHB,Field Epidemiology Section,No Program Listed,Within EHB,827
Public,EHB,Field Epidemiology Section,No Program Listed,Within EHB,827
Public,EHB,Field Epidemiology Section,No Program Listed,Within EHB,827
Public,EHB,Field Epidemiology Section,No Program Listed,Within EHB,827
Public,EHB,Field Epidemiology Section,No Program Listed,Within EHB,827
Public,EHB,Field Epidemiology Section,No Program Listed,Within EHB,827
Public,EHB,Field Epidemiology Section,No Program Listed,Within EHB,827
Public,EHB,Field Epidemiology Section,No Program Listed,Within EHB,827
Public,EHB,Field Epidemiology Section,No Program Listed,Within EHB,827
Public,EHB,Field Epidemiology Section,No Program Listed,Within EHB,827
Public,EHB,Field Epidemiology Section,No Program Listed,Within EHB,827
Public,EHB,Field Epidemiology Section,No Program Listed,Within EHB,827
Public,EHB,Field Epidemiology Section,No Program Listed,Within EHB,827
EGLE,EHB,Field Epidemiology Section,No Program Listed,Public,827
EGLE,EHB,Field Epidemiology Section,No Program Listed,Public,827
EGLE,EHB,Field Epidemiology Section,No Program Listed,Public,827
EGLE,EHB,Field Epidemiology Section,No Program Listed,Public,827
EGLE,EHB,Field Epidemiology Section,No Program Listed,Public,827
EGLE,EHB,Field Epidemiology Section,No Program Listed,Public,827
EGLE,EHB,Field Epidemiology Section,No Program Listed,Public,827
EGLE,EHB,Field Epidemiology Section,No Program Listed,Public,827
EGLE,EHB,Field Epidemiology Section,No Program Listed,Public,827
EGLE,EHB,Field Epidemiology Section,No Program Listed,Public,827
EGLE,EHB,Field Epidemiology Section,No Program Listed,Public,827
EGLE,EHB,Field Epidemiology Section,No Program Listed,Public,827
EGLE,EHB,Field Epidemiology Section,No Program Listed,Public,827
EGLE,EHB,Field Epidemiology Section,No Program Listed,Public,827
EGLE,EHB,Field Epidemiology Section,No Program Listed,Public,827
EGLE,EHB,Field Epidemiology Section,No Program Listed,Within EHB,827
EGLE,EHB,Field Epidemiology Section,No Program Listed,Within EHB,827
EGLE,EHB,Field Epidemiology Section,No Program Listed,Within EHB,827
EGLE,EHB,Field Epidemiology Section,No Program Listed,Within EHB,827
EGLE,EHB,Field Epidemiology Section,No Program Listed,Within EHB,827
EGLE,EHB,Field Epidemiology Section,No Program Listed,Within EHB,827
EGLE,EHB,Field Epidemiology Section,No Program Listed,Within EHB,827
EGLE,EHB,Field Epidemiology Section,No Program Listed,Within EHB,827
EGLE,EHB,Field Epidemiology Section,No Program Listed,Within EHB,827
EGLE,EHB,Field Epidemiology Section,No Program Listed,Within EHB,827
EGLE,EHB,Field Epidemiology Section,No Program Listed,Within EHB,827
EGLE,EHB,Field Epidemiology Section,No Program Listed,Within EHB,827
EGLE,EHB,Field Epidemiology Section,No Program Listed,Within EHB,827
EGLE,EHB,Field Epidemiology Section,No Program Listed,Within EHB,827
EGLE,EHB,Field Epidemiology Section,No Program Listed,Within EHB,827
MDHHS-Owned System,EHB,Environmental Epidemiology and Analytics Section,No Program Listed,LHDs,687
EHB,EHB,"Biomonitoring, Epidemiology and Response Section",No Program Listed,Other Areas of MDHHS,49
EHB,EHB,"Biomonitoring, Epidemiology and Response Section",No Program Listed,Other Areas of MDHHS,274
EHB,EHB,"Biomonitoring, Epidemiology and Response Section",No Program Listed,LHDs,274
EHB,EHB,Lead Certification and Compliance Assurance Section,No Program Listed,External Program Partners,120
EHB,EHB,Lead Certification and Compliance Assurance Section,No Program Listed,External Program Partners,120
External Program Partners,EHB,Lead Certification and Compliance Assurance Section,No Program Listed,External Program Partners,120
External Program Partners,EHB,Lead Certification and Compliance Assurance Section,No Program Listed,External Program Partners,120
MDHHS-Owned System,EHB,Lead Certification and Compliance Assurance Section,No Program Listed,Within EHB,211
MDHHS-Owned System,EHB,Lead Certification and Compliance Assurance Section,No Program Listed,Within EHB,211
Email/PDF/Phone Calls,EHB,Lead Certification and Compliance Assurance Section,No Program Listed,Within EHB,470
Email/PDF/Phone Calls,EHB,Lead Certification and Compliance Assurance Section,No Program Listed,Within EHB,470
Email/PDF/Phone Calls,EHB,Lead Certification and Compliance Assurance Section,No Program Listed,Within EHB,470
Email/PDF/Phone Calls,EHB,Lead Certification and Compliance Assurance Section,No Program Listed,Within EHB,470
External Program Partners,EHB,Lead Certification and Compliance Assurance Section,No Program Listed,Within EHB,470
External Program Partners,EHB,Lead Certification and Compliance Assurance Section,No Program Listed,Within EHB,470
External Program Partners,EHB,Lead Certification and Compliance Assurance Section,No Program Listed,Within EHB,470
External Program Partners,EHB,Lead Certification and Compliance Assurance Section,No Program Listed,Within EHB,470
Other Areas of MDHHS,EHB,Lead Certification and Compliance Assurance Section,No Program Listed,Within EHB,470
Other Areas of MDHHS,EHB,Lead Certification and Compliance Assurance Section,No Program Listed,Within EHB,470
Other Areas of MDHHS,EHB,Lead Certification and Compliance Assurance Section,No Program Listed,Within EHB,470
Other Areas of MDHHS,EHB,Lead Certification and Compliance Assurance Section,No Program Listed,Within EHB,470
EHB,EHB,Lead Certification and Compliance Assurance Section,No Program Listed,Within EHB,456
EHB,EHB,Lead Certification and Compliance Assurance Section,No Program Listed,,909
EHB,EHB,Lead Certification and Compliance Assurance Section,No Program Listed,,706
EHB,EHB,Lead Certification and Compliance Assurance Section,No Program Listed,,706
External Program Partners,EHB,Chemical Planning and Response Section,Filter Safety Net Program,Other Areas of MDHHS,616
External Program Partners,EHB,Chemical Planning and Response Section,Filter Safety Net Program,Other Areas of MDHHS,616
External Program Partners,EHB,Chemical Planning and Response Section,Filter Safety Net Program,External Program Partners,616
External Program Partners,EHB,Chemical Planning and Response Section,Filter Safety Net Program,External Program Partners,616
External Program Partners,EHB,Chemical Planning and Response Section,Filter Safety Net Program,Within EHB,616
External Program Partners,EHB,Chemical Planning and Response Section,Filter Safety Net Program,Within EHB,616
State of Michigan,EHB,Chemical Planning and Response Section,Filters for Foster Care Program,Other Areas of MDHHS,577
State of Michigan,EHB,Chemical Planning and Response Section,Filters for Foster Care Program,Other Areas of MDHHS,577
State of Michigan,EHB,Chemical Planning and Response Section,Filters for Foster Care Program,Other Areas of MDHHS,577
External Program Partners,EHB,Chemical Planning and Response Section,Filters for Foster Care Program,External Program Partners,374
External Program Partners,EHB,Chemical Planning and Response Section,Filters for Foster Care Program,External Program Partners,374
External Program Partners,EHB,Chemical Planning and Response Section,Filters for Foster Care Program,External Program Partners,374
External Program Partners,EHB,Chemical Planning and Response Section,Filters for Foster Care Program,External Program Partners,374
Federal Partners,EHB,Chemical Planning and Response Section,Mercury Spill Response Program,Public,614
Federal Partners,EHB,Chemical Planning and Response Section,Mercury Spill Response Program,LHDs,614
Federal Partners,EHB,Chemical Planning and Response Section,Mercury Spill Response Program,Federal Partners,614
External Program Partners,EHB,Chemical Planning and Response Section,Vapor Intrusion Program,Public,702
External Program Partners,EHB,Chemical Planning and Response Section,Vapor Intrusion Program,Public,702
External Program Partners,EHB,Chemical Planning and Response Section,Vapor Intrusion Program,LHDs,702
External Program Partners,EHB,Chemical Planning and Response Section,Vapor Intrusion Program,LHDs,702
External Program Partners,EHB,Chemical Planning and Response Section,Vapor Intrusion Program,Within EGLE,702
External Program Partners,EHB,Chemical Planning and Response Section,Vapor Intrusion Program,Within EGLE,702
External Program Partners,EHB,Chemical Planning and Response Section,Vapor Intrusion Program,Federal Partners,702
External Program Partners,EHB,Chemical Planning and Response Section,Vapor Intrusion Program,Federal Partners,702
EGLE,EHB,Chemical Planning and Response Section,Vapor Intrusion Program,Public,702
EGLE,EHB,Chemical Planning and Response Section,Vapor Intrusion Program,Public,702
EGLE,EHB,Chemical Planning and Response Section,Vapor Intrusion Program,LHDs,702
EGLE,EHB,Chemical Planning and Response Section,Vapor Intrusion Program,LHDs,702
EGLE,EHB,Chemical Planning and Response Section,Vapor Intrusion Program,Within EGLE,702
EGLE,EHB,Chemical Planning and Response Section,Vapor Intrusion Program,Within EGLE,702
EGLE,EHB,Chemical Planning and Response Section,Vapor Intrusion Program,Federal Partners,702
EGLE,EHB,Chemical Planning and Response Section,Vapor Intrusion Program,Federal Partners,702
Federal Partners,EHB,Chemical Planning and Response Section,Vapor Intrusion Program,Public,702
Federal Partners,EHB,Chemical Planning and Response Section,Vapor Intrusion Program,Public,702
Federal Partners,EHB,Chemical Planning and Response Section,Vapor Intrusion Program,LHDs,702
Federal Partners,EHB,Chemical Planning and Response Section,Vapor Intrusion Program,LHDs,702
Federal Partners,EHB,Chemical Planning and Response Section,Vapor Intrusion Program,Within EGLE,702
Federal Partners,EHB,Chemical Planning and Response Section,Vapor Intrusion Program,Within EGLE,702
Federal Partners,EHB,Chemical Planning and Response Section,Vapor Intrusion Program,Federal Partners,702
Federal Partners,EHB,Chemical Planning and Response Section,Vapor Intrusion Program,Federal Partners,702
Email/PDF/Phone Calls,EHB,Chemical Planning and Response Section,Vapor Intrusion Program,Public,702
Email/PDF/Phone Calls,EHB,Chemical Planning and Response Section,Vapor Intrusion Program,Public,702
Email/PDF/Phone Calls,EHB,Chemical Planning and Response Section,Vapor Intrusion Program,LHDs,702
Email/PDF/Phone Calls,EHB,Chemical Planning and Response Section,Vapor Intrusion Program,LHDs,702
Email/PDF/Phone Calls,EHB,Chemical Planning and Response Section,Vapor Intrusion Program,Within EGLE,702
Email/PDF/Phone Calls,EHB,Chemical Planning and Response Section,Vapor Intrusion Program,Within EGLE,702
Email/PDF/Phone Calls,EHB,Chemical Planning and Response Section,Vapor Intrusion Program,Federal Partners,702
Email/PDF/Phone Calls,EHB,Chemical Planning and Response Section,Vapor Intrusion Program,Federal Partners,702
VRHS,EHB,Chemical Planning and Response Section,No Program Listed,Researchers,200
VRHS,EHB,Chemical Planning and Response Section,No Program Listed,Researchers,200
VRHS,EHB,Chemical Planning and Response Section,No Program Listed,Federal Partners,200
VRHS,EHB,Chemical Planning and Response Section,No Program Listed,Federal Partners,200
External Program Partners,EHB,Chemical Planning and Response Section,No Program Listed,Researchers,200
External Program Partners,EHB,Chemical Planning and Response Section,No Program Listed,Researchers,200
External Program Partners,EHB,Chemical Planning and Response Section,No Program Listed,Federal Partners,200
External Program Partners,EHB,Chemical Planning and Response Section,No Program Listed,Federal Partners,200
EHB,EHB,Chemical Planning and Response Section,No Program Listed,Researchers,200
EHB,EHB,Chemical Planning and Response Section,No Program Listed,Researchers,200
EHB,EHB,Chemical Planning and Response Section,No Program Listed,Federal Partners,200
EHB,EHB,Chemical Planning and Response Section,No Program Listed,Federal Partners,200
EHB,EHB,Chemical Planning and Response Section,No Program Listed,Other Areas of MDHHS,126
EHB,EHB,Chemical Planning and Response Section,No Program Listed,Other Areas of MDHHS,126
EHB,EHB,Chemical Planning and Response Section,No Program Listed,Other Areas of MDHHS,126
EHB,EHB,Chemical Planning and Response Section,No Program Listed,Other Areas of MDHHS,126
EHB,EHB,Chemical Planning and Response Section,No Program Listed,Other Areas of MDHHS,126
EHB,EHB,Chemical Planning and Response Section,No Program Listed,Other Areas of MDHHS,126
EHB,EHB,Chemical Planning and Response Section,No Program Listed,Other Areas of MDHHS,393
Public,EHB,Chemical Planning and Response Section,No Program Listed,Other Areas of MDHHS,118
Public,EHB,Chemical Planning and Response Section,No Program Listed,Other Areas of MDHHS,118
Public,EHB,Chemical Planning and Response Section,No Program Listed,Other Areas of MDHHS,118
Public,EHB,Chemical Planning and Response Section,No Program Listed,Other Areas of MDHHS,447
Public,EHB,Chemical Planning and Response Section,No Program Listed,Other Areas of MDHHS,447
Public,EHB,Chemical Planning and Response Section,No Program Listed,Other Areas of MDHHS,447
Public,EHB,Chemical Planning and Response Section,No Program Listed,Other Areas of MDHHS,447
Public,EHB,Chemical Planning and Response Section,No Program Listed,Other Areas of MDHHS,447
Public,EHB,Chemical Planning and Response Section,No Program Listed,Other Areas of MDHHS,447
EGLE,EHB,Chemical Planning and Response Section,Drinking Water Program,Other Areas of MDHHS,874
EGLE,EHB,Chemical Planning and Response Section,Drinking Water Program,Other Areas of MDHHS,874
EGLE,EHB,Chemical Planning and Response Section,Drinking Water Program,Other Areas of MDHHS,874
EGLE,EHB,Chemical Planning and Response Section,Drinking Water Program,Other Areas of MDHHS,874
EGLE,EHB,Chemical Planning and Response Section,Drinking Water Program,Other Areas of MDHHS,874
EGLE,EHB,Chemical Planning and Response Section,Drinking Water Program,Other Areas of MDHHS,874
EGLE,EHB,Chemical Planning and Response Section,Drinking Water Program,Other Areas of MDHHS,874
EGLE,EHB,Chemical Planning and Response Section,Drinking Water Program,Other Areas of MDHHS,874
EGLE,EHB,Chemical Planning and Response Section,Drinking Water Program,Other Areas of MDHHS,874
EGLE,EHB,Chemical Planning and Response Section,Drinking Water Program,Other Areas of MDHHS,874
EGLE,EHB,Chemical Planning and Response Section,Drinking Water Program,Other Areas of MDHHS,874
EGLE,EHB,Chemical Planning and Response Section,Drinking Water Program,Other Areas of MDHHS,874
LHDs,EHB,Chemical Planning and Response Section,Drinking Water Program,Other Areas of MDHHS,874
LHDs,EHB,Chemical Planning and Response Section,Drinking Water Program,Other Areas of MDHHS,874
LHDs,EHB,Chemical Planning and Response Section,Drinking Water Program,Other Areas of MDHHS,874
LHDs,EHB,Chemical Planning and Response Section,Drinking Water Program,Other Areas of MDHHS,874
LHDs,EHB,Chemical Planning and Response Section,Drinking Water Program,Other Areas of MDHHS,874
LHDs,EHB,Chemical Planning and Response Section,Drinking Water Program,Other Areas of MDHHS,874
LHDs,EHB,Chemical Planning and Response Section,Drinking Water Program,Other Areas of MDHHS,874
LHDs,EHB,Chemical Planning and Response Section,Drinking Water Program,Other Areas of MDHHS,874
LHDs,EHB,Chemical Planning and Response Section,Drinking Water Program,Other Areas of MDHHS,874
LHDs,EHB,Chemical Planning and Response Section,Drinking Water Program,Other Areas of MDHHS,874
LHDs,EHB,Chemical Planning and Response Section,Drinking Water Program,Other Areas of MDHHS,874
LHDs,EHB,Chemical Planning and Response Section,Drinking Water Program,Other Areas of MDHHS,874
EHB,EHB,Chemical Planning and Response Section,Drinking Water Program,Other Areas of MDHHS,874
EHB,EHB,Chemical Planning and Response Section,Drinking Water Program,Other Areas of MDHHS,874
EHB,EHB,Chemical Planning and Response Section,Drinking Water Program,Other Areas of MDHHS,874
EHB,EHB,Chemical Planning and Response Section,Drinking Water Program,Other Areas of MDHHS,874
EHB,EHB,Chemical Planning and Response Section,Drinking Water Program,Other Areas of MDHHS,874
EHB,EHB,Chemical Planning and Response Section,Drinking Water Program,Other Areas of MDHHS,874
EHB,EHB,Chemical Planning and Response Section,Drinking Water Program,Other Areas of MDHHS,874
EHB,EHB,Chemical Planning and Response Section,Drinking Water Program,Other Areas of MDHHS,874
EHB,EHB,Chemical Planning and Response Section,Drinking Water Program,Other Areas of MDHHS,874
EHB,EHB,Chemical Planning and Response Section,Drinking Water Program,Other Areas of MDHHS,874
EHB,EHB,Chemical Planning and Response Section,Drinking Water Program,Other Areas of MDHHS,874
EHB,EHB,Chemical Planning and Response Section,Drinking Water Program,Other Areas of MDHHS,874
EHB,EHB,Chemical Planning and Response Section,Drinking Water Program,Other Areas of MDHHS,603
EHB,EHB,Chemical Planning and Response Section,Drinking Water Program,Other Areas of MDHHS,121
EHB,EHB,Chemical Planning and Response Section,Drinking Water Program,Other Areas of MDHHS,121
External Program Partners,EHB,Chemical Planning and Response Section,Drinking Water Program,Other Areas of MDHHS,510
External Program Partners,EHB,Chemical Planning and Response Section,Drinking Water Program,Other Areas of MDHHS,510
External Program Partners,EHB,Chemical Planning and Response Section,Drinking Water Program,Other Areas of MDHHS,510
External Program Partners,EHB,Chemical Planning and Response Section,Drinking Water Program,Other Areas of MDHHS,510
External Program Partners,EHB,Chemical Planning and Response Section,Drinking Water Program,Other Areas of MDHHS,510
External Program Partners,EHB,Chemical Planning and Response Section,Drinking Water Program,Other Areas of MDHHS,510
External Program Partners,EHB,Chemical Planning and Response Section,Drinking Water Program,External Program Partners,510
External Program Partners,EHB,Chemical Planning and Response Section,Drinking Water Program,External Program Partners,510
External Program Partners,EHB,Chemical Planning and Response Section,Drinking Water Program,External Program Partners,510
External Program Partners,EHB,Chemical Planning and Response Section,Drinking Water Program,External Program Partners,510
External Program Partners,EHB,Chemical Planning and Response Section,Drinking Water Program,External Program Partners,510
External Program Partners,EHB,Chemical Planning and Response Section,Drinking Water Program,External Program Partners,510
External Program Partners,EHB,Chemical Planning and Response Section,Drinking Water Program,Public,510
External Program Partners,EHB,Chemical Planning and Response Section,Drinking Water Program,Public,510
External Program Partners,EHB,Chemical Planning and Response Section,Drinking Water Program,Public,510
External Program Partners,EHB,Chemical Planning and Response Section,Drinking Water Program,Public,510
External Program Partners,EHB,Chemical Planning and Response Section,Drinking Water Program,Public,510
External Program Partners,EHB,Chemical Planning and Response Section,Drinking Water Program,Public,510
EGLE,EHB,Chemical Planning and Response Section,Drinking Water Program,Other Areas of MDHHS,510
EGLE,EHB,Chemical Planning and Response Section,Drinking Water Program,Other Areas of MDHHS,510
EGLE,EHB,Chemical Planning and Response Section,Drinking Water Program,Other Areas of MDHHS,510
EGLE,EHB,Chemical Planning and Response Section,Drinking Water Program,Other Areas of MDHHS,510
EGLE,EHB,Chemical Planning and Response Section,Drinking Water Program,Other Areas of MDHHS,510
EGLE,EHB,Chemical Planning and Response Section,Drinking Water Program,Other Areas of MDHHS,510
EGLE,EHB,Chemical Planning and Response Section,Drinking Water Program,External Program Partners,510
EGLE,EHB,Chemical Planning and Response Section,Drinking Water Program,External Program Partners,510
EGLE,EHB,Chemical Planning and Response Section,Drinking Water Program,External Program Partners,510
EGLE,EHB,Chemical Planning and Response Section,Drinking Water Program,External Program Partners,510
EGLE,EHB,Chemical Planning and Response Section,Drinking Water Program,External Program Partners,510
EGLE,EHB,Chemical Planning and Response Section,Drinking Water Program,External Program Partners,510
EGLE,EHB,Chemical Planning and Response Section,Drinking Water Program,Public,510
EGLE,EHB,Chemical Planning and Response Section,Drinking Water Program,Public,510
EGLE,EHB,Chemical Planning and Response Section,Drinking Water Program,Public,510
EGLE,EHB,Chemical Planning and Response Section,Drinking Water Program,Public,510
EGLE,EHB,Chemical Planning and Response Section,Drinking Water Program,Public,510
EGLE,EHB,Chemical Planning and Response Section,Drinking Water Program,Public,510
EGLE,EHB,Chemical Planning and Response Section,Drinking Water Program,Other Areas of MDHHS,692
EGLE,EHB,Chemical Planning and Response Section,Drinking Water Program,Other Areas of MDHHS,692
EHB,EHB,Chemical Planning and Response Section,Drinking Water Program,Other Areas of MDHHS,692
EHB,EHB,Chemical Planning and Response Section,Drinking Water Program,Other Areas of MDHHS,692
EGLE,EHB,Chemical Planning and Response Section,Drinking Water Program,Other Areas of MDHHS,692
EGLE,EHB,Chemical Planning and Response Section,Drinking Water Program,Other Areas of MDHHS,692
EHB,EHB,Chemical Planning and Response Section,Drinking Water Program,Other Areas of MDHHS,692
EHB,EHB,Chemical Planning and Response Section,Drinking Water Program,Other Areas of MDHHS,692
Other Areas of MDHHS,EHB,Chemical Planning and Response Section,Drinking Water Program,Other Areas of MDHHS,398
Other Areas of MDHHS,EHB,Chemical Planning and Response Section,Drinking Water Program,Other Areas of MDHHS,398
Other Areas of MDHHS,EHB,Chemical Planning and Response Section,Drinking Water Program,Other Areas of MDHHS,398
Other Areas of MDHHS,EHB,Chemical Planning and Response Section,Drinking Water Program,Other Areas of MDHHS,398
Other Areas of MDHHS,EHB,Chemical Planning and Response Section,Drinking Water Program,Other Areas of MDHHS,398
Other Areas of MDHHS,EHB,Chemical Planning and Response Section,Drinking Water Program,Other Areas of MDHHS,398
Other Areas of MDHHS,EHB,Chemical Planning and Response Section,Drinking Water Program,Other Areas of MDHHS,398
Other Areas of MDHHS,EHB,Chemical Planning and Response Section,Drinking Water Program,Other Areas of MDHHS,398
Other Areas of MDHHS,EHB,Chemical Planning and Response Section,Drinking Water Program,Other Areas of MDHHS,398
Other Areas of MDHHS,EHB,Chemical Planning and Response Section,Drinking Water Program,Other Areas of MDHHS,398
Other Areas of MDHHS,EHB,Chemical Planning and Response Section,Drinking Water Program,Other Areas of MDHHS,398
Other Areas of MDHHS,EHB,Chemical Planning and Response Section,Drinking Water Program,Other Areas of MDHHS,398
EGLE,EHB,Chemical Planning and Response Section,Drinking Water Program,Other Areas of MDHHS,398
EGLE,EHB,Chemical Planning and Response Section,Drinking Water Program,Other Areas of MDHHS,398
EGLE,EHB,Chemical Planning and Response Section,Drinking Water Program,Other Areas of MDHHS,398
EGLE,EHB,Chemical Planning and Response Section,Drinking Water Program,Other Areas of MDHHS,398
EGLE,EHB,Chemical Planning and Response Section,Drinking Water Program,Other Areas of MDHHS,398
EGLE,EHB,Chemical Planning and Response Section,Drinking Water Program,Other Areas of MDHHS,398
EGLE,EHB,Chemical Planning and Response Section,Drinking Water Program,Other Areas of MDHHS,398
EGLE,EHB,Chemical Planning and Response Section,Drinking Water Program,Other Areas of MDHHS,398
EGLE,EHB,Chemical Planning and Response Section,Drinking Water Program,Other Areas of MDHHS,398
EGLE,EHB,Chemical Planning and Response Section,Drinking Water Program,Other Areas of MDHHS,398
EGLE,EHB,Chemical Planning and Response Section,Drinking Water Program,Other Areas of MDHHS,398
EGLE,EHB,Chemical Planning and Response Section,Drinking Water Program,Other Areas of MDHHS,398
External Program Partners,EHB,Chemical Planning and Response Section,Drinking Water Program,Other Areas of MDHHS,398
External Program Partners,EHB,Chemical Planning and Response Section,Drinking Water Program,Other Areas of MDHHS,398
External Program Partners,EHB,Chemical Planning and Response Section,Drinking Water Program,Other Areas of MDHHS,398
External Program Partners,EHB,Chemical Planning and Response Section,Drinking Water Program,Other Areas of MDHHS,398
External Program Partners,EHB,Chemical Planning and Response Section,Drinking Water Program,Other Areas of MDHHS,398
External Program Partners,EHB,Chemical Planning and Response Section,Drinking Water Program,Other Areas of MDHHS,398
External Program Partners,EHB,Chemical Planning and Response Section,Drinking Water Program,Other Areas of MDHHS,398
External Program Partners,EHB,Chemical Planning and Response Section,Drinking Water Program,Other Areas of MDHHS,398
External Program Partners,EHB,Chemical Planning and Response Section,Drinking Water Program,Other Areas of MDHHS,398
External Program Partners,EHB,Chemical Planning and Response Section,Drinking Water Program,Other Areas of MDHHS,398
External Program Partners,EHB,Chemical Planning and Response Section,Drinking Water Program,Other Areas of MDHHS,398
External Program Partners,EHB,Chemical Planning and Response Section,Drinking Water Program,Other Areas of MDHHS,398
LHDs,EHB,Chemical Planning and Response Section,Drinking Water Program,Other Areas of MDHHS,398
LHDs,EHB,Chemical Planning and Response Section,Drinking Water Program,Other Areas of MDHHS,398
LHDs,EHB,Chemical Planning and Response Section,Drinking Water Program,Other Areas of MDHHS,398
LHDs,EHB,Chemical Planning and Response Section,Drinking Water Program,Other Areas of MDHHS,398
LHDs,EHB,Chemical Planning and Response Section,Drinking Water Program,Other Areas of MDHHS,398
LHDs,EHB,Chemical Planning and Response Section,Drinking Water Program,Other Areas of MDHHS,398
LHDs,EHB,Chemical Planning and Response Section,Drinking Water Program,Other Areas of MDHHS,398
LHDs,EHB,Chemical Planning and Response Section,Drinking Water Program,Other Areas of MDHHS,398
LHDs,EHB,Chemical Planning and Response Section,Drinking Water Program,Other Areas of MDHHS,398
LHDs,EHB,Chemical Planning and Response Section,Drinking Water Program,Other Areas of MDHHS,398
LHDs,EHB,Chemical Planning and Response Section,Drinking Water Program,Other Areas of MDHHS,398
LHDs,EHB,Chemical Planning and Response Section,Drinking Water Program,Other Areas of MDHHS,398
EHB,EHB,Chemical Planning and Response Section,Drinking Water Program,Other Areas of MDHHS,287
EHB,EHB,Chemical Planning and Response Section,Drinking Water Program,Other Areas of MDHHS,287
EHB,EHB,Community Education and Outreach Section,No Program Listed,Other Areas of MDHHS,636
EHB,EHB,Community Education and Outreach Section,No Program Listed,Other Areas of MDHHS,628
,EHB,Community Education and Outreach Section,No Program Listed,Other Areas of MDHHS,313
,EHB,Community Education and Outreach Section,No Program Listed,External Program Partners,313
,EHB,Community Education and Outreach Section,No Program Listed,Other Areas of MDHHS,487
,EHB,Community Education and Outreach Section,No Program Listed,External Program Partners,487
EHB,EHB,Community Education and Outreach Section,No Program Listed,Other Areas of MDHHS,885
EHB,EHB,Community Education and Outreach Section,No Program Listed,External Program Partners,885
EHB,EHB,Community Education and Outreach Section,No Program Listed,Other Areas of MDHHS,557
EHB,EHB,Community Education and Outreach Section,No Program Listed,External Program Partners,557
EHB,EHB,Community Education and Outreach Section,No Program Listed,Other Areas of MDHHS,9
EHB,EHB,Community Education and Outreach Section,No Program Listed,Other Areas of MDHHS,224
EHB,EHB,Community Education and Outreach Section,No Program Listed,Other Areas of MDHHS,982
EHB,EHB,Community Education and Outreach Section,No Program Listed,Other Areas of MDHHS,208
EHB,EHB,Community Education and Outreach Section,No Program Listed,Other Areas of MDHHS,589
EHB,EHB,Community Education and Outreach Section,No Program Listed,Other Areas of MDHHS,218
EHB,EHB,Community Education and Outreach Section,No Program Listed,Other Areas of MDHHS,733
Other Areas of MDHHS,EHB,Environmental Epidemiology and Analytics Section,No Program Listed,Other Areas of MDHHS,272
Other Areas of MDHHS,EHB,Environmental Epidemiology and Analytics Section,No Program Listed,Other Areas of MDHHS,272
Other Areas of MDHHS,EHB,Environmental Epidemiology and Analytics Section,No Program Listed,Other Areas of MDHHS,272
Other Areas of MDHHS,EHB,Environmental Epidemiology and Analytics Section,No Program Listed,Other Areas of MDHHS,272
Other Areas of MDHHS,EHB,Environmental Epidemiology and Analytics Section,No Program Listed,Other Areas of MDHHS,272
Other Areas of MDHHS,EHB,Environmental Epidemiology and Analytics Section,No Program Listed,Other Areas of MDHHS,272
Other Areas of MDHHS,EHB,Environmental Epidemiology and Analytics Section,No Program Listed,Other Areas of MDHHS,272
Other Areas of MDHHS,EHB,Environmental Epidemiology and Analytics Section,No Program Listed,Other Areas of MDHHS,272
Other Areas of MDHHS,EHB,Environmental Epidemiology and Analytics Section,No Program Listed,Other Areas of MDHHS,272
Other Areas of MDHHS,EHB,Environmental Epidemiology and Analytics Section,No Program Listed,Other Areas of MDHHS,272
Other Areas of MDHHS,EHB,Environmental Epidemiology and Analytics Section,No Program Listed,Other Areas of MDHHS,272
Other Areas of MDHHS,EHB,Environmental Epidemiology and Analytics Section,No Program Listed,Other Areas of MDHHS,272
EHB,EHB,Environmental Epidemiology and Analytics Section,No Program Listed,Other Areas of MDHHS,107
EHB,EHB,Environmental Epidemiology and Analytics Section,No Program Listed,Other Areas of MDHHS,107
Other Areas of MDHHS,EHB,Environmental Epidemiology and Analytics Section,No Program Listed,Other Areas of MDHHS,764
Other Areas of MDHHS,EHB,Environmental Epidemiology and Analytics Section,No Program Listed,External Program Partners,764
EHB,EHB,Environmental Epidemiology and Analytics Section,No Program Listed,Other Areas of MDHHS,764
EHB,EHB,Environmental Epidemiology and Analytics Section,No Program Listed,External Program Partners,764
EGLE,EHB,Environmental Epidemiology and Analytics Section,No Program Listed,Other Areas of MDHHS,764
EGLE,EHB,Environmental Epidemiology and Analytics Section,No Program Listed,External Program Partners,764
Federal Partners,EHB,Environmental Epidemiology and Analytics Section,No Program Listed,Other Areas of MDHHS,764
Federal Partners,EHB,Environmental Epidemiology and Analytics Section,No Program Listed,External Program Partners,764
External Program Partners,EHB,Environmental Epidemiology and Analytics Section,No Program Listed,Other Areas of MDHHS,764
External Program Partners,EHB,Environmental Epidemiology and Analytics Section,No Program Listed,External Program Partners,764
VRHS,EHB,Environmental Health Surveillance Section,No Program Listed,Public,252
VRHS,EHB,Environmental Health Surveillance Section,No Program Listed,Public,252
VRHS,EHB,Environmental Health Surveillance Section,No Program Listed,Public,252
VRHS,EHB,Environmental Health Surveillance Section,No Program Listed,Public,252
VRHS,EHB,Environmental Health Surveillance Section,No Program Listed,Public,252
VRHS,EHB,Environmental Health Surveillance Section,No Program Listed,Public,252
VRHS,EHB,Environmental Health Surveillance Section,No Program Listed,Public,252
VRHS,EHB,Environmental Health Surveillance Section,No Program Listed,Public,252
VRHS,EHB,Environmental Health Surveillance Section,No Program Listed,Federal Partners,252
VRHS,EHB,Environmental Health Surveillance Section,No Program Listed,Federal Partners,252
VRHS,EHB,Environmental Health Surveillance Section,No Program Listed,Federal Partners,252
VRHS,EHB,Environmental Health Surveillance Section,No Program Listed,Federal Partners,252
VRHS,EHB,Environmental Health Surveillance Section,No Program Listed,Federal Partners,252
VRHS,EHB,Environmental Health Surveillance Section,No Program Listed,Federal Partners,252
VRHS,EHB,Environmental Health Surveillance Section,No Program Listed,Federal Partners,252
VRHS,EHB,Environmental Health Surveillance Section,No Program Listed,Federal Partners,252
Hospitals and Providers/Parents,EHB,Environmental Health Surveillance Section,No Program Listed,Public,252
Hospitals and Providers/Parents,EHB,Environmental Health Surveillance Section,No Program Listed,Public,252
Hospitals and Providers/Parents,EHB,Environmental Health Surveillance Section,No Program Listed,Public,252
Hospitals and Providers/Parents,EHB,Environmental Health Surveillance Section,No Program Listed,Public,252
Hospitals and Providers/Parents,EHB,Environmental Health Surveillance Section,No Program Listed,Public,252
Hospitals and Providers/Parents,EHB,Environmental Health Surveillance Section,No Program Listed,Public,252
Hospitals and Providers/Parents,EHB,Environmental Health Surveillance Section,No Program Listed,Public,252
Hospitals and Providers/Parents,EHB,Environmental Health Surveillance Section,No Program Listed,Public,252
Hospitals and Providers/Parents,EHB,Environmental Health Surveillance Section,No Program Listed,Federal Partners,252
Hospitals and Providers/Parents,EHB,Environmental Health Surveillance Section,No Program Listed,Federal Partners,252
Hospitals and Providers/Parents,EHB,Environmental Health Surveillance Section,No Program Listed,Federal Partners,252
Hospitals and Providers/Parents,EHB,Environmental Health Surveillance Section,No Program Listed,Federal Partners,252
Hospitals and Providers/Parents,EHB,Environmental Health Surveillance Section,No Program Listed,Federal Partners,252
Hospitals and Providers/Parents,EHB,Environmental Health Surveillance Section,No Program Listed,Federal Partners,252
Hospitals and Providers/Parents,EHB,Environmental Health Surveillance Section,No Program Listed,Federal Partners,252
Hospitals and Providers/Parents,EHB,Environmental Health Surveillance Section,No Program Listed,Federal Partners,252
Federal Partners,EHB,Environmental Health Surveillance Section,No Program Listed,Public,689
Federal Partners,EHB,Environmental Health Surveillance Section,No Program Listed,Public,689
Other Areas of MDHHS,EHB,Environmental Health Surveillance Section,No Program Listed,Public,886
Other Areas of MDHHS,EHB,Environmental Health Surveillance Section,No Program Listed,Public,886
Other Areas of MDHHS,EHB,Environmental Health Surveillance Section,No Program Listed,Public,886
Other Areas of MDHHS,EHB,Environmental Health Surveillance Section,No Program Listed,Public,886
Other Areas of MDHHS,EHB,Environmental Health Surveillance Section,No Program Listed,Public,886
Other Areas of MDHHS,EHB,Environmental Health Surveillance Section,No Program Listed,Public,886
Other Areas of MDHHS,EHB,Environmental Health Surveillance Section,No Program Listed,Public,886
Other Areas of MDHHS,EHB,Environmental Health Surveillance Section,No Program Listed,Public,886
EGLE,EHB,Environmental Health Surveillance Section,No Program Listed,Public,681
EGLE,EHB,Environmental Health Surveillance Section,No Program Listed,Public,681
EGLE,EHB,Environmental Health Surveillance Section,No Program Listed,Public,681
EGLE,EHB,Environmental Health Surveillance Section,No Program Listed,Public,681
EGLE,EHB,Environmental Health Surveillance Section,No Program Listed,Public,681
EGLE,EHB,Environmental Health Surveillance Section,No Program Listed,Public,681
EGLE,EHB,Environmental Health Surveillance Section,No Program Listed,Public,681
EGLE,EHB,Environmental Health Surveillance Section,No Program Listed,Public,681
Researchers,EHB,Environmental Health Surveillance Section,No Program Listed,Public,220
Researchers,EHB,Environmental Health Surveillance Section,No Program Listed,Public,220
Researchers,EHB,Environmental Health Surveillance Section,No Program Listed,Public,220
Researchers,EHB,Environmental Health Surveillance Section,No Program Listed,Public,220
Researchers,EHB,Environmental Health Surveillance Section,No Program Listed,Public,220
Researchers,EHB,Environmental Health Surveillance Section,No Program Listed,Public,220
Researchers,EHB,Environmental Health Surveillance Section,No Program Listed,Public,220
Researchers,EHB,Environmental Health Surveillance Section,No Program Listed,Public,220
Other Areas of MDHHS,EHB,Environmental Health Surveillance Section,No Program Listed,Public,220
Other Areas of MDHHS,EHB,Environmental Health Surveillance Section,No Program Listed,Public,220
Other Areas of MDHHS,EHB,Environmental Health Surveillance Section,No Program Listed,Public,220
Other Areas of MDHHS,EHB,Environmental Health Surveillance Section,No Program Listed,Public,220
Other Areas of MDHHS,EHB,Environmental Health Surveillance Section,No Program Listed,Public,220
Other Areas of MDHHS,EHB,Environmental Health Surveillance Section,No Program Listed,Public,220
Other Areas of MDHHS,EHB,Environmental Health Surveillance Section,No Program Listed,Public,220
Other Areas of MDHHS,EHB,Environmental Health Surveillance Section,No Program Listed,Public,220
VRHS,EHB,Environmental Health Surveillance Section,No Program Listed,Public,347
VRHS,EHB,Environmental Health Surveillance Section,No Program Listed,Public,347
VRHS,EHB,Environmental Health Surveillance Section,No Program Listed,Public,347
VRHS,EHB,Environmental Health Surveillance Section,No Program Listed,Public,347
VRHS,EHB,Environmental Health Surveillance Section,No Program Listed,Public,347
VRHS,EHB,Environmental Health Surveillance Section,No Program Listed,Public,347
VRHS,EHB,Environmental Health Surveillance Section,No Program Listed,Public,347
VRHS,EHB,Environmental Health Surveillance Section,No Program Listed,Public,347
VRHS,EHB,Environmental Health Surveillance Section,No Program Listed,Federal Partners,347
VRHS,EHB,Environmental Health Surveillance Section,No Program Listed,Federal Partners,347
VRHS,EHB,Environmental Health Surveillance Section,No Program Listed,Federal Partners,347
VRHS,EHB,Environmental Health Surveillance Section,No Program Listed,Federal Partners,347
VRHS,EHB,Environmental Health Surveillance Section,No Program Listed,Federal Partners,347
VRHS,EHB,Environmental Health Surveillance Section,No Program Listed,Federal Partners,347
VRHS,EHB,Environmental Health Surveillance Section,No Program Listed,Federal Partners,347
VRHS,EHB,Environmental Health Surveillance Section,No Program Listed,Federal Partners,347
EHB,EHB,Environmental Health Surveillance Section,No Program Listed,Public,980
EHB,EHB,Environmental Health Surveillance Section,No Program Listed,Public,980
EHB,EHB,Environmental Health Surveillance Section,No Program Listed,Public,980
EHB,EHB,Environmental Health Surveillance Section,No Program Listed,Public,980
EHB,EHB,Environmental Health Surveillance Section,No Program Listed,Public,980
EHB,EHB,Environmental Health Surveillance Section,No Program Listed,Public,980
EHB,EHB,Environmental Health Surveillance Section,No Program Listed,Public,980
EHB,EHB,Environmental Health Surveillance Section,No Program Listed,Public,980
VRHS,EHB,Environmental Health Surveillance Section,No Program Listed,Public,694
VRHS,EHB,Environmental Health Surveillance Section,No Program Listed,Public,694
VRHS,EHB,Environmental Health Surveillance Section,No Program Listed,Public,694
VRHS,EHB,Environmental Health Surveillance Section,No Program Listed,Public,694
VRHS,EHB,Environmental Health Surveillance Section,No Program Listed,Public,694
VRHS,EHB,Environmental Health Surveillance Section,No Program Listed,Public,694
VRHS,EHB,Environmental Health Surveillance Section,No Program Listed,Public,694
VRHS,EHB,Environmental Health Surveillance Section,No Program Listed,Public,694
Federal Partners,EHB,Environmental Health Surveillance Section,No Program Listed,Public,694
Federal Partners,EHB,Environmental Health Surveillance Section,No Program Listed,Public,694
Federal Partners,EHB,Environmental Health Surveillance Section,No Program Listed,Public,694
Federal Partners,EHB,Environmental Health Surveillance Section,No Program Listed,Public,694
Federal Partners,EHB,Environmental Health Surveillance Section,No Program Listed,Public,694
Federal Partners,EHB,Environmental Health Surveillance Section,No Program Listed,Public,694
Federal Partners,EHB,Environmental Health Surveillance Section,No Program Listed,Public,694
Federal Partners,EHB,Environmental Health Surveillance Section,No Program Listed,Public,694
LHDs,EHB,Lead Services Section,No Program Listed,Other Areas of MDHHS,581
LHDs,EHB,Lead Services Section,No Program Listed,Other Areas of MDHHS,581
External Program Partners,EHB,Environmental Health Surveillance Section,No Program Listed,Federal Partners,217
External Program Partners,EHB,Environmental Health Surveillance Section,No Program Listed,Federal Partners,217
External Program Partners,EHB,Environmental Health Surveillance Section,No Program Listed,Federal Partners,217
EHB,EHB,Environmental Health Surveillance Section,No Program Listed,Federal Partners,217
EHB,EHB,Environmental Health Surveillance Section,No Program Listed,Federal Partners,217
EHB,EHB,Environmental Health Surveillance Section,No Program Listed,Federal Partners,217
External Program Partners,EHB,Environmental Health Surveillance Section,No Program Listed,Federal Partners,481
External Program Partners,EHB,Environmental Health Surveillance Section,No Program Listed,Federal Partners,481
External Program Partners,EHB,Environmental Health Surveillance Section,No Program Listed,Federal Partners,481
EHB,EHB,Environmental Health Surveillance Section,No Program Listed,Federal Partners,416
EHB,EHB,Environmental Health Surveillance Section,No Program Listed,Federal Partners,416
EHB,EHB,Environmental Health Surveillance Section,No Program Listed,Federal Partners,416
Other Areas of MDHHS,EHB,Environmental Health Surveillance Section,No Program Listed,Other Areas of MDHHS,542
Other Areas of MDHHS,EHB,Environmental Health Surveillance Section,No Program Listed,Other Areas of MDHHS,542
Other Areas of MDHHS,EHB,Environmental Health Surveillance Section,No Program Listed,Other Areas of MDHHS,542
Other Areas of MDHHS,EHB,Environmental Health Surveillance Section,No Program Listed,Other Areas of MDHHS,542
VRHS,EHB,Environmental Health Surveillance Section,No Program Listed,Other Areas of MDHHS,402
VRHS,EHB,Environmental Health Surveillance Section,No Program Listed,Other Areas of MDHHS,402
VRHS,EHB,Environmental Health Surveillance Section,No Program Listed,Other Areas of MDHHS,402
VRHS,EHB,Environmental Health Surveillance Section,No Program Listed,Other Areas of MDHHS,402
VRHS,EHB,Environmental Health Surveillance Section,No Program Listed,Other Areas of MDHHS,402
VRHS,EHB,Environmental Health Surveillance Section,No Program Listed,Other Areas of MDHHS,402
VRHS,EHB,Environmental Health Surveillance Section,No Program Listed,Other Areas of MDHHS,402
VRHS,EHB,Environmental Health Surveillance Section,No Program Listed,Other Areas of MDHHS,402
VRHS,EHB,Environmental Health Surveillance Section,No Program Listed,Other Areas of MDHHS,402
VRHS,EHB,Environmental Health Surveillance Section,No Program Listed,Other Areas of MDHHS,402
VRHS,EHB,Environmental Health Surveillance Section,No Program Listed,Public,585
VRHS,EHB,Environmental Health Surveillance Section,No Program Listed,Public,585
VRHS,EHB,Environmental Health Surveillance Section,No Program Listed,Public,585
VRHS,EHB,Environmental Health Surveillance Section,No Program Listed,Other Areas of MDHHS,585
VRHS,EHB,Environmental Health Surveillance Section,No Program Listed,Other Areas of MDHHS,585
VRHS,EHB,Environmental Health Surveillance Section,No Program Listed,Other Areas of MDHHS,585
VRHS,EHB,Environmental Health Surveillance Section,No Program Listed,Public,585
VRHS,EHB,Environmental Health Surveillance Section,No Program Listed,Public,585
VRHS,EHB,Environmental Health Surveillance Section,No Program Listed,Public,585
VRHS,EHB,Environmental Health Surveillance Section,No Program Listed,Other Areas of MDHHS,585
VRHS,EHB,Environmental Health Surveillance Section,No Program Listed,Other Areas of MDHHS,585
VRHS,EHB,Environmental Health Surveillance Section,No Program Listed,Other Areas of MDHHS,585
VRHS,EHB,Environmental Health Surveillance Section,No Program Listed,Other Areas of MDHHS,873
VRHS,EHB,Environmental Health Surveillance Section,No Program Listed,External Program Partners,873
VRHS,EHB,Environmental Health Surveillance Section,No Program Listed,Other Areas of MDHHS,186
VRHS,EHB,Environmental Health Surveillance Section,No Program Listed,External Program Partners,186
Hospitals and Providers/Parents,EHB,Environmental Health Surveillance Section,No Program Listed,Public,845
Hospitals and Providers/Parents,EHB,Environmental Health Surveillance Section,No Program Listed,Public,845
Hospitals and Providers/Parents,EHB,Environmental Health Surveillance Section,No Program Listed,Public,845
Hospitals and Providers/Parents,EHB,Environmental Health Surveillance Section,No Program Listed,Public,845
Hospitals and Providers/Parents,EHB,Environmental Health Surveillance Section,No Program Listed,Public,845
Hospitals and Providers/Parents,EHB,Environmental Health Surveillance Section,No Program Listed,Public,845
External Program Partners,EHB,Environmental Health Surveillance Section,No Program Listed,Public,845
External Program Partners,EHB,Environmental Health Surveillance Section,No Program Listed,Public,845
External Program Partners,EHB,Environmental Health Surveillance Section,No Program Listed,Public,845
External Program Partners,EHB,Environmental Health Surveillance Section,No Program Listed,Public,845
External Program Partners,EHB,Environmental Health Surveillance Section,No Program Listed,Public,845
External Program Partners,EHB,Environmental Health Surveillance Section,No Program Listed,Public,845
Researchers,EHB,Environmental Health Surveillance Section,No Program Listed,Public,845
Researchers,EHB,Environmental Health Surveillance Section,No Program Listed,Public,845
Researchers,EHB,Environmental Health Surveillance Section,No Program Listed,Public,845
Researchers,EHB,Environmental Health Surveillance Section,No Program Listed,Public,845
Researchers,EHB,Environmental Health Surveillance Section,No Program Listed,Public,845
Researchers,EHB,Environmental Health Surveillance Section,No Program Listed,Public,845
MDHHS-Owned System,EHB,Environmental Health Surveillance Section,No Program Listed,Other Areas of MDHHS,877
MDHHS-Owned System,EHB,Environmental Health Surveillance Section,No Program Listed,Other Areas of MDHHS,877
MDHHS-Owned System,EHB,Environmental Health Surveillance Section,No Program Listed,Other Areas of MDHHS,877
MDHHS-Owned System,EHB,Environmental Health Surveillance Section,No Program Listed,Other Areas of MDHHS,877
Other Areas of MDHHS,EHB,Environmental Health Surveillance Section,No Program Listed,Other Areas of MDHHS,877
Other Areas of MDHHS,EHB,Environmental Health Surveillance Section,No Program Listed,Other Areas of MDHHS,877
Other Areas of MDHHS,EHB,Environmental Health Surveillance Section,No Program Listed,Other Areas of MDHHS,877
Other Areas of MDHHS,EHB,Environmental Health Surveillance Section,No Program Listed,Other Areas of MDHHS,877
Other Areas of MDHHS,EHB,Environmental Health Surveillance Section,No Program Listed,Other Areas of MDHHS,368
Hospitals and Providers/Parents,EHB,Environmental Health Surveillance Section,No Program Listed,Other Areas of MDHHS,368
MDHHS-Owned System,EHB,Financial Services Office,No Program Listed,Other Areas of MDHHS,216
MDHHS-Owned System,EHB,Financial Services Office,No Program Listed,Other Areas of MDHHS,216
MDHHS-Owned System,EHB,Financial Services Office,No Program Listed,Other Areas of MDHHS,53
MDHHS-Owned System,EHB,Financial Services Office,No Program Listed,Other Areas of MDHHS,53
MDHHS-Owned System,EHB,Financial Services Office,No Program Listed,Other Areas of MDHHS,53
MDHHS-Owned System,EHB,Financial Services Office,No Program Listed,Other Areas of MDHHS,53
MDHHS-Owned System,EHB,Financial Services Office,No Program Listed,Other Areas of MDHHS,683
MDHHS-Owned System,EHB,Financial Services Office,No Program Listed,Other Areas of MDHHS,683
MDHHS-Owned System,EHB,Financial Services Office,No Program Listed,Other Areas of MDHHS,683
MDHHS-Owned System,EHB,Financial Services Office,No Program Listed,Other Areas of MDHHS,683
MDHHS-Owned System,EHB,Financial Services Office,No Program Listed,Within EHB,683
MDHHS-Owned System,EHB,Financial Services Office,No Program Listed,Within EHB,683
MDHHS-Owned System,EHB,Financial Services Office,No Program Listed,Within EHB,683
MDHHS-Owned System,EHB,Financial Services Office,No Program Listed,Within EHB,683
MDHHS-Owned System,EHB,Financial Services Office,No Program Listed,Within PHA,683
MDHHS-Owned System,EHB,Financial Services Office,No Program Listed,Within PHA,683
MDHHS-Owned System,EHB,Financial Services Office,No Program Listed,Within PHA,683
MDHHS-Owned System,EHB,Financial Services Office,No Program Listed,Within PHA,683
MDHHS-Owned System,EHB,Financial Services Office,No Program Listed,Other Areas of MDHHS,297
MDHHS-Owned System,EHB,Financial Services Office,No Program Listed,Other Areas of MDHHS,297
MDHHS-Owned System,EHB,Financial Services Office,No Program Listed,Other Areas of MDHHS,297
MDHHS-Owned System,EHB,Financial Services Office,No Program Listed,Other Areas of MDHHS,297
MDHHS-Owned System,EHB,Financial Services Office,No Program Listed,Other Areas of MDHHS,297
MDHHS-Owned System,EHB,Financial Services Office,No Program Listed,Other Areas of MDHHS,297
MDHHS-Owned System,EHB,Financial Services Office,No Program Listed,Within EHB,297
MDHHS-Owned System,EHB,Financial Services Office,No Program Listed,Within EHB,297
MDHHS-Owned System,EHB,Financial Services Office,No Program Listed,Within EHB,297
MDHHS-Owned System,EHB,Financial Services Office,No Program Listed,Within EHB,297
MDHHS-Owned System,EHB,Financial Services Office,No Program Listed,Within EHB,297
MDHHS-Owned System,EHB,Financial Services Office,No Program Listed,Within EHB,297
VRHS,PHA-LEGD,Chronic Disease Epidemiology Section,No Program Listed,,563
VRHS,PHA-LEGD,Newborn Screening Section,No Program Listed,Hospital & Providers/Parents,696
VRHS,PHA-LEGD,Newborn Screening Section,No Program Listed,Hospital & Providers/Parents,696
VRHS,PHA-LEGD,Newborn Screening Section,No Program Listed,Hospital & Providers/Parents,696
VRHS,PHA-LEGD,Newborn Screening Section,No Program Listed,Hospital & Providers/Parents,696
VRHS,PHA-LEGD,Newborn Screening Section,No Program Listed,Hospital & Providers/Parents,696
VRHS,PHA-LEGD,Newborn Screening Section,No Program Listed,Hospital & Providers/Parents,696
LEGD,PHA-LEGD,Newborn Screening Section,No Program Listed,Hospital & Providers/Parents,696
LEGD,PHA-LEGD,Newborn Screening Section,No Program Listed,Hospital & Providers/Parents,696
LEGD,PHA-LEGD,Newborn Screening Section,No Program Listed,Hospital & Providers/Parents,696
LEGD,PHA-LEGD,Newborn Screening Section,No Program Listed,Hospital & Providers/Parents,696
LEGD,PHA-LEGD,Newborn Screening Section,No Program Listed,Hospital & Providers/Parents,696
LEGD,PHA-LEGD,Newborn Screening Section,No Program Listed,Hospital & Providers/Parents,696
LEGD,PHA-LEGD,Maternal and Child Health Epidemiology Section,No Program Listed,Hospital & Providers/Parents,759
LEGD,PHA-LEGD,Maternal and Child Health Epidemiology Section,No Program Listed,Hospital & Providers/Parents,759
LEGD,PHA-LEGD,Maternal and Child Health Epidemiology Section,No Program Listed,Hospital & Providers/Parents,759
LEGD,PHA-LEGD,Maternal and Child Health Epidemiology Section,No Program Listed,Hospital & Providers/Parents,759
LEGD,PHA-LEGD,Maternal and Child Health Epidemiology Section,No Program Listed,Hospital & Providers/Parents,759
LEGD,PHA-LEGD,Maternal and Child Health Epidemiology Section,No Program Listed,Hospital & Providers/Parents,759
LEGD,PHA-LEGD,Maternal and Child Health Epidemiology Section,No Program Listed,Hospital & Providers/Parents,759
LEGD,PHA-LEGD,Maternal and Child Health Epidemiology Section,No Program Listed,Hospital & Providers/Parents,759
LEGD,PHA-LEGD,Maternal and Child Health Epidemiology Section,No Program Listed,Hospital & Providers/Parents,759
MDHHS-Owned System,PHA-LEGD,Maternal and Child Health Epidemiology Section,No Program Listed,Hospital & Providers/Parents,234
MDHHS-Owned System,PHA-LEGD,Maternal and Child Health Epidemiology Section,No Program Listed,Hospital & Providers/Parents,234
MDHHS-Owned System,PHA-LEGD,Maternal and Child Health Epidemiology Section,No Program Listed,Hospital & Providers/Parents,234
MDHHS-Owned System,PHA-LEGD,Maternal and Child Health Epidemiology Section,No Program Listed,Hospital & Providers/Parents,234
MDHHS-Owned System,PHA-LEGD,Maternal and Child Health Epidemiology Section,No Program Listed,Hospital & Providers/Parents,234
MDHHS-Owned System,PHA-LEGD,Maternal and Child Health Epidemiology Section,No Program Listed,Hospital & Providers/Parents,234
MDHHS-Owned System,PHA-LEGD,Maternal and Child Health Epidemiology Section,No Program Listed,Hospital & Providers/Parents,234
MDHHS-Owned System,PHA-LEGD,Maternal and Child Health Epidemiology Section,No Program Listed,Hospital & Providers/Parents,234
MDHHS-Owned System,PHA-LEGD,Maternal and Child Health Epidemiology Section,No Program Listed,Hospital & Providers/Parents,234
VRHS,PHA-LEGD,Maternal and Child Health Epidemiology Section,No Program Listed,Other Areas of MDHHS,960
VRHS,PHA-LEGD,Maternal and Child Health Epidemiology Section,No Program Listed,Other Areas of MDHHS,960
VRHS,PHA-LEGD,Maternal and Child Health Epidemiology Section,No Program Listed,External Program Partners,960
VRHS,PHA-LEGD,Maternal and Child Health Epidemiology Section,No Program Listed,External Program Partners,960
VRHS,PHA-LEGD,Maternal and Child Health Epidemiology Section,No Program Listed,Public,960
VRHS,PHA-LEGD,Maternal and Child Health Epidemiology Section,No Program Listed,Public,960
VRHS,PHA-LEGD,Maternal and Child Health Epidemiology Section,No Program Listed,Other Areas of MDHHS,960
VRHS,PHA-LEGD,Maternal and Child Health Epidemiology Section,No Program Listed,Other Areas of MDHHS,960
VRHS,PHA-LEGD,Maternal and Child Health Epidemiology Section,No Program Listed,External Program Partners,960
VRHS,PHA-LEGD,Maternal and Child Health Epidemiology Section,No Program Listed,External Program Partners,960
VRHS,PHA-LEGD,Maternal and Child Health Epidemiology Section,No Program Listed,Public,960
VRHS,PHA-LEGD,Maternal and Child Health Epidemiology Section,No Program Listed,Public,960
VRHS,PHA-LEGD,Maternal and Child Health Epidemiology Section,No Program Listed,Other Areas of MDHHS,960
VRHS,PHA-LEGD,Maternal and Child Health Epidemiology Section,No Program Listed,Other Areas of MDHHS,960
VRHS,PHA-LEGD,Maternal and Child Health Epidemiology Section,No Program Listed,External Program Partners,960
VRHS,PHA-LEGD,Maternal and Child Health Epidemiology Section,No Program Listed,External Program Partners,960
VRHS,PHA-LEGD,Maternal and Child Health Epidemiology Section,No Program Listed,Public,960
VRHS,PHA-LEGD,Maternal and Child Health Epidemiology Section,No Program Listed,Public,960
VRHS,PHA-LEGD,Maternal and Child Health Epidemiology Section,No Program Listed,Other Areas of MDHHS,960
VRHS,PHA-LEGD,Maternal and Child Health Epidemiology Section,No Program Listed,Other Areas of MDHHS,960
VRHS,PHA-LEGD,Maternal and Child Health Epidemiology Section,No Program Listed,External Program Partners,960
VRHS,PHA-LEGD,Maternal and Child Health Epidemiology Section,No Program Listed,External Program Partners,960
VRHS,PHA-LEGD,Maternal and Child Health Epidemiology Section,No Program Listed,Public,960
VRHS,PHA-LEGD,Maternal and Child Health Epidemiology Section,No Program Listed,Public,960
VRHS,PHA-LEGD,Maternal and Child Health Epidemiology Section,No Program Listed,Other Areas of MDHHS,960
VRHS,PHA-LEGD,Maternal and Child Health Epidemiology Section,No Program Listed,Other Areas of MDHHS,960
VRHS,PHA-LEGD,Maternal and Child Health Epidemiology Section,No Program Listed,External Program Partners,960
VRHS,PHA-LEGD,Maternal and Child Health Epidemiology Section,No Program Listed,External Program Partners,960
VRHS,PHA-LEGD,Maternal and Child Health Epidemiology Section,No Program Listed,Public,960
VRHS,PHA-LEGD,Maternal and Child Health Epidemiology Section,No Program Listed,Public,960
VRHS,PHA-LEGD,Maternal and Child Health Epidemiology Section,No Program Listed,Other Areas of MDHHS,960
VRHS,PHA-LEGD,Maternal and Child Health Epidemiology Section,No Program Listed,Other Areas of MDHHS,960
VRHS,PHA-LEGD,Maternal and Child Health Epidemiology Section,No Program Listed,External Program Partners,960
VRHS,PHA-LEGD,Maternal and Child Health Epidemiology Section,No Program Listed,External Program Partners,960
VRHS,PHA-LEGD,Maternal and Child Health Epidemiology Section,No Program Listed,Public,960
VRHS,PHA-LEGD,Maternal and Child Health Epidemiology Section,No Program Listed,Public,960
VRHS,PHA-LEGD,Maternal and Child Health Epidemiology Section,No Program Listed,Other Areas of MDHHS,960
VRHS,PHA-LEGD,Maternal and Child Health Epidemiology Section,No Program Listed,Other Areas of MDHHS,960
VRHS,PHA-LEGD,Maternal and Child Health Epidemiology Section,No Program Listed,External Program Partners,960
VRHS,PHA-LEGD,Maternal and Child Health Epidemiology Section,No Program Listed,External Program Partners,960
VRHS,PHA-LEGD,Maternal and Child Health Epidemiology Section,No Program Listed,Public,960
VRHS,PHA-LEGD,Maternal and Child Health Epidemiology Section,No Program Listed,Public,960
VRHS,PHA-LEGD,Maternal and Child Health Epidemiology Section,No Program Listed,Other Areas of MDHHS,960
VRHS,PHA-LEGD,Maternal and Child Health Epidemiology Section,No Program Listed,Other Areas of MDHHS,960
VRHS,PHA-LEGD,Maternal and Child Health Epidemiology Section,No Program Listed,External Program Partners,960
VRHS,PHA-LEGD,Maternal and Child Health Epidemiology Section,No Program Listed,External Program Partners,960
VRHS,PHA-LEGD,Maternal and Child Health Epidemiology Section,No Program Listed,Public,960
VRHS,PHA-LEGD,Maternal and Child Health Epidemiology Section,No Program Listed,Public,960
Federal Partners,PHA-LEGD,Maternal and Child Health Epidemiology Section,No Program Listed,Other Areas of MDHHS,361
Federal Partners,PHA-LEGD,Maternal and Child Health Epidemiology Section,No Program Listed,Other Areas of MDHHS,361
Federal Partners,PHA-LEGD,Maternal and Child Health Epidemiology Section,No Program Listed,External Program Partners,361
Federal Partners,PHA-LEGD,Maternal and Child Health Epidemiology Section,No Program Listed,External Program Partners,361
Federal Partners,PHA-LEGD,Maternal and Child Health Epidemiology Section,No Program Listed,Public,361
Federal Partners,PHA-LEGD,Maternal and Child Health Epidemiology Section,No Program Listed,Public,361
Federal Partners,PHA-LEGD,Maternal and Child Health Epidemiology Section,No Program Listed,Other Areas of MDHHS,361
Federal Partners,PHA-LEGD,Maternal and Child Health Epidemiology Section,No Program Listed,Other Areas of MDHHS,361
Federal Partners,PHA-LEGD,Maternal and Child Health Epidemiology Section,No Program Listed,External Program Partners,361
Federal Partners,PHA-LEGD,Maternal and Child Health Epidemiology Section,No Program Listed,External Program Partners,361
Federal Partners,PHA-LEGD,Maternal and Child Health Epidemiology Section,No Program Listed,Public,361
Federal Partners,PHA-LEGD,Maternal and Child Health Epidemiology Section,No Program Listed,Public,361
Federal Partners,PHA-LEGD,Maternal and Child Health Epidemiology Section,No Program Listed,Other Areas of MDHHS,361
Federal Partners,PHA-LEGD,Maternal and Child Health Epidemiology Section,No Program Listed,Other Areas of MDHHS,361
Federal Partners,PHA-LEGD,Maternal and Child Health Epidemiology Section,No Program Listed,External Program Partners,361
Federal Partners,PHA-LEGD,Maternal and Child Health Epidemiology Section,No Program Listed,External Program Partners,361
Federal Partners,PHA-LEGD,Maternal and Child Health Epidemiology Section,No Program Listed,Public,361
Federal Partners,PHA-LEGD,Maternal and Child Health Epidemiology Section,No Program Listed,Public,361
Federal Partners,PHA-LEGD,Maternal and Child Health Epidemiology Section,No Program Listed,Other Areas of MDHHS,361
Federal Partners,PHA-LEGD,Maternal and Child Health Epidemiology Section,No Program Listed,Other Areas of MDHHS,361
Federal Partners,PHA-LEGD,Maternal and Child Health Epidemiology Section,No Program Listed,External Program Partners,361
Federal Partners,PHA-LEGD,Maternal and Child Health Epidemiology Section,No Program Listed,External Program Partners,361
Federal Partners,PHA-LEGD,Maternal and Child Health Epidemiology Section,No Program Listed,Public,361
Federal Partners,PHA-LEGD,Maternal and Child Health Epidemiology Section,No Program Listed,Public,361
Federal Partners,PHA-LEGD,Maternal and Child Health Epidemiology Section,No Program Listed,Other Areas of MDHHS,361
Federal Partners,PHA-LEGD,Maternal and Child Health Epidemiology Section,No Program Listed,Other Areas of MDHHS,361
Federal Partners,PHA-LEGD,Maternal and Child Health Epidemiology Section,No Program Listed,External Program Partners,361
Federal Partners,PHA-LEGD,Maternal and Child Health Epidemiology Section,No Program Listed,External Program Partners,361
Federal Partners,PHA-LEGD,Maternal and Child Health Epidemiology Section,No Program Listed,Public,361
Federal Partners,PHA-LEGD,Maternal and Child Health Epidemiology Section,No Program Listed,Public,361
Federal Partners,PHA-LEGD,Maternal and Child Health Epidemiology Section,No Program Listed,Other Areas of MDHHS,361
Federal Partners,PHA-LEGD,Maternal and Child Health Epidemiology Section,No Program Listed,Other Areas of MDHHS,361
Federal Partners,PHA-LEGD,Maternal and Child Health Epidemiology Section,No Program Listed,External Program Partners,361
Federal Partners,PHA-LEGD,Maternal and Child Health Epidemiology Section,No Program Listed,External Program Partners,361
Federal Partners,PHA-LEGD,Maternal and Child Health Epidemiology Section,No Program Listed,Public,361
Federal Partners,PHA-LEGD,Maternal and Child Health Epidemiology Section,No Program Listed,Public,361
Federal Partners,PHA-LEGD,Maternal and Child Health Epidemiology Section,No Program Listed,Other Areas of MDHHS,361
Federal Partners,PHA-LEGD,Maternal and Child Health Epidemiology Section,No Program Listed,Other Areas of MDHHS,361
Federal Partners,PHA-LEGD,Maternal and Child Health Epidemiology Section,No Program Listed,External Program Partners,361
Federal Partners,PHA-LEGD,Maternal and Child Health Epidemiology Section,No Program Listed,External Program Partners,361
Federal Partners,PHA-LEGD,Maternal and Child Health Epidemiology Section,No Program Listed,Public,361
Federal Partners,PHA-LEGD,Maternal and Child Health Epidemiology Section,No Program Listed,Public,361
Federal Partners,PHA-LEGD,Maternal and Child Health Epidemiology Section,No Program Listed,Other Areas of MDHHS,361
Federal Partners,PHA-LEGD,Maternal and Child Health Epidemiology Section,No Program Listed,Other Areas of MDHHS,361
Federal Partners,PHA-LEGD,Maternal and Child Health Epidemiology Section,No Program Listed,External Program Partners,361
Federal Partners,PHA-LEGD,Maternal and Child Health Epidemiology Section,No Program Listed,External Program Partners,361
Federal Partners,PHA-LEGD,Maternal and Child Health Epidemiology Section,No Program Listed,Public,361
Federal Partners,PHA-LEGD,Maternal and Child Health Epidemiology Section,No Program Listed,Public,361
Federal Partners,PHA-LEGD,Maternal and Child Health Epidemiology Section,No Program Listed,Other Areas of MDHHS,361
Federal Partners,PHA-LEGD,Maternal and Child Health Epidemiology Section,No Program Listed,Other Areas of MDHHS,361
Federal Partners,PHA-LEGD,Maternal and Child Health Epidemiology Section,No Program Listed,External Program Partners,361
Federal Partners,PHA-LEGD,Maternal and Child Health Epidemiology Section,No Program Listed,External Program Partners,361
Federal Partners,PHA-LEGD,Maternal and Child Health Epidemiology Section,No Program Listed,Public,361
Federal Partners,PHA-LEGD,Maternal and Child Health Epidemiology Section,No Program Listed,Public,361
Federal Partners,PHA-LEGD,Maternal and Child Health Epidemiology Section,No Program Listed,Other Areas of MDHHS,361
Federal Partners,PHA-LEGD,Maternal and Child Health Epidemiology Section,No Program Listed,Other Areas of MDHHS,361
Federal Partners,PHA-LEGD,Maternal and Child Health Epidemiology Section,No Program Listed,External Program Partners,361
Federal Partners,PHA-LEGD,Maternal and Child Health Epidemiology Section,No Program Listed,External Program Partners,361
Federal Partners,PHA-LEGD,Maternal and Child Health Epidemiology Section,No Program Listed,Public,361
Federal Partners,PHA-LEGD,Maternal and Child Health Epidemiology Section,No Program Listed,Public,361
VRHS,PHA-LEGD,Maternal and Child Health Epidemiology Section,No Program Listed,Other Areas of MDHHS,629
VRHS,PHA-LEGD,Maternal and Child Health Epidemiology Section,No Program Listed,External Program Partners,629
VRHS,PHA-LEGD,Maternal and Child Health Epidemiology Section,No Program Listed,Public,629
VRHS,PHA-LEGD,Maternal and Child Health Epidemiology Section,No Program Listed,Other Areas of MDHHS,629
VRHS,PHA-LEGD,Maternal and Child Health Epidemiology Section,No Program Listed,External Program Partners,629
VRHS,PHA-LEGD,Maternal and Child Health Epidemiology Section,No Program Listed,Public,629
VRHS,PHA-LEGD,Maternal and Child Health Epidemiology Section,No Program Listed,Other Areas of MDHHS,629
VRHS,PHA-LEGD,Maternal and Child Health Epidemiology Section,No Program Listed,External Program Partners,629
VRHS,PHA-LEGD,Maternal and Child Health Epidemiology Section,No Program Listed,Public,629
VRHS,PHA-LEGD,Maternal and Child Health Epidemiology Section,No Program Listed,Other Areas of MDHHS,629
VRHS,PHA-LEGD,Maternal and Child Health Epidemiology Section,No Program Listed,External Program Partners,629
VRHS,PHA-LEGD,Maternal and Child Health Epidemiology Section,No Program Listed,Public,629
VRHS,PHA-LEGD,Maternal and Child Health Epidemiology Section,No Program Listed,Other Areas of MDHHS,629
VRHS,PHA-LEGD,Maternal and Child Health Epidemiology Section,No Program Listed,External Program Partners,629
VRHS,PHA-LEGD,Maternal and Child Health Epidemiology Section,No Program Listed,Public,629
VRHS,PHA-LEGD,Maternal and Child Health Epidemiology Section,No Program Listed,Other Areas of MDHHS,629
VRHS,PHA-LEGD,Maternal and Child Health Epidemiology Section,No Program Listed,External Program Partners,629
VRHS,PHA-LEGD,Maternal and Child Health Epidemiology Section,No Program Listed,Public,629
VRHS,PHA-LEGD,Maternal and Child Health Epidemiology Section,No Program Listed,Other Areas of MDHHS,629
VRHS,PHA-LEGD,Maternal and Child Health Epidemiology Section,No Program Listed,External Program Partners,629
VRHS,PHA-LEGD,Maternal and Child Health Epidemiology Section,No Program Listed,Public,629
VRHS,PHA-LEGD,Maternal and Child Health Epidemiology Section,No Program Listed,Other Areas of MDHHS,629
VRHS,PHA-LEGD,Maternal and Child Health Epidemiology Section,No Program Listed,External Program Partners,629
VRHS,PHA-LEGD,Maternal and Child Health Epidemiology Section,No Program Listed,Public,629
VRHS,PHA-LEGD,Maternal and Child Health Epidemiology Section,No Program Listed,Other Areas of MDHHS,978
VRHS,PHA-LEGD,Maternal and Child Health Epidemiology Section,No Program Listed,External Program Partners,978
VRHS,PHA-LEGD,Maternal and Child Health Epidemiology Section,No Program Listed,Public,978
VRHS,PHA-LEGD,Maternal and Child Health Epidemiology Section,No Program Listed,Other Areas of MDHHS,978
VRHS,PHA-LEGD,Maternal and Child Health Epidemiology Section,No Program Listed,External Program Partners,978
VRHS,PHA-LEGD,Maternal and Child Health Epidemiology Section,No Program Listed,Public,978
VRHS,PHA-LEGD,Maternal and Child Health Epidemiology Section,No Program Listed,Other Areas of MDHHS,978
VRHS,PHA-LEGD,Maternal and Child Health Epidemiology Section,No Program Listed,External Program Partners,978
VRHS,PHA-LEGD,Maternal and Child Health Epidemiology Section,No Program Listed,Public,978
VRHS,PHA-LEGD,Maternal and Child Health Epidemiology Section,No Program Listed,Other Areas of MDHHS,978
VRHS,PHA-LEGD,Maternal and Child Health Epidemiology Section,No Program Listed,External Program Partners,978
VRHS,PHA-LEGD,Maternal and Child Health Epidemiology Section,No Program Listed,Public,978
VRHS,PHA-LEGD,Maternal and Child Health Epidemiology Section,No Program Listed,Other Areas of MDHHS,978
VRHS,PHA-LEGD,Maternal and Child Health Epidemiology Section,No Program Listed,External Program Partners,978
VRHS,PHA-LEGD,Maternal and Child Health Epidemiology Section,No Program Listed,Public,978
VRHS,PHA-LEGD,Maternal and Child Health Epidemiology Section,No Program Listed,Other Areas of MDHHS,978
VRHS,PHA-LEGD,Maternal and Child Health Epidemiology Section,No Program Listed,External Program Partners,978
VRHS,PHA-LEGD,Maternal and Child Health Epidemiology Section,No Program Listed,Public,978
VRHS,PHA-LEGD,Maternal and Child Health Epidemiology Section,No Program Listed,Other Areas of MDHHS,978
VRHS,PHA-LEGD,Maternal and Child Health Epidemiology Section,No Program Listed,External Program Partners,978
VRHS,PHA-LEGD,Maternal and Child Health Epidemiology Section,No Program Listed,Public,978
VRHS,PHA-LEGD,Maternal and Child Health Epidemiology Section,No Program Listed,Other Areas of MDHHS,978
VRHS,PHA-LEGD,Maternal and Child Health Epidemiology Section,No Program Listed,External Program Partners,978
VRHS,PHA-LEGD,Maternal and Child Health Epidemiology Section,No Program Listed,Public,978
LEGD,PHA-LEGD,Maternal and Child Health Epidemiology Section,No Program Listed,Other Areas of MDHHS,56
LEGD,PHA-LEGD,Maternal and Child Health Epidemiology Section,No Program Listed,Other Areas of MDHHS,56
LEGD,PHA-LEGD,Maternal and Child Health Epidemiology Section,No Program Listed,State of Michigan,56
LEGD,PHA-LEGD,Maternal and Child Health Epidemiology Section,No Program Listed,State of Michigan,56
LEGD,PHA-LEGD,Maternal and Child Health Epidemiology Section,No Program Listed,Other Areas of MDHHS,56
LEGD,PHA-LEGD,Maternal and Child Health Epidemiology Section,No Program Listed,Other Areas of MDHHS,56
LEGD,PHA-LEGD,Maternal and Child Health Epidemiology Section,No Program Listed,State of Michigan,56
LEGD,PHA-LEGD,Maternal and Child Health Epidemiology Section,No Program Listed,State of Michigan,56
LEGD,PHA-LEGD,Maternal and Child Health Epidemiology Section,No Program Listed,Other Areas of MDHHS,56
LEGD,PHA-LEGD,Maternal and Child Health Epidemiology Section,No Program Listed,Other Areas of MDHHS,56
LEGD,PHA-LEGD,Maternal and Child Health Epidemiology Section,No Program Listed,State of Michigan,56
LEGD,PHA-LEGD,Maternal and Child Health Epidemiology Section,No Program Listed,State of Michigan,56
External Program Partners,PHA-LEGD,Maternal and Child Health Epidemiology Section,No Program Listed,Other Areas of MDHHS,310
External Program Partners,PHA-LEGD,Maternal and Child Health Epidemiology Section,No Program Listed,Other Areas of MDHHS,310
External Program Partners,PHA-LEGD,Maternal and Child Health Epidemiology Section,No Program Listed,Other Areas of MDHHS,310
LEGD,PHA-LEGD,Maternal and Child Health Epidemiology Section,No Program Listed,Other Areas of MDHHS,388
LEGD,PHA-LEGD,Maternal and Child Health Epidemiology Section,No Program Listed,Other Areas of MDHHS,388
LEGD,PHA-LEGD,Maternal and Child Health Epidemiology Section,No Program Listed,External Program Partners,388
LEGD,PHA-LEGD,Maternal and Child Health Epidemiology Section,No Program Listed,External Program Partners,388
LEGD,PHA-LEGD,Maternal and Child Health Epidemiology Section,No Program Listed,Other Areas of MDHHS,388
LEGD,PHA-LEGD,Maternal and Child Health Epidemiology Section,No Program Listed,Other Areas of MDHHS,388
LEGD,PHA-LEGD,Maternal and Child Health Epidemiology Section,No Program Listed,External Program Partners,388
LEGD,PHA-LEGD,Maternal and Child Health Epidemiology Section,No Program Listed,External Program Partners,388
LEGD,PHA-LEGD,Maternal and Child Health Epidemiology Section,No Program Listed,Other Areas of MDHHS,388
LEGD,PHA-LEGD,Maternal and Child Health Epidemiology Section,No Program Listed,Other Areas of MDHHS,388
LEGD,PHA-LEGD,Maternal and Child Health Epidemiology Section,No Program Listed,External Program Partners,388
LEGD,PHA-LEGD,Maternal and Child Health Epidemiology Section,No Program Listed,External Program Partners,388
Federal Partners,PHA-LEGD,Maternal and Child Health Epidemiology Section,No Program Listed,Other Areas of MDHHS,928
Federal Partners,PHA-LEGD,Maternal and Child Health Epidemiology Section,No Program Listed,External Program Partners,928
Federal Partners,PHA-LEGD,Maternal and Child Health Epidemiology Section,No Program Listed,Public,928
Federal Partners,PHA-LEGD,Maternal and Child Health Epidemiology Section,No Program Listed,Other Areas of MDHHS,928
Federal Partners,PHA-LEGD,Maternal and Child Health Epidemiology Section,No Program Listed,External Program Partners,928
Federal Partners,PHA-LEGD,Maternal and Child Health Epidemiology Section,No Program Listed,Public,928
Federal Partners,PHA-LEGD,Maternal and Child Health Epidemiology Section,No Program Listed,Other Areas of MDHHS,928
Federal Partners,PHA-LEGD,Maternal and Child Health Epidemiology Section,No Program Listed,External Program Partners,928
Federal Partners,PHA-LEGD,Maternal and Child Health Epidemiology Section,No Program Listed,Public,928
Federal Partners,PHA-LEGD,Maternal and Child Health Epidemiology Section,No Program Listed,Other Areas of MDHHS,928
Federal Partners,PHA-LEGD,Maternal and Child Health Epidemiology Section,No Program Listed,External Program Partners,928
Federal Partners,PHA-LEGD,Maternal and Child Health Epidemiology Section,No Program Listed,Public,928
Other Areas of MDHHS,PHA-LEGD,Maternal and Child Health Epidemiology Section,No Program Listed,Other Areas of MDHHS,870
Other Areas of MDHHS,PHA-LEGD,Maternal and Child Health Epidemiology Section,No Program Listed,Other Areas of MDHHS,870
Other Areas of MDHHS,PHA-LEGD,Maternal and Child Health Epidemiology Section,No Program Listed,External Program Partners,870
Other Areas of MDHHS,PHA-LEGD,Maternal and Child Health Epidemiology Section,No Program Listed,External Program Partners,870
Other Areas of MDHHS,PHA-LEGD,Maternal and Child Health Epidemiology Section,No Program Listed,Public,870
Other Areas of MDHHS,PHA-LEGD,Maternal and Child Health Epidemiology Section,No Program Listed,Public,870
Other Areas of MDHHS,PHA-LEGD,Maternal and Child Health Epidemiology Section,No Program Listed,Other Areas of MDHHS,870
Other Areas of MDHHS,PHA-LEGD,Maternal and Child Health Epidemiology Section,No Program Listed,Other Areas of MDHHS,870
Other Areas of MDHHS,PHA-LEGD,Maternal and Child Health Epidemiology Section,No Program Listed,External Program Partners,870
Other Areas of MDHHS,PHA-LEGD,Maternal and Child Health Epidemiology Section,No Program Listed,External Program Partners,870
Other Areas of MDHHS,PHA-LEGD,Maternal and Child Health Epidemiology Section,No Program Listed,Public,870
Other Areas of MDHHS,PHA-LEGD,Maternal and Child Health Epidemiology Section,No Program Listed,Public,870
Other Areas of MDHHS,PHA-LEGD,Maternal and Child Health Epidemiology Section,No Program Listed,Other Areas of MDHHS,870
Other Areas of MDHHS,PHA-LEGD,Maternal and Child Health Epidemiology Section,No Program Listed,Other Areas of MDHHS,870
Other Areas of MDHHS,PHA-LEGD,Maternal and Child Health Epidemiology Section,No Program Listed,External Program Partners,870
Other Areas of MDHHS,PHA-LEGD,Maternal and Child Health Epidemiology Section,No Program Listed,External Program Partners,870
Other Areas of MDHHS,PHA-LEGD,Maternal and Child Health Epidemiology Section,No Program Listed,Public,870
Other Areas of MDHHS,PHA-LEGD,Maternal and Child Health Epidemiology Section,No Program Listed,Public,870
Other Areas of MDHHS,PHA-LEGD,Maternal and Child Health Epidemiology Section,No Program Listed,Other Areas of MDHHS,870
Other Areas of MDHHS,PHA-LEGD,Maternal and Child Health Epidemiology Section,No Program Listed,Other Areas of MDHHS,870
Other Areas of MDHHS,PHA-LEGD,Maternal and Child Health Epidemiology Section,No Program Listed,External Program Partners,870
Other Areas of MDHHS,PHA-LEGD,Maternal and Child Health Epidemiology Section,No Program Listed,External Program Partners,870
Other Areas of MDHHS,PHA-LEGD,Maternal and Child Health Epidemiology Section,No Program Listed,Public,870
Other Areas of MDHHS,PHA-LEGD,Maternal and Child Health Epidemiology Section,No Program Listed,Public,870
LEGD,PHA-LEGD,Maternal and Child Health Epidemiology Section,No Program Listed,Other Areas of MDHHS,237
LEGD,PHA-LEGD,Maternal and Child Health Epidemiology Section,No Program Listed,External Program Partners,237
LEGD,PHA-LEGD,Maternal and Child Health Epidemiology Section,No Program Listed,Public,237
LEGD,PHA-LEGD,Maternal and Child Health Epidemiology Section,No Program Listed,Other Areas of MDHHS,237
LEGD,PHA-LEGD,Maternal and Child Health Epidemiology Section,No Program Listed,External Program Partners,237
LEGD,PHA-LEGD,Maternal and Child Health Epidemiology Section,No Program Listed,Public,237
LEGD,PHA-LEGD,Maternal and Child Health Epidemiology Section,No Program Listed,Other Areas of MDHHS,237
LEGD,PHA-LEGD,Maternal and Child Health Epidemiology Section,No Program Listed,External Program Partners,237
LEGD,PHA-LEGD,Maternal and Child Health Epidemiology Section,No Program Listed,Public,237
LEGD,PHA-LEGD,Maternal and Child Health Epidemiology Section,No Program Listed,Other Areas of MDHHS,237
LEGD,PHA-LEGD,Maternal and Child Health Epidemiology Section,No Program Listed,External Program Partners,237
LEGD,PHA-LEGD,Maternal and Child Health Epidemiology Section,No Program Listed,Public,237
LEGD,PHA-LEGD,Maternal and Child Health Epidemiology Section,No Program Listed,Other Areas of MDHHS,591
LEGD,PHA-LEGD,Maternal and Child Health Epidemiology Section,No Program Listed,Other Areas of MDHHS,591
LEGD,PHA-LEGD,Maternal and Child Health Epidemiology Section,No Program Listed,External Program Partners,591
LEGD,PHA-LEGD,Maternal and Child Health Epidemiology Section,No Program Listed,External Program Partners,591
LEGD,PHA-LEGD,Maternal and Child Health Epidemiology Section,No Program Listed,Other Areas of MDHHS,591
LEGD,PHA-LEGD,Maternal and Child Health Epidemiology Section,No Program Listed,Other Areas of MDHHS,591
LEGD,PHA-LEGD,Maternal and Child Health Epidemiology Section,No Program Listed,External Program Partners,591
LEGD,PHA-LEGD,Maternal and Child Health Epidemiology Section,No Program Listed,External Program Partners,591
LEGD,PHA-LEGD,Maternal and Child Health Epidemiology Section,No Program Listed,Other Areas of MDHHS,591
LEGD,PHA-LEGD,Maternal and Child Health Epidemiology Section,No Program Listed,Other Areas of MDHHS,591
LEGD,PHA-LEGD,Maternal and Child Health Epidemiology Section,No Program Listed,External Program Partners,591
LEGD,PHA-LEGD,Maternal and Child Health Epidemiology Section,No Program Listed,External Program Partners,591
VRHS,PHA-LEGD,Maternal and Child Health Epidemiology Section,No Program Listed,Other Areas of MDHHS,937
VRHS,PHA-LEGD,Maternal and Child Health Epidemiology Section,No Program Listed,Other Areas of MDHHS,937
VRHS,PHA-LEGD,Maternal and Child Health Epidemiology Section,No Program Listed,External Program Partners,937
VRHS,PHA-LEGD,Maternal and Child Health Epidemiology Section,No Program Listed,External Program Partners,937
VRHS,PHA-LEGD,Maternal and Child Health Epidemiology Section,No Program Listed,Public,937
VRHS,PHA-LEGD,Maternal and Child Health Epidemiology Section,No Program Listed,Public,937
VRHS,PHA-LEGD,Maternal and Child Health Epidemiology Section,No Program Listed,Other Areas of MDHHS,937
VRHS,PHA-LEGD,Maternal and Child Health Epidemiology Section,No Program Listed,Other Areas of MDHHS,937
VRHS,PHA-LEGD,Maternal and Child Health Epidemiology Section,No Program Listed,External Program Partners,937
VRHS,PHA-LEGD,Maternal and Child Health Epidemiology Section,No Program Listed,External Program Partners,937
VRHS,PHA-LEGD,Maternal and Child Health Epidemiology Section,No Program Listed,Public,937
VRHS,PHA-LEGD,Maternal and Child Health Epidemiology Section,No Program Listed,Public,937
VRHS,PHA-LEGD,Maternal and Child Health Epidemiology Section,No Program Listed,Other Areas of MDHHS,937
VRHS,PHA-LEGD,Maternal and Child Health Epidemiology Section,No Program Listed,Other Areas of MDHHS,937
VRHS,PHA-LEGD,Maternal and Child Health Epidemiology Section,No Program Listed,External Program Partners,937
VRHS,PHA-LEGD,Maternal and Child Health Epidemiology Section,No Program Listed,External Program Partners,937
VRHS,PHA-LEGD,Maternal and Child Health Epidemiology Section,No Program Listed,Public,937
VRHS,PHA-LEGD,Maternal and Child Health Epidemiology Section,No Program Listed,Public,937
VRHS,PHA-LEGD,Maternal and Child Health Epidemiology Section,No Program Listed,Other Areas of MDHHS,937
VRHS,PHA-LEGD,Maternal and Child Health Epidemiology Section,No Program Listed,Other Areas of MDHHS,937
VRHS,PHA-LEGD,Maternal and Child Health Epidemiology Section,No Program Listed,External Program Partners,937
VRHS,PHA-LEGD,Maternal and Child Health Epidemiology Section,No Program Listed,External Program Partners,937
VRHS,PHA-LEGD,Maternal and Child Health Epidemiology Section,No Program Listed,Public,937
VRHS,PHA-LEGD,Maternal and Child Health Epidemiology Section,No Program Listed,Public,937
VRHS,PHA-LEGD,Maternal and Child Health Epidemiology Section,No Program Listed,Other Areas of MDHHS,937
VRHS,PHA-LEGD,Maternal and Child Health Epidemiology Section,No Program Listed,Other Areas of MDHHS,937
VRHS,PHA-LEGD,Maternal and Child Health Epidemiology Section,No Program Listed,External Program Partners,937
VRHS,PHA-LEGD,Maternal and Child Health Epidemiology Section,No Program Listed,External Program Partners,937
VRHS,PHA-LEGD,Maternal and Child Health Epidemiology Section,No Program Listed,Public,937
VRHS,PHA-LEGD,Maternal and Child Health Epidemiology Section,No Program Listed,Public,937
VRHS,PHA-LEGD,Maternal and Child Health Epidemiology Section,No Program Listed,Other Areas of MDHHS,937
VRHS,PHA-LEGD,Maternal and Child Health Epidemiology Section,No Program Listed,Other Areas of MDHHS,937
VRHS,PHA-LEGD,Maternal and Child Health Epidemiology Section,No Program Listed,External Program Partners,937
VRHS,PHA-LEGD,Maternal and Child Health Epidemiology Section,No Program Listed,External Program Partners,937
VRHS,PHA-LEGD,Maternal and Child Health Epidemiology Section,No Program Listed,Public,937
VRHS,PHA-LEGD,Maternal and Child Health Epidemiology Section,No Program Listed,Public,937
VRHS,PHA-LEGD,Maternal and Child Health Epidemiology Section,No Program Listed,Other Areas of MDHHS,937
VRHS,PHA-LEGD,Maternal and Child Health Epidemiology Section,No Program Listed,Other Areas of MDHHS,937
VRHS,PHA-LEGD,Maternal and Child Health Epidemiology Section,No Program Listed,External Program Partners,937
VRHS,PHA-LEGD,Maternal and Child Health Epidemiology Section,No Program Listed,External Program Partners,937
VRHS,PHA-LEGD,Maternal and Child Health Epidemiology Section,No Program Listed,Public,937
VRHS,PHA-LEGD,Maternal and Child Health Epidemiology Section,No Program Listed,Public,937
VRHS,PHA-LEGD,Maternal and Child Health Epidemiology Section,No Program Listed,Other Areas of MDHHS,937
VRHS,PHA-LEGD,Maternal and Child Health Epidemiology Section,No Program Listed,Other Areas of MDHHS,937
VRHS,PHA-LEGD,Maternal and Child Health Epidemiology Section,No Program Listed,External Program Partners,937
VRHS,PHA-LEGD,Maternal and Child Health Epidemiology Section,No Program Listed,External Program Partners,937
VRHS,PHA-LEGD,Maternal and Child Health Epidemiology Section,No Program Listed,Public,937
VRHS,PHA-LEGD,Maternal and Child Health Epidemiology Section,No Program Listed,Public,937
LEGD,PHA-LEGD,Maternal and Child Health Epidemiology Section,No Program Listed,Other Areas of MDHHS,543
LEGD,PHA-LEGD,Maternal and Child Health Epidemiology Section,No Program Listed,Other Areas of MDHHS,543
LEGD,PHA-LEGD,Maternal and Child Health Epidemiology Section,No Program Listed,External Program Partners,543
LEGD,PHA-LEGD,Maternal and Child Health Epidemiology Section,No Program Listed,External Program Partners,543
LEGD,PHA-LEGD,Maternal and Child Health Epidemiology Section,No Program Listed,Public,543
LEGD,PHA-LEGD,Maternal and Child Health Epidemiology Section,No Program Listed,Public,543
LEGD,PHA-LEGD,Maternal and Child Health Epidemiology Section,No Program Listed,Other Areas of MDHHS,543
LEGD,PHA-LEGD,Maternal and Child Health Epidemiology Section,No Program Listed,Other Areas of MDHHS,543
LEGD,PHA-LEGD,Maternal and Child Health Epidemiology Section,No Program Listed,External Program Partners,543
LEGD,PHA-LEGD,Maternal and Child Health Epidemiology Section,No Program Listed,External Program Partners,543
LEGD,PHA-LEGD,Maternal and Child Health Epidemiology Section,No Program Listed,Public,543
LEGD,PHA-LEGD,Maternal and Child Health Epidemiology Section,No Program Listed,Public,543
LEGD,PHA-LEGD,Maternal and Child Health Epidemiology Section,No Program Listed,Other Areas of MDHHS,543
LEGD,PHA-LEGD,Maternal and Child Health Epidemiology Section,No Program Listed,Other Areas of MDHHS,543
LEGD,PHA-LEGD,Maternal and Child Health Epidemiology Section,No Program Listed,External Program Partners,543
LEGD,PHA-LEGD,Maternal and Child Health Epidemiology Section,No Program Listed,External Program Partners,543
LEGD,PHA-LEGD,Maternal and Child Health Epidemiology Section,No Program Listed,Public,543
LEGD,PHA-LEGD,Maternal and Child Health Epidemiology Section,No Program Listed,Public,543
LEGD,PHA-LEGD,Maternal and Child Health Epidemiology Section,No Program Listed,Other Areas of MDHHS,915
LEGD,PHA-LEGD,Maternal and Child Health Epidemiology Section,No Program Listed,External Program Partners,915
LEGD,PHA-LEGD,Maternal and Child Health Epidemiology Section,No Program Listed,Public,915
LEGD,PHA-LEGD,Maternal and Child Health Epidemiology Section,No Program Listed,Other Areas of MDHHS,915
LEGD,PHA-LEGD,Maternal and Child Health Epidemiology Section,No Program Listed,External Program Partners,915
LEGD,PHA-LEGD,Maternal and Child Health Epidemiology Section,No Program Listed,Public,915
LEGD,PHA-LEGD,Maternal and Child Health Epidemiology Section,No Program Listed,Other Areas of MDHHS,915
LEGD,PHA-LEGD,Maternal and Child Health Epidemiology Section,No Program Listed,External Program Partners,915
LEGD,PHA-LEGD,Maternal and Child Health Epidemiology Section,No Program Listed,Public,915
LEGD,PHA-LEGD,Maternal and Child Health Epidemiology Section,No Program Listed,Other Areas of MDHHS,915
LEGD,PHA-LEGD,Maternal and Child Health Epidemiology Section,No Program Listed,External Program Partners,915
LEGD,PHA-LEGD,Maternal and Child Health Epidemiology Section,No Program Listed,Public,915
MDHHS-Owned System,PHA-LEGD,Maternal and Child Health Epidemiology Section,No Program Listed,Other Areas of MDHHS,363
MDHHS-Owned System,PHA-LEGD,Maternal and Child Health Epidemiology Section,No Program Listed,External Program Partners,363
MDHHS-Owned System,PHA-LEGD,Maternal and Child Health Epidemiology Section,No Program Listed,Public,363
MDHHS-Owned System,PHA-LEGD,Maternal and Child Health Epidemiology Section,No Program Listed,Other Areas of MDHHS,363
MDHHS-Owned System,PHA-LEGD,Maternal and Child Health Epidemiology Section,No Program Listed,External Program Partners,363
MDHHS-Owned System,PHA-LEGD,Maternal and Child Health Epidemiology Section,No Program Listed,Public,363
MDHHS-Owned System,PHA-LEGD,Maternal and Child Health Epidemiology Section,No Program Listed,Other Areas of MDHHS,363
MDHHS-Owned System,PHA-LEGD,Maternal and Child Health Epidemiology Section,No Program Listed,External Program Partners,363
MDHHS-Owned System,PHA-LEGD,Maternal and Child Health Epidemiology Section,No Program Listed,Public,363
MDHHS-Owned System,PHA-LEGD,Maternal and Child Health Epidemiology Section,No Program Listed,Other Areas of MDHHS,363
MDHHS-Owned System,PHA-LEGD,Maternal and Child Health Epidemiology Section,No Program Listed,External Program Partners,363
MDHHS-Owned System,PHA-LEGD,Maternal and Child Health Epidemiology Section,No Program Listed,Public,363
LEGD,PHA-LEGD,Newborn Screening Section,No Program Listed,Hospital & Providers/Parents,428
LEGD,PHA-LEGD,Newborn Screening Section,No Program Listed,Hospital & Providers/Parents,428
LEGD,PHA-LEGD,Newborn Screening Section,No Program Listed,Hospital & Providers/Parents,428
LEGD,PHA-LEGD,Newborn Screening Section,No Program Listed,Hospital & Providers/Parents,428
LEGD,PHA-LEGD,Newborn Screening Section,No Program Listed,Within LEGD,428
LEGD,PHA-LEGD,Newborn Screening Section,No Program Listed,Within LEGD,428
LEGD,PHA-LEGD,Newborn Screening Section,No Program Listed,Within LEGD,428
LEGD,PHA-LEGD,Newborn Screening Section,No Program Listed,Within LEGD,428
LEGD,PHA-LEGD,Newborn Screening Section,No Program Listed,Within LEGD,354
LEGD,PHA-LEGD,Newborn Screening Section,No Program Listed,Within LEGD,354
LEGD,PHA-LEGD,Newborn Screening Section,No Program Listed,Within LEGD,354
LEGD,PHA-LEGD,Newborn Screening Section,No Program Listed,Hospital & Providers/Parents,354
LEGD,PHA-LEGD,Newborn Screening Section,No Program Listed,Hospital & Providers/Parents,354
LEGD,PHA-LEGD,Newborn Screening Section,No Program Listed,Hospital & Providers/Parents,354
LEGD,PHA-LEGD,Newborn Screening Section,No Program Listed,Within LEGD,354
LEGD,PHA-LEGD,Newborn Screening Section,No Program Listed,Within LEGD,354
LEGD,PHA-LEGD,Newborn Screening Section,No Program Listed,Within LEGD,354
LEGD,PHA-LEGD,Newborn Screening Section,No Program Listed,Hospital & Providers/Parents,354
LEGD,PHA-LEGD,Newborn Screening Section,No Program Listed,Hospital & Providers/Parents,354
LEGD,PHA-LEGD,Newborn Screening Section,No Program Listed,Hospital & Providers/Parents,354
LEGD,PHA-LEGD,Newborn Screening Section,No Program Listed,Hospital & Providers/Parents,551
LEGD,PHA-LEGD,Newborn Screening Section,No Program Listed,Hospital & Providers/Parents,551
LEGD,PHA-LEGD,Newborn Screening Section,No Program Listed,Hospital & Providers/Parents,551
LEGD,PHA-LEGD,Newborn Screening Section,No Program Listed,Hospital & Providers/Parents,551
LEGD,PHA-LEGD,Newborn Screening Section,No Program Listed,Hospital & Providers/Parents,551
LEGD,PHA-LEGD,Newborn Screening Section,No Program Listed,Hospital & Providers/Parents,551
LEGD,PHA-LEGD,Newborn Screening Section,No Program Listed,Public,82
LEGD,PHA-LEGD,Newborn Screening Section,No Program Listed,Hospital & Providers/Parents,492
LEGD,PHA-LEGD,Newborn Screening Section,No Program Listed,Hospital & Providers/Parents,492
LEGD,PHA-LEGD,Newborn Screening Section,No Program Listed,Hospital & Providers/Parents,492
LEGD,PHA-LEGD,Newborn Screening Section,No Program Listed,Hospital & Providers/Parents,492
LEGD,PHA-LEGD,Newborn Screening Section,No Program Listed,Hospital & Providers/Parents,492
LEGD,PHA-LEGD,Newborn Screening Section,No Program Listed,Hospital & Providers/Parents,492
LEGD,PHA-LEGD,Newborn Screening Section,No Program Listed,Hospital & Providers/Parents,492
LEGD,PHA-LEGD,Newborn Screening Section,No Program Listed,Hospital & Providers/Parents,492
LEGD,PHA-LEGD,Newborn Screening Section,No Program Listed,Within LEGD,382
LEGD,PHA-LEGD,Newborn Screening Section,No Program Listed,Within LEGD,382
LEGD,PHA-LEGD,Newborn Screening Section,No Program Listed,Within LEGD,382
LEGD,PHA-LEGD,Newborn Screening Section,No Program Listed,Other Areas of MDHHS,382
LEGD,PHA-LEGD,Newborn Screening Section,No Program Listed,Other Areas of MDHHS,382
LEGD,PHA-LEGD,Newborn Screening Section,No Program Listed,Other Areas of MDHHS,382
LEGD,PHA-LEGD,Newborn Screening Section,No Program Listed,Hospital & Providers/Parents,382
LEGD,PHA-LEGD,Newborn Screening Section,No Program Listed,Hospital & Providers/Parents,382
LEGD,PHA-LEGD,Newborn Screening Section,No Program Listed,Hospital & Providers/Parents,382
LEGD,PHA-LEGD,Newborn Screening Section,No Program Listed,Within LEGD,382
LEGD,PHA-LEGD,Newborn Screening Section,No Program Listed,Within LEGD,382
LEGD,PHA-LEGD,Newborn Screening Section,No Program Listed,Within LEGD,382
LEGD,PHA-LEGD,Newborn Screening Section,No Program Listed,Other Areas of MDHHS,382
LEGD,PHA-LEGD,Newborn Screening Section,No Program Listed,Other Areas of MDHHS,382
LEGD,PHA-LEGD,Newborn Screening Section,No Program Listed,Other Areas of MDHHS,382
LEGD,PHA-LEGD,Newborn Screening Section,No Program Listed,Hospital & Providers/Parents,382
LEGD,PHA-LEGD,Newborn Screening Section,No Program Listed,Hospital & Providers/Parents,382
LEGD,PHA-LEGD,Newborn Screening Section,No Program Listed,Hospital & Providers/Parents,382
Federal Partners,PHA-LEGD,Behavioral Risk Factor Surveillance System,No Program Listed,Public,196
Federal Partners,PHA-LEGD,Behavioral Risk Factor Surveillance System,No Program Listed,Public,196
Federal Partners,PHA-LEGD,Behavioral Risk Factor Surveillance System,No Program Listed,Public,196
Federal Partners,PHA-LEGD,Behavioral Risk Factor Surveillance System,No Program Listed,Public,196
Federal Partners,PHA-LEGD,Behavioral Risk Factor Surveillance System,No Program Listed,Public,196
Federal Partners,PHA-LEGD,Behavioral Risk Factor Surveillance System,No Program Listed,Public,196
Federal Partners,PHA-LEGD,Behavioral Risk Factor Surveillance System,No Program Listed,Public,196
Federal Partners,PHA-LEGD,Behavioral Risk Factor Surveillance System,No Program Listed,Public,196
LEGD,PHA-LEGD,Public Health Genomics Section,No Program Listed,Within LEGD,362
LEGD,PHA-LEGD,Public Health Genomics Section,No Program Listed,Within LEGD,362
LEGD,PHA-LEGD,Public Health Genomics Section,No Program Listed,External Program Partners,362
LEGD,PHA-LEGD,Public Health Genomics Section,No Program Listed,External Program Partners,362
LEGD,PHA-LEGD,Public Health Genomics Section,No Program Listed,Within LEGD,362
LEGD,PHA-LEGD,Public Health Genomics Section,No Program Listed,Within LEGD,362
LEGD,PHA-LEGD,Public Health Genomics Section,No Program Listed,External Program Partners,362
LEGD,PHA-LEGD,Public Health Genomics Section,No Program Listed,External Program Partners,362
LEGD,PHA-LEGD,Public Health Genomics Section,No Program Listed,Within LEGD,362
LEGD,PHA-LEGD,Public Health Genomics Section,No Program Listed,Within LEGD,362
LEGD,PHA-LEGD,Public Health Genomics Section,No Program Listed,External Program Partners,362
LEGD,PHA-LEGD,Public Health Genomics Section,No Program Listed,External Program Partners,362
LEGD,PHA-LEGD,Public Health Genomics Section,No Program Listed,Within LEGD,876
LEGD,PHA-LEGD,Public Health Genomics Section,No Program Listed,Within LEGD,876
External Program Partners,PHA-LEGD,Public Health Genomics Section,No Program Listed,Within LEGD,289
External Program Partners,PHA-LEGD,Public Health Genomics Section,No Program Listed,Within LEGD,289
External Program Partners,PHA-LEGD,Public Health Genomics Section,No Program Listed,Other Areas of MDHHS,289
External Program Partners,PHA-LEGD,Public Health Genomics Section,No Program Listed,Other Areas of MDHHS,289
External Program Partners,PHA-LEGD,Public Health Genomics Section,No Program Listed,Within LEGD,289
External Program Partners,PHA-LEGD,Public Health Genomics Section,No Program Listed,Within LEGD,289
External Program Partners,PHA-LEGD,Public Health Genomics Section,No Program Listed,Other Areas of MDHHS,289
External Program Partners,PHA-LEGD,Public Health Genomics Section,No Program Listed,Other Areas of MDHHS,289
External Program Partners,PHA-LEGD,Public Health Genomics Section,No Program Listed,Within LEGD,289
External Program Partners,PHA-LEGD,Public Health Genomics Section,No Program Listed,Within LEGD,289
External Program Partners,PHA-LEGD,Public Health Genomics Section,No Program Listed,Other Areas of MDHHS,289
External Program Partners,PHA-LEGD,Public Health Genomics Section,No Program Listed,Other Areas of MDHHS,289
External Program Partners,PHA-LEGD,Public Health Genomics Section,No Program Listed,Within LEGD,289
External Program Partners,PHA-LEGD,Public Health Genomics Section,No Program Listed,Within LEGD,289
External Program Partners,PHA-LEGD,Public Health Genomics Section,No Program Listed,Other Areas of MDHHS,289
External Program Partners,PHA-LEGD,Public Health Genomics Section,No Program Listed,Other Areas of MDHHS,289
External Program Partners,PHA-LEGD,Chronic Disease Epidemiology Section,No Program Listed,Other Areas of MDHHS,457
External Program Partners,PHA-LEGD,Chronic Disease Epidemiology Section,No Program Listed,Other Areas of MDHHS,457
External Program Partners,PHA-LEGD,Chronic Disease Epidemiology Section,No Program Listed,Other Areas of MDHHS,457
External Program Partners,PHA-LEGD,Chronic Disease Epidemiology Section,No Program Listed,Other Areas of MDHHS,457
External Program Partners,PHA-LEGD,Chronic Disease Epidemiology Section,No Program Listed,External Program Partners,457
External Program Partners,PHA-LEGD,Chronic Disease Epidemiology Section,No Program Listed,External Program Partners,457
External Program Partners,PHA-LEGD,Chronic Disease Epidemiology Section,No Program Listed,External Program Partners,457
External Program Partners,PHA-LEGD,Chronic Disease Epidemiology Section,No Program Listed,External Program Partners,457
External Program Partners,PHA-LEGD,Chronic Disease Epidemiology Section,No Program Listed,Public,457
External Program Partners,PHA-LEGD,Chronic Disease Epidemiology Section,No Program Listed,Public,457
External Program Partners,PHA-LEGD,Chronic Disease Epidemiology Section,No Program Listed,Public,457
External Program Partners,PHA-LEGD,Chronic Disease Epidemiology Section,No Program Listed,Public,457
External Program Partners,PHA-LEGD,Chronic Disease Epidemiology Section,No Program Listed,Other Areas of MDHHS,457
External Program Partners,PHA-LEGD,Chronic Disease Epidemiology Section,No Program Listed,Other Areas of MDHHS,457
External Program Partners,PHA-LEGD,Chronic Disease Epidemiology Section,No Program Listed,Other Areas of MDHHS,457
External Program Partners,PHA-LEGD,Chronic Disease Epidemiology Section,No Program Listed,Other Areas of MDHHS,457
External Program Partners,PHA-LEGD,Chronic Disease Epidemiology Section,No Program Listed,External Program Partners,457
External Program Partners,PHA-LEGD,Chronic Disease Epidemiology Section,No Program Listed,External Program Partners,457
External Program Partners,PHA-LEGD,Chronic Disease Epidemiology Section,No Program Listed,External Program Partners,457
External Program Partners,PHA-LEGD,Chronic Disease Epidemiology Section,No Program Listed,External Program Partners,457
External Program Partners,PHA-LEGD,Chronic Disease Epidemiology Section,No Program Listed,Public,457
External Program Partners,PHA-LEGD,Chronic Disease Epidemiology Section,No Program Listed,Public,457
External Program Partners,PHA-LEGD,Chronic Disease Epidemiology Section,No Program Listed,Public,457
External Program Partners,PHA-LEGD,Chronic Disease Epidemiology Section,No Program Listed,Public,457
External Program Partners,PHA-LEGD,Chronic Disease Epidemiology Section,No Program Listed,Other Areas of MDHHS,457
External Program Partners,PHA-LEGD,Chronic Disease Epidemiology Section,No Program Listed,Other Areas of MDHHS,457
External Program Partners,PHA-LEGD,Chronic Disease Epidemiology Section,No Program Listed,Other Areas of MDHHS,457
External Program Partners,PHA-LEGD,Chronic Disease Epidemiology Section,No Program Listed,Other Areas of MDHHS,457
External Program Partners,PHA-LEGD,Chronic Disease Epidemiology Section,No Program Listed,External Program Partners,457
External Program Partners,PHA-LEGD,Chronic Disease Epidemiology Section,No Program Listed,External Program Partners,457
External Program Partners,PHA-LEGD,Chronic Disease Epidemiology Section,No Program Listed,External Program Partners,457
External Program Partners,PHA-LEGD,Chronic Disease Epidemiology Section,No Program Listed,External Program Partners,457
External Program Partners,PHA-LEGD,Chronic Disease Epidemiology Section,No Program Listed,Public,457
External Program Partners,PHA-LEGD,Chronic Disease Epidemiology Section,No Program Listed,Public,457
External Program Partners,PHA-LEGD,Chronic Disease Epidemiology Section,No Program Listed,Public,457
External Program Partners,PHA-LEGD,Chronic Disease Epidemiology Section,No Program Listed,Public,457
LEGD,PHA-LEGD,Chronic Disease Epidemiology Section,No Program Listed,Other Areas of MDHHS,458
LEGD,PHA-LEGD,Chronic Disease Epidemiology Section,No Program Listed,External Program Partners,458
LEGD,PHA-LEGD,Chronic Disease Epidemiology Section,No Program Listed,Public,458
LEGD,PHA-LEGD,Chronic Disease Epidemiology Section,No Program Listed,Other Areas of MDHHS,458
LEGD,PHA-LEGD,Chronic Disease Epidemiology Section,No Program Listed,External Program Partners,458
LEGD,PHA-LEGD,Chronic Disease Epidemiology Section,No Program Listed,Public,458
LEGD,PHA-LEGD,Chronic Disease Epidemiology Section,No Program Listed,Other Areas of MDHHS,458
LEGD,PHA-LEGD,Chronic Disease Epidemiology Section,No Program Listed,External Program Partners,458
LEGD,PHA-LEGD,Chronic Disease Epidemiology Section,No Program Listed,Public,458
LEGD,PHA-LEGD,Chronic Disease Epidemiology Section,No Program Listed,Other Areas of MDHHS,458
LEGD,PHA-LEGD,Chronic Disease Epidemiology Section,No Program Listed,External Program Partners,458
LEGD,PHA-LEGD,Chronic Disease Epidemiology Section,No Program Listed,Public,458
State of Michigan,PHA-LEGD,Chronic Disease Epidemiology Section,No Program Listed,Other Areas of MDHHS,130
State of Michigan,PHA-LEGD,Chronic Disease Epidemiology Section,No Program Listed,External Program Partners,130
State of Michigan,PHA-LEGD,Chronic Disease Epidemiology Section,No Program Listed,Public,130
State of Michigan,PHA-LEGD,Chronic Disease Epidemiology Section,No Program Listed,Other Areas of MDHHS,130
State of Michigan,PHA-LEGD,Chronic Disease Epidemiology Section,No Program Listed,External Program Partners,130
State of Michigan,PHA-LEGD,Chronic Disease Epidemiology Section,No Program Listed,Public,130
State of Michigan,PHA-LEGD,Chronic Disease Epidemiology Section,No Program Listed,Other Areas of MDHHS,130
State of Michigan,PHA-LEGD,Chronic Disease Epidemiology Section,No Program Listed,External Program Partners,130
State of Michigan,PHA-LEGD,Chronic Disease Epidemiology Section,No Program Listed,Public,130
External Program Partners,PHA-LEGD,Chronic Disease Epidemiology Section,No Program Listed,Other Areas of MDHHS,459
External Program Partners,PHA-LEGD,Chronic Disease Epidemiology Section,No Program Listed,External Program Partners,459
External Program Partners,PHA-LEGD,Chronic Disease Epidemiology Section,No Program Listed,Public,459
External Program Partners,PHA-LEGD,Chronic Disease Epidemiology Section,No Program Listed,Other Areas of MDHHS,459
External Program Partners,PHA-LEGD,Chronic Disease Epidemiology Section,No Program Listed,External Program Partners,459
External Program Partners,PHA-LEGD,Chronic Disease Epidemiology Section,No Program Listed,Public,459
External Program Partners,PHA-LEGD,Chronic Disease Epidemiology Section,No Program Listed,Other Areas of MDHHS,459
External Program Partners,PHA-LEGD,Chronic Disease Epidemiology Section,No Program Listed,External Program Partners,459
External Program Partners,PHA-LEGD,Chronic Disease Epidemiology Section,No Program Listed,Public,459
LEGD,PHA-LEGD,Chronic Disease Epidemiology Section,No Program Listed,Other Areas of MDHHS,332
LEGD,PHA-LEGD,Chronic Disease Epidemiology Section,No Program Listed,External Program Partners,332
LEGD,PHA-LEGD,Chronic Disease Epidemiology Section,No Program Listed,Public,332
LEGD,PHA-LEGD,Chronic Disease Epidemiology Section,No Program Listed,Other Areas of MDHHS,332
LEGD,PHA-LEGD,Chronic Disease Epidemiology Section,No Program Listed,External Program Partners,332
LEGD,PHA-LEGD,Chronic Disease Epidemiology Section,No Program Listed,Public,332
LEGD,PHA-LEGD,Chronic Disease Epidemiology Section,No Program Listed,Other Areas of MDHHS,332
LEGD,PHA-LEGD,Chronic Disease Epidemiology Section,No Program Listed,External Program Partners,332
LEGD,PHA-LEGD,Chronic Disease Epidemiology Section,No Program Listed,Public,332
Researchers,PHA-LEGD,Health Disparities Epidemiology Team,No Program Listed,Public,675
Researchers,PHA-LEGD,Health Disparities Epidemiology Team,No Program Listed,LHDs,675
Researchers,PHA-LEGD,Health Disparities Epidemiology Team,No Program Listed,External Program Partners,675
Public,PHA-LEGD,Health Disparities Epidemiology Team,No Program Listed,Other Areas of MDHHS,259
Public,PHA-LEGD,Health Disparities Epidemiology Team,No Program Listed,Other Areas of MDHHS,259
,VRHS,Data Services Section,No Program Listed,Public,597
,VRHS,Data Services Section,No Program Listed,Other Areas of MDHHS,597
,VRHS,Data Services Section,No Program Listed,Federal Partners,597
,VRHS,Data Services Section,No Program Listed,State of Michigan,597
,VRHS,Data Services Section,No Program Listed,Public,427
,VRHS,Data Services Section,No Program Listed,Other Areas of MDHHS,427
,VRHS,Data Services Section,No Program Listed,Federal Partners,427
,VRHS,Data Services Section,No Program Listed,State of Michigan,427
Hospitals and Providers/Parents,VRHS,Data Development Section,No Program Listed,Public,752
Hospitals and Providers/Parents,VRHS,Data Development Section,No Program Listed,Other Areas of MDHHS,752
Hospitals and Providers/Parents,VRHS,Data Development Section,No Program Listed,Federal Partners,752
Hospitals and Providers/Parents,VRHS,Data Development Section,No Program Listed,State of Michigan,752
Hospitals and Providers/Parents,VRHS,Data Development Section,No Program Listed,Public,925
Hospitals and Providers/Parents,VRHS,Data Development Section,No Program Listed,Other Areas of MDHHS,925
Hospitals and Providers/Parents,VRHS,Data Development Section,No Program Listed,Federal Partners,925
Hospitals and Providers/Parents,VRHS,Data Development Section,No Program Listed,State of Michigan,925
Hospitals and Providers/Parents,VRHS,Data Development Section,No Program Listed,Public,625
Hospitals and Providers/Parents,VRHS,Data Development Section,No Program Listed,Other Areas of MDHHS,625
Hospitals and Providers/Parents,VRHS,Data Development Section,No Program Listed,Federal Partners,625
Hospitals and Providers/Parents,VRHS,Data Development Section,No Program Listed,State of Michigan,625
VRHS,VRHS,Data Development Section,No Program Listed,Public,75
VRHS,VRHS,Data Development Section,No Program Listed,Other Areas of MDHHS,75
VRHS,VRHS,Data Development Section,No Program Listed,Federal Partners,75
VRHS,VRHS,Data Development Section,No Program Listed,State of Michigan,75
Hospitals and Providers/Parents,VRHS,Data Development Section,No Program Listed,Public,75
Hospitals and Providers/Parents,VRHS,Data Development Section,No Program Listed,Other Areas of MDHHS,75
Hospitals and Providers/Parents,VRHS,Data Development Section,No Program Listed,Federal Partners,75
Hospitals and Providers/Parents,VRHS,Data Development Section,No Program Listed,State of Michigan,75
VRHS,VRHS,Data Development Section,No Program Listed,Public,880
VRHS,VRHS,Data Development Section,No Program Listed,Other Areas of MDHHS,880
VRHS,VRHS,Data Development Section,No Program Listed,Federal Partners,880
VRHS,VRHS,Data Development Section,No Program Listed,State of Michigan,880
Hospitals and Providers/Parents,VRHS,Data Development Section,No Program Listed,Public,880
Hospitals and Providers/Parents,VRHS,Data Development Section,No Program Listed,Other Areas of MDHHS,880
Hospitals and Providers/Parents,VRHS,Data Development Section,No Program Listed,Federal Partners,880
Hospitals and Providers/Parents,VRHS,Data Development Section,No Program Listed,State of Michigan,880
VRHS,VRHS,Data Development Section,No Program Listed,Public,680
VRHS,VRHS,Data Development Section,No Program Listed,Other Areas of MDHHS,680
VRHS,VRHS,Data Development Section,No Program Listed,Federal Partners,680
VRHS,VRHS,Data Development Section,No Program Listed,State of Michigan,680
Hospitals and Providers/Parents,VRHS,Data Development Section,No Program Listed,Public,680
Hospitals and Providers/Parents,VRHS,Data Development Section,No Program Listed,Other Areas of MDHHS,680
Hospitals and Providers/Parents,VRHS,Data Development Section,No Program Listed,Federal Partners,680
Hospitals and Providers/Parents,VRHS,Data Development Section,No Program Listed,State of Michigan,680
VRHS,VRHS,Data Development Section,No Program Listed,Public,565
VRHS,VRHS,Data Development Section,No Program Listed,Other Areas of MDHHS,565
VRHS,VRHS,Data Development Section,No Program Listed,Federal Partners,565
VRHS,VRHS,Data Development Section,No Program Listed,State of Michigan,565
Hospitals and Providers/Parents,VRHS,Data Development Section,No Program Listed,Public,565
Hospitals and Providers/Parents,VRHS,Data Development Section,No Program Listed,Other Areas of MDHHS,565
Hospitals and Providers/Parents,VRHS,Data Development Section,No Program Listed,Federal Partners,565
Hospitals and Providers/Parents,VRHS,Data Development Section,No Program Listed,State of Michigan,565
Hospitals and Providers/Parents,VRHS,Data Development Section,No Program Listed,Public,666
Hospitals and Providers/Parents,VRHS,Data Development Section,No Program Listed,Other Areas of MDHHS,666
Hospitals and Providers/Parents,VRHS,Data Development Section,No Program Listed,Federal Partners,666
Hospitals and Providers/Parents,VRHS,Data Development Section,No Program Listed,State of Michigan,666
External Program Partners,VRHS,Data Development Section,No Program Listed,Public,241
External Program Partners,VRHS,Data Development Section,No Program Listed,Public,241
External Program Partners,VRHS,Data Development Section,No Program Listed,State of Michigan,241
External Program Partners,VRHS,Data Development Section,No Program Listed,State of Michigan,241
External Program Partners,VRHS,Data Development Section,No Program Listed,Public,550
External Program Partners,VRHS,Data Development Section,No Program Listed,Public,550
External Program Partners,VRHS,Data Development Section,No Program Listed,State of Michigan,550
External Program Partners,VRHS,Data Development Section,No Program Listed,State of Michigan,550
VRHS,VRHS,Data Development Section,No Program Listed,Within VRHS,536
VRHS,VRHS,Data Development Section,No Program Listed,Public,536
VRHS,VRHS,Data Development Section,No Program Listed,Within LEGD,775
VRHS,VRHS,Data Development Section,No Program Listed,Within LEGD,775
VRHS,VRHS,Data Development Section,No Program Listed,Federal Partners,180
VRHS,VRHS,Data Development Section,No Program Listed,Federal Partners,180
VRHS,VRHS,Data Development Section,No Program Listed,Federal Partners,180
VRHS,VRHS,Data Development Section,No Program Listed,Other Areas of MDHHS,180
VRHS,VRHS,Data Development Section,No Program Listed,Other Areas of MDHHS,180
VRHS,VRHS,Data Development Section,No Program Listed,Other Areas of MDHHS,180
VRHS,VRHS,Data Development Section,No Program Listed,LHDs,475
VRHS,VRHS,Data Development Section,No Program Listed,LHDs,475
VRHS,VRHS,Data Development Section,No Program Listed,LHDs,475
VRHS,VRHS,Data Development Section,No Program Listed,LHDs,475
VRHS,VRHS,Data Development Section,No Program Listed,LHDs,475
VRHS,VRHS,Data Development Section,No Program Listed,LHDs,475
VRHS,VRHS,Data Development Section,No Program Listed,LHDs,475
VRHS,VRHS,Data Development Section,No Program Listed,LHDs,475
VRHS,VRHS,Data Development Section,No Program Listed,State of Michigan,475
VRHS,VRHS,Data Development Section,No Program Listed,State of Michigan,475
VRHS,VRHS,Data Development Section,No Program Listed,State of Michigan,475
VRHS,VRHS,Data Development Section,No Program Listed,State of Michigan,475
VRHS,VRHS,Data Development Section,No Program Listed,State of Michigan,475
VRHS,VRHS,Data Development Section,No Program Listed,State of Michigan,475
VRHS,VRHS,Data Development Section,No Program Listed,State of Michigan,475
VRHS,VRHS,Data Development Section,No Program Listed,State of Michigan,475
VRHS,VRHS,Data Development Section,No Program Listed,Public,475
VRHS,VRHS,Data Development Section,No Program Listed,Public,475
VRHS,VRHS,Data Development Section,No Program Listed,Public,475
VRHS,VRHS,Data Development Section,No Program Listed,Public,475
VRHS,VRHS,Data Development Section,No Program Listed,Public,475
VRHS,VRHS,Data Development Section,No Program Listed,Public,475
VRHS,VRHS,Data Development Section,No Program Listed,Public,475
VRHS,VRHS,Data Development Section,No Program Listed,Public,475
VRHS,VRHS,Data Development Section,No Program Listed,Researchers,475
VRHS,VRHS,Data Development Section,No Program Listed,Researchers,475
VRHS,VRHS,Data Development Section,No Program Listed,Researchers,475
VRHS,VRHS,Data Development Section,No Program Listed,Researchers,475
VRHS,VRHS,Data Development Section,No Program Listed,Researchers,475
VRHS,VRHS,Data Development Section,No Program Listed,Researchers,475
VRHS,VRHS,Data Development Section,No Program Listed,Researchers,475
VRHS,VRHS,Data Development Section,No Program Listed,Researchers,475
VRHS,VRHS,Data Development Section,No Program Listed,LHDs,475
VRHS,VRHS,Data Development Section,No Program Listed,LHDs,475
VRHS,VRHS,Data Development Section,No Program Listed,LHDs,475
VRHS,VRHS,Data Development Section,No Program Listed,LHDs,475
VRHS,VRHS,Data Development Section,No Program Listed,LHDs,475
VRHS,VRHS,Data Development Section,No Program Listed,LHDs,475
VRHS,VRHS,Data Development Section,No Program Listed,LHDs,475
VRHS,VRHS,Data Development Section,No Program Listed,LHDs,475
VRHS,VRHS,Data Development Section,No Program Listed,State of Michigan,475
VRHS,VRHS,Data Development Section,No Program Listed,State of Michigan,475
VRHS,VRHS,Data Development Section,No Program Listed,State of Michigan,475
VRHS,VRHS,Data Development Section,No Program Listed,State of Michigan,475
VRHS,VRHS,Data Development Section,No Program Listed,State of Michigan,475
VRHS,VRHS,Data Development Section,No Program Listed,State of Michigan,475
VRHS,VRHS,Data Development Section,No Program Listed,State of Michigan,475
VRHS,VRHS,Data Development Section,No Program Listed,State of Michigan,475
VRHS,VRHS,Data Development Section,No Program Listed,Public,475
VRHS,VRHS,Data Development Section,No Program Listed,Public,475
VRHS,VRHS,Data Development Section,No Program Listed,Public,475
VRHS,VRHS,Data Development Section,No Program Listed,Public,475
VRHS,VRHS,Data Development Section,No Program Listed,Public,475
VRHS,VRHS,Data Development Section,No Program Listed,Public,475
VRHS,VRHS,Data Development Section,No Program Listed,Public,475
VRHS,VRHS,Data Development Section,No Program Listed,Public,475
VRHS,VRHS,Data Development Section,No Program Listed,Researchers,475
VRHS,VRHS,Data Development Section,No Program Listed,Researchers,475
VRHS,VRHS,Data Development Section,No Program Listed,Researchers,475
VRHS,VRHS,Data Development Section,No Program Listed,Researchers,475
VRHS,VRHS,Data Development Section,No Program Listed,Researchers,475
VRHS,VRHS,Data Development Section,No Program Listed,Researchers,475
VRHS,VRHS,Data Development Section,No Program Listed,Researchers,475
VRHS,VRHS,Data Development Section,No Program Listed,Researchers,475
VRHS,VRHS,Data Development Section,No Program Listed,LHDs,475
VRHS,VRHS,Data Development Section,No Program Listed,LHDs,475
VRHS,VRHS,Data Development Section,No Program Listed,LHDs,475
VRHS,VRHS,Data Development Section,No Program Listed,LHDs,475
VRHS,VRHS,Data Development Section,No Program Listed,LHDs,475
VRHS,VRHS,Data Development Section,No Program Listed,LHDs,475
VRHS,VRHS,Data Development Section,No Program Listed,LHDs,475
VRHS,VRHS,Data Development Section,No Program Listed,LHDs,475
VRHS,VRHS,Data Development Section,No Program Listed,State of Michigan,475
VRHS,VRHS,Data Development Section,No Program Listed,State of Michigan,475
VRHS,VRHS,Data Development Section,No Program Listed,State of Michigan,475
VRHS,VRHS,Data Development Section,No Program Listed,State of Michigan,475
VRHS,VRHS,Data Development Section,No Program Listed,State of Michigan,475
VRHS,VRHS,Data Development Section,No Program Listed,State of Michigan,475
VRHS,VRHS,Data Development Section,No Program Listed,State of Michigan,475
VRHS,VRHS,Data Development Section,No Program Listed,State of Michigan,475
VRHS,VRHS,Data Development Section,No Program Listed,Public,475
VRHS,VRHS,Data Development Section,No Program Listed,Public,475
VRHS,VRHS,Data Development Section,No Program Listed,Public,475
VRHS,VRHS,Data Development Section,No Program Listed,Public,475
VRHS,VRHS,Data Development Section,No Program Listed,Public,475
VRHS,VRHS,Data Development Section,No Program Listed,Public,475
VRHS,VRHS,Data Development Section,No Program Listed,Public,475
VRHS,VRHS,Data Development Section,No Program Listed,Public,475
VRHS,VRHS,Data Development Section,No Program Listed,Researchers,475
VRHS,VRHS,Data Development Section,No Program Listed,Researchers,475
VRHS,VRHS,Data Development Section,No Program Listed,Researchers,475
VRHS,VRHS,Data Development Section,No Program Listed,Researchers,475
VRHS,VRHS,Data Development Section,No Program Listed,Researchers,475
VRHS,VRHS,Data Development Section,No Program Listed,Researchers,475
VRHS,VRHS,Data Development Section,No Program Listed,Researchers,475
VRHS,VRHS,Data Development Section,No Program Listed,Researchers,475
VRHS,VRHS,Data Development Section,No Program Listed,LHDs,99
VRHS,VRHS,Data Development Section,No Program Listed,LHDs,99
VRHS,VRHS,Data Development Section,No Program Listed,LHDs,99
VRHS,VRHS,Data Development Section,No Program Listed,LHDs,99
VRHS,VRHS,Data Development Section,No Program Listed,LHDs,99
VRHS,VRHS,Data Development Section,No Program Listed,LHDs,99
VRHS,VRHS,Data Development Section,No Program Listed,LHDs,99
VRHS,VRHS,Data Development Section,No Program Listed,LHDs,99
VRHS,VRHS,Data Development Section,No Program Listed,State of Michigan,99
VRHS,VRHS,Data Development Section,No Program Listed,State of Michigan,99
VRHS,VRHS,Data Development Section,No Program Listed,State of Michigan,99
VRHS,VRHS,Data Development Section,No Program Listed,State of Michigan,99
VRHS,VRHS,Data Development Section,No Program Listed,State of Michigan,99
VRHS,VRHS,Data Development Section,No Program Listed,State of Michigan,99
VRHS,VRHS,Data Development Section,No Program Listed,State of Michigan,99
VRHS,VRHS,Data Development Section,No Program Listed,State of Michigan,99
VRHS,VRHS,Data Development Section,No Program Listed,Public,99
VRHS,VRHS,Data Development Section,No Program Listed,Public,99
VRHS,VRHS,Data Development Section,No Program Listed,Public,99
VRHS,VRHS,Data Development Section,No Program Listed,Public,99
VRHS,VRHS,Data Development Section,No Program Listed,Public,99
VRHS,VRHS,Data Development Section,No Program Listed,Public,99
VRHS,VRHS,Data Development Section,No Program Listed,Public,99
VRHS,VRHS,Data Development Section,No Program Listed,Public,99
VRHS,VRHS,Data Development Section,No Program Listed,Researchers,99
VRHS,VRHS,Data Development Section,No Program Listed,Researchers,99
VRHS,VRHS,Data Development Section,No Program Listed,Researchers,99
VRHS,VRHS,Data Development Section,No Program Listed,Researchers,99
VRHS,VRHS,Data Development Section,No Program Listed,Researchers,99
VRHS,VRHS,Data Development Section,No Program Listed,Researchers,99
VRHS,VRHS,Data Development Section,No Program Listed,Researchers,99
VRHS,VRHS,Data Development Section,No Program Listed,Researchers,99
VRHS,VRHS,Data Development Section,No Program Listed,LHDs,99
VRHS,VRHS,Data Development Section,No Program Listed,LHDs,99
VRHS,VRHS,Data Development Section,No Program Listed,LHDs,99
VRHS,VRHS,Data Development Section,No Program Listed,LHDs,99
VRHS,VRHS,Data Development Section,No Program Listed,LHDs,99
VRHS,VRHS,Data Development Section,No Program Listed,LHDs,99
VRHS,VRHS,Data Development Section,No Program Listed,LHDs,99
VRHS,VRHS,Data Development Section,No Program Listed,LHDs,99
VRHS,VRHS,Data Development Section,No Program Listed,State of Michigan,99
VRHS,VRHS,Data Development Section,No Program Listed,State of Michigan,99
VRHS,VRHS,Data Development Section,No Program Listed,State of Michigan,99
VRHS,VRHS,Data Development Section,No Program Listed,State of Michigan,99
VRHS,VRHS,Data Development Section,No Program Listed,State of Michigan,99
VRHS,VRHS,Data Development Section,No Program Listed,State of Michigan,99
VRHS,VRHS,Data Development Section,No Program Listed,State of Michigan,99
VRHS,VRHS,Data Development Section,No Program Listed,State of Michigan,99
VRHS,VRHS,Data Development Section,No Program Listed,Public,99
VRHS,VRHS,Data Development Section,No Program Listed,Public,99
VRHS,VRHS,Data Development Section,No Program Listed,Public,99
VRHS,VRHS,Data Development Section,No Program Listed,Public,99
VRHS,VRHS,Data Development Section,No Program Listed,Public,99
VRHS,VRHS,Data Development Section,No Program Listed,Public,99
VRHS,VRHS,Data Development Section,No Program Listed,Public,99
VRHS,VRHS,Data Development Section,No Program Listed,Public,99
VRHS,VRHS,Data Development Section,No Program Listed,Researchers,99
VRHS,VRHS,Data Development Section,No Program Listed,Researchers,99
VRHS,VRHS,Data Development Section,No Program Listed,Researchers,99
VRHS,VRHS,Data Development Section,No Program Listed,Researchers,99
VRHS,VRHS,Data Development Section,No Program Listed,Researchers,99
VRHS,VRHS,Data Development Section,No Program Listed,Researchers,99
VRHS,VRHS,Data Development Section,No Program Listed,Researchers,99
VRHS,VRHS,Data Development Section,No Program Listed,Researchers,99
VRHS,VRHS,Data Development Section,No Program Listed,LHDs,99
VRHS,VRHS,Data Development Section,No Program Listed,LHDs,99
VRHS,VRHS,Data Development Section,No Program Listed,LHDs,99
VRHS,VRHS,Data Development Section,No Program Listed,LHDs,99
VRHS,VRHS,Data Development Section,No Program Listed,LHDs,99
VRHS,VRHS,Data Development Section,No Program Listed,LHDs,99
VRHS,VRHS,Data Development Section,No Program Listed,LHDs,99
VRHS,VRHS,Data Development Section,No Program Listed,LHDs,99
VRHS,VRHS,Data Development Section,No Program Listed,State of Michigan,99
VRHS,VRHS,Data Development Section,No Program Listed,State of Michigan,99
VRHS,VRHS,Data Development Section,No Program Listed,State of Michigan,99
VRHS,VRHS,Data Development Section,No Program Listed,State of Michigan,99
VRHS,VRHS,Data Development Section,No Program Listed,State of Michigan,99
VRHS,VRHS,Data Development Section,No Program Listed,State of Michigan,99
VRHS,VRHS,Data Development Section,No Program Listed,State of Michigan,99
VRHS,VRHS,Data Development Section,No Program Listed,State of Michigan,99
VRHS,VRHS,Data Development Section,No Program Listed,Public,99
VRHS,VRHS,Data Development Section,No Program Listed,Public,99
VRHS,VRHS,Data Development Section,No Program Listed,Public,99
VRHS,VRHS,Data Development Section,No Program Listed,Public,99
VRHS,VRHS,Data Development Section,No Program Listed,Public,99
VRHS,VRHS,Data Development Section,No Program Listed,Public,99
VRHS,VRHS,Data Development Section,No Program Listed,Public,99
VRHS,VRHS,Data Development Section,No Program Listed,Public,99
VRHS,VRHS,Data Development Section,No Program Listed,Researchers,99
VRHS,VRHS,Data Development Section,No Program Listed,Researchers,99
VRHS,VRHS,Data Development Section,No Program Listed,Researchers,99
VRHS,VRHS,Data Development Section,No Program Listed,Researchers,99
VRHS,VRHS,Data Development Section,No Program Listed,Researchers,99
VRHS,VRHS,Data Development Section,No Program Listed,Researchers,99
VRHS,VRHS,Data Development Section,No Program Listed,Researchers,99
VRHS,VRHS,Data Development Section,No Program Listed,Researchers,99
VRHS,VRHS,Data Development Section,No Program Listed,LHDs,136
VRHS,VRHS,Data Development Section,No Program Listed,Other Areas of MDHHS,136
VRHS,VRHS,Data Development Section,No Program Listed,LHDs,136
VRHS,VRHS,Data Development Section,No Program Listed,Other Areas of MDHHS,136
VRHS,VRHS,Data Development Section,No Program Listed,LHDs,227
VRHS,VRHS,Data Development Section,No Program Listed,State of Michigan,227
VRHS,VRHS,Data Development Section,No Program Listed,Public,227
VRHS,VRHS,Data Development Section,No Program Listed,Researchers,227
VRHS,VRHS,Data Development Section,No Program Listed,LHDs,227
VRHS,VRHS,Data Development Section,No Program Listed,State of Michigan,227
VRHS,VRHS,Data Development Section,No Program Listed,Public,227
VRHS,VRHS,Data Development Section,No Program Listed,Researchers,227
Hospitals and Providers/Parents,VRHS,Cancer Registry Section,No Program Listed,Other Areas of MDHHS,377
Hospitals and Providers/Parents,VRHS,Cancer Registry Section,No Program Listed,Federal Partners,377
Hospitals and Providers/Parents,VRHS,Cancer Registry Section,No Program Listed,Researchers,377
Hospitals and Providers/Parents,VRHS,Cancer Registry Section,No Program Listed,Other Areas of MDHHS,377
Hospitals and Providers/Parents,VRHS,Cancer Registry Section,No Program Listed,Federal Partners,377
Hospitals and Providers/Parents,VRHS,Cancer Registry Section,No Program Listed,Researchers,377
Hospitals and Providers/Parents,VRHS,Cancer Registry Section,No Program Listed,Other Areas of MDHHS,377
Hospitals and Providers/Parents,VRHS,Cancer Registry Section,No Program Listed,Federal Partners,377
Hospitals and Providers/Parents,VRHS,Cancer Registry Section,No Program Listed,Researchers,377
Hospitals and Providers/Parents,VRHS,Cancer Registry Section,No Program Listed,Other Areas of MDHHS,12
Hospitals and Providers/Parents,VRHS,Cancer Registry Section,No Program Listed,Federal Partners,12
Hospitals and Providers/Parents,VRHS,Cancer Registry Section,No Program Listed,Researchers,12
Hospitals and Providers/Parents,VRHS,Cancer Registry Section,No Program Listed,Other Areas of MDHHS,12
Hospitals and Providers/Parents,VRHS,Cancer Registry Section,No Program Listed,Federal Partners,12
Hospitals and Providers/Parents,VRHS,Cancer Registry Section,No Program Listed,Researchers,12
Hospitals and Providers/Parents,VRHS,Cancer Registry Section,No Program Listed,Other Areas of MDHHS,12
Hospitals and Providers/Parents,VRHS,Cancer Registry Section,No Program Listed,Federal Partners,12
Hospitals and Providers/Parents,VRHS,Cancer Registry Section,No Program Listed,Researchers,12
Hospitals and Providers/Parents,VRHS,Cancer Registry Section,No Program Listed,Other Areas of MDHHS,76
Hospitals and Providers/Parents,VRHS,Cancer Registry Section,No Program Listed,Federal Partners,76
Hospitals and Providers/Parents,VRHS,Cancer Registry Section,No Program Listed,Researchers,76
Hospitals and Providers/Parents,VRHS,Cancer Registry Section,No Program Listed,Other Areas of MDHHS,76
Hospitals and Providers/Parents,VRHS,Cancer Registry Section,No Program Listed,Federal Partners,76
Hospitals and Providers/Parents,VRHS,Cancer Registry Section,No Program Listed,Researchers,76
Hospitals and Providers/Parents,VRHS,Cancer Registry Section,No Program Listed,Other Areas of MDHHS,76
Hospitals and Providers/Parents,VRHS,Cancer Registry Section,No Program Listed,Federal Partners,76
Hospitals and Providers/Parents,VRHS,Cancer Registry Section,No Program Listed,Researchers,76
Hospitals and Providers/Parents,VRHS,Cancer Registry Section,No Program Listed,Other Areas of MDHHS,276
Hospitals and Providers/Parents,VRHS,Cancer Registry Section,No Program Listed,Federal Partners,276
Hospitals and Providers/Parents,VRHS,Cancer Registry Section,No Program Listed,Researchers,276
Hospitals and Providers/Parents,VRHS,Cancer Registry Section,No Program Listed,Other Areas of MDHHS,276
Hospitals and Providers/Parents,VRHS,Cancer Registry Section,No Program Listed,Federal Partners,276
Hospitals and Providers/Parents,VRHS,Cancer Registry Section,No Program Listed,Researchers,276
Hospitals and Providers/Parents,VRHS,Cancer Registry Section,No Program Listed,Other Areas of MDHHS,276
Hospitals and Providers/Parents,VRHS,Cancer Registry Section,No Program Listed,Federal Partners,276
Hospitals and Providers/Parents,VRHS,Cancer Registry Section,No Program Listed,Researchers,276
VRHS,VRHS,Data Systems & Informatics Section,No Program Listed,Other Areas of MDHHS,281
VRHS,VRHS,Data Systems & Informatics Section,No Program Listed,Federal Partners,281
VRHS,VRHS,Data Systems & Informatics Section,No Program Listed,Researchers,281
VRHS,VRHS,Data Systems & Informatics Section,No Program Listed,Other Areas of MDHHS,281
VRHS,VRHS,Data Systems & Informatics Section,No Program Listed,Federal Partners,281
VRHS,VRHS,Data Systems & Informatics Section,No Program Listed,Researchers,281
VRHS,VRHS,Data Systems & Informatics Section,No Program Listed,Other Areas of MDHHS,281
VRHS,VRHS,Data Systems & Informatics Section,No Program Listed,Federal Partners,281
VRHS,VRHS,Data Systems & Informatics Section,No Program Listed,Researchers,281
VRHS,VRHS,Data Systems & Informatics Section,No Program Listed,Other Areas of MDHHS,863
VRHS,VRHS,Data Systems & Informatics Section,No Program Listed,Federal Partners,863
VRHS,VRHS,Data Systems & Informatics Section,No Program Listed,Researchers,863
VRHS,VRHS,Data Systems & Informatics Section,No Program Listed,Other Areas of MDHHS,863
VRHS,VRHS,Data Systems & Informatics Section,No Program Listed,Federal Partners,863
VRHS,VRHS,Data Systems & Informatics Section,No Program Listed,Researchers,863
VRHS,VRHS,Data Systems & Informatics Section,No Program Listed,Other Areas of MDHHS,863
VRHS,VRHS,Data Systems & Informatics Section,No Program Listed,Federal Partners,863
VRHS,VRHS,Data Systems & Informatics Section,No Program Listed,Researchers,863
VRHS,VRHS,Data Systems & Informatics Section,No Program Listed,Federal Partners,770
VRHS,VRHS,Data Systems & Informatics Section,No Program Listed,Federal Partners,770
VRHS,VRHS,Data Systems & Informatics Section,No Program Listed,Federal Partners,254
VRHS,VRHS,Data Systems & Informatics Section,No Program Listed,Federal Partners,277
VRHS,VRHS,Data Systems & Informatics Section,No Program Listed,Federal Partners,744
VRHS,VRHS,Data Systems & Informatics Section,No Program Listed,Other Areas of MDHHS,737
VRHS,VRHS,Data Systems & Informatics Section,No Program Listed,Within PHA,621
VRHS,VRHS,Data Systems & Informatics Section,No Program Listed,Other Areas of MDHHS,189
VRHS,VRHS,Data Systems & Informatics Section,No Program Listed,Other Areas of MDHHS,223
VRHS,VRHS,Data Systems & Informatics Section,No Program Listed,Other Areas of MDHHS,223
VRHS,VRHS,Data Systems & Informatics Section,No Program Listed,Other Areas of MDHHS,161
VRHS,VRHS,Data Systems & Informatics Section,No Program Listed,Within VRHS,161
VRHS,VRHS,Data Systems & Informatics Section,No Program Listed,Within VRHS,77
VRHS,VRHS,Data Systems & Informatics Section,No Program Listed,External Program Partners,618
Hospitals and Providers/Parents,VRHS,Data Systems & Informatics Section,No Program Listed,Federal Partners,383
Hospitals and Providers/Parents,VRHS,Data Systems & Informatics Section,No Program Listed,Federal Partners,383
Hospitals and Providers/Parents,VRHS,Data Systems & Informatics Section,No Program Listed,Federal Partners,496
Hospitals and Providers/Parents,VRHS,Data Systems & Informatics Section,No Program Listed,Within VRHS,452
Hospitals and Providers/Parents,VRHS,Data Systems & Informatics Section,No Program Listed,Other Areas of MDHHS,908
State of Michigan,VRHS,Data Systems & Informatics Section,No Program Listed,Other Areas of MDHHS,908
Hospitals and Providers/Parents,VRHS,Data Systems & Informatics Section,No Program Listed,Other Areas of MDHHS,908
State of Michigan,VRHS,Data Systems & Informatics Section,No Program Listed,Other Areas of MDHHS,908
Hospitals and Providers/Parents,VRHS,Data Systems & Informatics Section,No Program Listed,Other Areas of MDHHS,622
State of Michigan,VRHS,Data Systems & Informatics Section,No Program Listed,Other Areas of MDHHS,622
Hospitals and Providers/Parents,VRHS,Data Systems & Informatics Section,No Program Listed,Other Areas of MDHHS,622
State of Michigan,VRHS,Data Systems & Informatics Section,No Program Listed,Other Areas of MDHHS,622
Hospitals and Providers/Parents,VRHS,Data Systems & Informatics Section,No Program Listed,Other Areas of MDHHS,336
State of Michigan,VRHS,Data Systems & Informatics Section,No Program Listed,Other Areas of MDHHS,336
Hospitals and Providers/Parents,VRHS,Data Systems & Informatics Section,No Program Listed,Other Areas of MDHHS,336
State of Michigan,VRHS,Data Systems & Informatics Section,No Program Listed,Other Areas of MDHHS,336
Hospitals and Providers/Parents,VRHS,Data Systems & Informatics Section,No Program Listed,Other Areas of MDHHS,306
State of Michigan,VRHS,Data Systems & Informatics Section,No Program Listed,Other Areas of MDHHS,306
Hospitals and Providers/Parents,VRHS,Data Systems & Informatics Section,No Program Listed,Other Areas of MDHHS,306
State of Michigan,VRHS,Data Systems & Informatics Section,No Program Listed,Other Areas of MDHHS,306
Hospitals and Providers/Parents,VRHS,Data Systems & Informatics Section,No Program Listed,Other Areas of MDHHS,369
State of Michigan,VRHS,Data Systems & Informatics Section,No Program Listed,Other Areas of MDHHS,369
Hospitals and Providers/Parents,VRHS,Data Systems & Informatics Section,No Program Listed,Other Areas of MDHHS,369
State of Michigan,VRHS,Data Systems & Informatics Section,No Program Listed,Other Areas of MDHHS,369
Hospitals and Providers/Parents,VRHS,Data Systems & Informatics Section,No Program Listed,Other Areas of MDHHS,966
State of Michigan,VRHS,Data Systems & Informatics Section,No Program Listed,Other Areas of MDHHS,966
Hospitals and Providers/Parents,VRHS,Data Systems & Informatics Section,No Program Listed,Other Areas of MDHHS,966
State of Michigan,VRHS,Data Systems & Informatics Section,No Program Listed,Other Areas of MDHHS,966
Hospitals and Providers/Parents,VRHS,Data Systems & Informatics Section,No Program Listed,Other Areas of MDHHS,720
State of Michigan,VRHS,Data Systems & Informatics Section,No Program Listed,Other Areas of MDHHS,720
Hospitals and Providers/Parents,VRHS,Data Systems & Informatics Section,No Program Listed,Other Areas of MDHHS,720
State of Michigan,VRHS,Data Systems & Informatics Section,No Program Listed,Other Areas of MDHHS,720
Hospitals and Providers/Parents,VRHS,Data Systems & Informatics Section,No Program Listed,Other Areas of MDHHS,946
State of Michigan,VRHS,Data Systems & Informatics Section,No Program Listed,Other Areas of MDHHS,946
Hospitals and Providers/Parents,VRHS,Data Systems & Informatics Section,No Program Listed,Other Areas of MDHHS,946
State of Michigan,VRHS,Data Systems & Informatics Section,No Program Listed,Other Areas of MDHHS,946
VRHS,VRHS,Data Systems & Informatics Section,No Program Listed,Federal Partners,981
VRHS,VRHS,Data Systems & Informatics Section,No Program Listed,Federal Partners,981
Hospitals and Providers/Parents,VRHS,Data Systems & Informatics Section,No Program Listed,Federal Partners,981
Hospitals and Providers/Parents,VRHS,Data Systems & Informatics Section,No Program Listed,Federal Partners,981
VRHS,VRHS,Data Systems & Informatics Section,No Program Listed,Federal Partners,490
Hospitals and Providers/Parents,VRHS,Data Systems & Informatics Section,No Program Listed,Federal Partners,490
VRHS,VRHS,Data Systems & Informatics Section,No Program Listed,Federal Partners,238
Hospitals and Providers/Parents,VRHS,Data Systems & Informatics Section,No Program Listed,Federal Partners,238
VRHS,VRHS,Data Systems & Informatics Section,No Program Listed,Within VRHS,446
VRHS,VRHS,Data Systems & Informatics Section,No Program Listed,Federal Partners,446
Hospitals and Providers/Parents,VRHS,Data Systems & Informatics Section,No Program Listed,Within VRHS,446
Hospitals and Providers/Parents,VRHS,Data Systems & Informatics Section,No Program Listed,Federal Partners,446
VRHS,VRHS,Data Systems & Informatics Section,No Program Listed,Within VRHS,962
VRHS,VRHS,Data Systems & Informatics Section,No Program Listed,Federal Partners,962
Hospitals and Providers/Parents,VRHS,Data Systems & Informatics Section,No Program Listed,Within VRHS,962
Hospitals and Providers/Parents,VRHS,Data Systems & Informatics Section,No Program Listed,Federal Partners,962
VRHS,VRHS,Data Systems & Informatics Section,No Program Listed,Within VRHS,153
VRHS,VRHS,Data Systems & Informatics Section,No Program Listed,Federal Partners,153
Hospitals and Providers/Parents,VRHS,Data Systems & Informatics Section,No Program Listed,Within VRHS,153
Hospitals and Providers/Parents,VRHS,Data Systems & Informatics Section,No Program Listed,Federal Partners,153
VRHS,VRHS,Data Systems & Informatics Section,No Program Listed,Within VRHS,39
VRHS,VRHS,Data Systems & Informatics Section,No Program Listed,Federal Partners,39
Hospitals and Providers/Parents,VRHS,Data Systems & Informatics Section,No Program Listed,Within VRHS,39
Hospitals and Providers/Parents,VRHS,Data Systems & Informatics Section,No Program Listed,Federal Partners,39
VRHS,VRHS,Data Systems & Informatics Section,No Program Listed,Within VRHS,248
VRHS,VRHS,Data Systems & Informatics Section,No Program Listed,Federal Partners,248
Hospitals and Providers/Parents,VRHS,Data Systems & Informatics Section,No Program Listed,Within VRHS,248
Hospitals and Providers/Parents,VRHS,Data Systems & Informatics Section,No Program Listed,Federal Partners,248
VRHS,VRHS,Data Systems & Informatics Section,No Program Listed,Within VRHS,545
VRHS,VRHS,Data Systems & Informatics Section,No Program Listed,Federal Partners,545
Hospitals and Providers/Parents,VRHS,Data Systems & Informatics Section,No Program Listed,Within VRHS,545
Hospitals and Providers/Parents,VRHS,Data Systems & Informatics Section,No Program Listed,Federal Partners,545
VRHS,VRHS,Data Systems & Informatics Section,No Program Listed,Within VRHS,222
VRHS,VRHS,Data Systems & Informatics Section,No Program Listed,Federal Partners,222
Hospitals and Providers/Parents,VRHS,Data Systems & Informatics Section,No Program Listed,Within VRHS,222
Hospitals and Providers/Parents,VRHS,Data Systems & Informatics Section,No Program Listed,Federal Partners,222
VRHS,VRHS,Data Systems & Informatics Section,No Program Listed,Within VRHS,213
VRHS,VRHS,Data Systems & Informatics Section,No Program Listed,Federal Partners,213
Hospitals and Providers/Parents,VRHS,Data Systems & Informatics Section,No Program Listed,Within VRHS,213
Hospitals and Providers/Parents,VRHS,Data Systems & Informatics Section,No Program Listed,Federal Partners,213
VRHS,VRHS,Data Systems & Informatics Section,No Program Listed,Within VRHS,40
VRHS,VRHS,Data Systems & Informatics Section,No Program Listed,Federal Partners,40
Hospitals and Providers/Parents,VRHS,Data Systems & Informatics Section,No Program Listed,Within VRHS,40
Hospitals and Providers/Parents,VRHS,Data Systems & Informatics Section,No Program Listed,Federal Partners,40
VRHS,VRHS,Data Systems & Informatics Section,No Program Listed,Within VRHS,488
VRHS,VRHS,Data Systems & Informatics Section,No Program Listed,Federal Partners,488
Hospitals and Providers/Parents,VRHS,Data Systems & Informatics Section,No Program Listed,Within VRHS,488
Hospitals and Providers/Parents,VRHS,Data Systems & Informatics Section,No Program Listed,Federal Partners,488
VRHS,VRHS,Data Systems & Informatics Section,No Program Listed,Within VRHS,612
VRHS,VRHS,Data Systems & Informatics Section,No Program Listed,Federal Partners,612
Hospitals and Providers/Parents,VRHS,Data Systems & Informatics Section,No Program Listed,Within VRHS,612
Hospitals and Providers/Parents,VRHS,Data Systems & Informatics Section,No Program Listed,Federal Partners,612
VRHS,VRHS,Data Systems & Informatics Section,No Program Listed,Within VRHS,828
VRHS,VRHS,Data Systems & Informatics Section,No Program Listed,Federal Partners,828
Hospitals and Providers/Parents,VRHS,Data Systems & Informatics Section,No Program Listed,Within VRHS,828
Hospitals and Providers/Parents,VRHS,Data Systems & Informatics Section,No Program Listed,Federal Partners,828
VRHS,VRHS,Data Systems & Informatics Section,No Program Listed,Within VRHS,777
VRHS,VRHS,Data Systems & Informatics Section,No Program Listed,Federal Partners,777
Hospitals and Providers/Parents,VRHS,Data Systems & Informatics Section,No Program Listed,Within VRHS,777
Hospitals and Providers/Parents,VRHS,Data Systems & Informatics Section,No Program Listed,Federal Partners,777
VRHS,VRHS,Data Systems & Informatics Section,No Program Listed,Within VRHS,426
VRHS,VRHS,Data Systems & Informatics Section,No Program Listed,Federal Partners,426
Hospitals and Providers/Parents,VRHS,Data Systems & Informatics Section,No Program Listed,Within VRHS,426
Hospitals and Providers/Parents,VRHS,Data Systems & Informatics Section,No Program Listed,Federal Partners,426
VRHS,VRHS,Data Systems & Informatics Section,No Program Listed,Within VRHS,467
VRHS,VRHS,Data Systems & Informatics Section,No Program Listed,Federal Partners,467
Hospitals and Providers/Parents,VRHS,Data Systems & Informatics Section,No Program Listed,Within VRHS,467
Hospitals and Providers/Parents,VRHS,Data Systems & Informatics Section,No Program Listed,Federal Partners,467
VRHS,VRHS,Data Systems & Informatics Section,No Program Listed,Within VRHS,778
VRHS,VRHS,Data Systems & Informatics Section,No Program Listed,Federal Partners,778
Hospitals and Providers/Parents,VRHS,Data Systems & Informatics Section,No Program Listed,Within VRHS,778
Hospitals and Providers/Parents,VRHS,Data Systems & Informatics Section,No Program Listed,Federal Partners,778
VRHS,VRHS,Data Systems & Informatics Section,No Program Listed,Within VRHS,872
VRHS,VRHS,Data Systems & Informatics Section,No Program Listed,Federal Partners,872
Hospitals and Providers/Parents,VRHS,Data Systems & Informatics Section,No Program Listed,Within VRHS,872
Hospitals and Providers/Parents,VRHS,Data Systems & Informatics Section,No Program Listed,Federal Partners,872
VRHS,VRHS,Data Systems & Informatics Section,No Program Listed,Within VRHS,645
VRHS,VRHS,Data Systems & Informatics Section,No Program Listed,Federal Partners,645
Hospitals and Providers/Parents,VRHS,Data Systems & Informatics Section,No Program Listed,Within VRHS,645
Hospitals and Providers/Parents,VRHS,Data Systems & Informatics Section,No Program Listed,Federal Partners,645
VRHS,VRHS,Data Systems & Informatics Section,No Program Listed,Within VRHS,933
VRHS,VRHS,Data Systems & Informatics Section,No Program Listed,Federal Partners,933
Hospitals and Providers/Parents,VRHS,Data Systems & Informatics Section,No Program Listed,Within VRHS,933
Hospitals and Providers/Parents,VRHS,Data Systems & Informatics Section,No Program Listed,Federal Partners,933
VRHS,VRHS,Data Systems & Informatics Section,No Program Listed,Within VRHS,865
VRHS,VRHS,Data Systems & Informatics Section,No Program Listed,Federal Partners,865
Hospitals and Providers/Parents,VRHS,Data Systems & Informatics Section,No Program Listed,Within VRHS,865
Hospitals and Providers/Parents,VRHS,Data Systems & Informatics Section,No Program Listed,Federal Partners,865
VRHS,VRHS,Data Systems & Informatics Section,No Program Listed,Within VRHS,18
VRHS,VRHS,Data Systems & Informatics Section,No Program Listed,Federal Partners,18
Hospitals and Providers/Parents,VRHS,Data Systems & Informatics Section,No Program Listed,Within VRHS,18
Hospitals and Providers/Parents,VRHS,Data Systems & Informatics Section,No Program Listed,Federal Partners,18
VRHS,VRHS,Data Systems & Informatics Section,No Program Listed,Within VRHS,407
VRHS,VRHS,Data Systems & Informatics Section,No Program Listed,Federal Partners,407
Hospitals and Providers/Parents,VRHS,Data Systems & Informatics Section,No Program Listed,Within VRHS,407
Hospitals and Providers/Parents,VRHS,Data Systems & Informatics Section,No Program Listed,Federal Partners,407
VRHS,VRHS,Data Systems & Informatics Section,No Program Listed,Within VRHS,594
VRHS,VRHS,Data Systems & Informatics Section,No Program Listed,Federal Partners,594
Hospitals and Providers/Parents,VRHS,Data Systems & Informatics Section,No Program Listed,Within VRHS,594
Hospitals and Providers/Parents,VRHS,Data Systems & Informatics Section,No Program Listed,Federal Partners,594
VRHS,VRHS,Data Systems & Informatics Section,No Program Listed,Within VRHS,926
VRHS,VRHS,Data Systems & Informatics Section,No Program Listed,Federal Partners,926
Hospitals and Providers/Parents,VRHS,Data Systems & Informatics Section,No Program Listed,Within VRHS,926
Hospitals and Providers/Parents,VRHS,Data Systems & Informatics Section,No Program Listed,Federal Partners,926
VRHS,VRHS,Data Systems & Informatics Section,No Program Listed,Within VRHS,7
VRHS,VRHS,Data Systems & Informatics Section,No Program Listed,Federal Partners,7
Hospitals and Providers/Parents,VRHS,Data Systems & Informatics Section,No Program Listed,Within VRHS,7
Hospitals and Providers/Parents,VRHS,Data Systems & Informatics Section,No Program Listed,Federal Partners,7
VRHS,VRHS,Data Systems & Informatics Section,No Program Listed,Within VRHS,376
VRHS,VRHS,Data Systems & Informatics Section,No Program Listed,Federal Partners,376
Hospitals and Providers/Parents,VRHS,Data Systems & Informatics Section,No Program Listed,Within VRHS,376
Hospitals and Providers/Parents,VRHS,Data Systems & Informatics Section,No Program Listed,Federal Partners,376
VRHS,VRHS,Data Systems & Informatics Section,No Program Listed,Within VRHS,498
VRHS,VRHS,Data Systems & Informatics Section,No Program Listed,Federal Partners,498
Hospitals and Providers/Parents,VRHS,Data Systems & Informatics Section,No Program Listed,Within VRHS,498
Hospitals and Providers/Parents,VRHS,Data Systems & Informatics Section,No Program Listed,Federal Partners,498
VRHS,VRHS,Data Systems & Informatics Section,No Program Listed,Within VRHS,212
VRHS,VRHS,Data Systems & Informatics Section,No Program Listed,Federal Partners,212
Hospitals and Providers/Parents,VRHS,Data Systems & Informatics Section,No Program Listed,Within VRHS,212
Hospitals and Providers/Parents,VRHS,Data Systems & Informatics Section,No Program Listed,Federal Partners,212
VRHS,VRHS,Data Systems & Informatics Section,No Program Listed,Within VRHS,17
VRHS,VRHS,Data Systems & Informatics Section,No Program Listed,Federal Partners,17
Hospitals and Providers/Parents,VRHS,Data Systems & Informatics Section,No Program Listed,Within VRHS,17
Hospitals and Providers/Parents,VRHS,Data Systems & Informatics Section,No Program Listed,Federal Partners,17
VRHS,VRHS,Data Systems & Informatics Section,No Program Listed,Within VRHS,330
VRHS,VRHS,Data Systems & Informatics Section,No Program Listed,Federal Partners,330
Hospitals and Providers/Parents,VRHS,Data Systems & Informatics Section,No Program Listed,Within VRHS,330
Hospitals and Providers/Parents,VRHS,Data Systems & Informatics Section,No Program Listed,Federal Partners,330
VRHS,VRHS,Data Systems & Informatics Section,No Program Listed,Within VRHS,776
VRHS,VRHS,Data Systems & Informatics Section,No Program Listed,Federal Partners,776
Hospitals and Providers/Parents,VRHS,Data Systems & Informatics Section,No Program Listed,Within VRHS,776
Hospitals and Providers/Parents,VRHS,Data Systems & Informatics Section,No Program Listed,Federal Partners,776
VRHS,VRHS,Data Systems & Informatics Section,No Program Listed,Within VRHS,961
VRHS,VRHS,Data Systems & Informatics Section,No Program Listed,Federal Partners,961
Hospitals and Providers/Parents,VRHS,Data Systems & Informatics Section,No Program Listed,Within VRHS,961
Hospitals and Providers/Parents,VRHS,Data Systems & Informatics Section,No Program Listed,Federal Partners,961
VRHS,VRHS,Data Systems & Informatics Section,No Program Listed,Within VRHS,957
VRHS,VRHS,Data Systems & Informatics Section,No Program Listed,Federal Partners,957
Hospitals and Providers/Parents,VRHS,Data Systems & Informatics Section,No Program Listed,Within VRHS,957
Hospitals and Providers/Parents,VRHS,Data Systems & Informatics Section,No Program Listed,Federal Partners,957
VRHS,VRHS,Data Systems & Informatics Section,No Program Listed,Within VRHS,232
VRHS,VRHS,Data Systems & Informatics Section,No Program Listed,Federal Partners,232
Hospitals and Providers/Parents,VRHS,Data Systems & Informatics Section,No Program Listed,Within VRHS,232
Hospitals and Providers/Parents,VRHS,Data Systems & Informatics Section,No Program Listed,Federal Partners,232
VRHS,VRHS,Data Systems & Informatics Section,No Program Listed,Within VRHS,43
VRHS,VRHS,Data Systems & Informatics Section,No Program Listed,Federal Partners,43
Hospitals and Providers/Parents,VRHS,Data Systems & Informatics Section,No Program Listed,Within VRHS,43
Hospitals and Providers/Parents,VRHS,Data Systems & Informatics Section,No Program Listed,Federal Partners,43
VRHS,VRHS,Data Systems & Informatics Section,No Program Listed,Within VRHS,103
VRHS,VRHS,Data Systems & Informatics Section,No Program Listed,Federal Partners,103
Hospitals and Providers/Parents,VRHS,Data Systems & Informatics Section,No Program Listed,Within VRHS,103
Hospitals and Providers/Parents,VRHS,Data Systems & Informatics Section,No Program Listed,Federal Partners,103
VRHS,VRHS,Data Systems & Informatics Section,No Program Listed,Within VRHS,582
VRHS,VRHS,Data Systems & Informatics Section,No Program Listed,Federal Partners,582
Hospitals and Providers/Parents,VRHS,Data Systems & Informatics Section,No Program Listed,Within VRHS,582
Hospitals and Providers/Parents,VRHS,Data Systems & Informatics Section,No Program Listed,Federal Partners,582
VRHS,VRHS,Data Systems & Informatics Section,No Program Listed,Within VRHS,992
VRHS,VRHS,Data Systems & Informatics Section,No Program Listed,Federal Partners,992
Hospitals and Providers/Parents,VRHS,Data Systems & Informatics Section,No Program Listed,Within VRHS,992
Hospitals and Providers/Parents,VRHS,Data Systems & Informatics Section,No Program Listed,Federal Partners,992
VRHS,VRHS,Data Systems & Informatics Section,No Program Listed,Within VRHS,94
VRHS,VRHS,Data Systems & Informatics Section,No Program Listed,Federal Partners,94
Hospitals and Providers/Parents,VRHS,Data Systems & Informatics Section,No Program Listed,Within VRHS,94
Hospitals and Providers/Parents,VRHS,Data Systems & Informatics Section,No Program Listed,Federal Partners,94
VRHS,VRHS,Data Systems & Informatics Section,No Program Listed,Within VRHS,256
VRHS,VRHS,Data Systems & Informatics Section,No Program Listed,Federal Partners,256
Hospitals and Providers/Parents,VRHS,Data Systems & Informatics Section,No Program Listed,Within VRHS,256
Hospitals and Providers/Parents,VRHS,Data Systems & Informatics Section,No Program Listed,Federal Partners,256
VRHS,VRHS,Data Systems & Informatics Section,No Program Listed,Within VRHS,592
VRHS,VRHS,Data Systems & Informatics Section,No Program Listed,Federal Partners,592
Hospitals and Providers/Parents,VRHS,Data Systems & Informatics Section,No Program Listed,Within VRHS,592
Hospitals and Providers/Parents,VRHS,Data Systems & Informatics Section,No Program Listed,Federal Partners,592
Public,VRHS,Vital Records and Health Services Section,No Program Listed,Within VRHS,691
Public,VRHS,Vital Records and Health Services Section,No Program Listed,Within VRHS,691
Public,VRHS,Vital Records and Health Services Section,No Program Listed,Within VRHS,691
Public,VRHS,Vital Records and Health Services Section,No Program Listed,Within VRHS,691
VRHS,VRHS,Vital Records and Health Services Section,No Program Listed,Within VRHS,821
VRHS,VRHS,Vital Records and Health Services Section,No Program Listed,Within VRHS,821
VRHS,VRHS,Vital Records and Health Services Section,No Program Listed,Within VRHS,821
VRHS,VRHS,Vital Records and Health Services Section,No Program Listed,Within VRHS,590
VRHS,VRHS,Vital Records and Health Services Section,No Program Listed,Within VRHS,590
VRHS,VRHS,Vital Records and Health Services Section,No Program Listed,Within VRHS,590
VRHS,VRHS,Vital Records and Health Services Section,No Program Listed,Within VRHS,590
Public,VRHS,Vital Records and Health Services Section,No Program Listed,Within VRHS,172
Public,VRHS,Vital Records and Health Services Section,No Program Listed,Within VRHS,406
Public,VRHS,Vital Records and Health Services Section,No Program Listed,Public,406
Email/PDF/Phone Calls,VRHS,Vital Records and Health Services Section,No Program Listed,Within VRHS,755
Email/PDF/Phone Calls,VRHS,Vital Records and Health Services Section,No Program Listed,Public,755
Email/PDF/Phone Calls,VRHS,Vital Records and Health Services Section,No Program Listed,Federal Partners,755
Public,VRHS,Vital Records and Health Services Section,No Program Listed,Within VRHS,199
Public,VRHS,Vital Records and Health Services Section,No Program Listed,Within VRHS,199
Public,VRHS,Vital Records and Health Services Section,No Program Listed,Public,199
Public,VRHS,Vital Records and Health Services Section,No Program Listed,Public,199
External Program Partners,VRHS,Vital Records and Health Services Section,No Program Listed,Within VRHS,524
External Program Partners,VRHS,Vital Records and Health Services Section,No Program Listed,Within VRHS,524
External Program Partners,VRHS,Vital Records and Health Services Section,No Program Listed,Within VRHS,524
External Program Partners,VRHS,Vital Records and Health Services Section,No Program Listed,Within VRHS,524
External Program Partners,VRHS,Vital Records and Health Services Section,No Program Listed,Within VRHS,524
External Program Partners,VRHS,Vital Records and Health Services Section,No Program Listed,Within VRHS,524
External Program Partners,VRHS,Vital Records and Health Services Section,No Program Listed,Within VRHS,524
External Program Partners,VRHS,Vital Records and Health Services Section,No Program Listed,Within VRHS,524
External Program Partners,VRHS,Vital Records and Health Services Section,No Program Listed,Public,524
External Program Partners,VRHS,Vital Records and Health Services Section,No Program Listed,Public,524
External Program Partners,VRHS,Vital Records and Health Services Section,No Program Listed,Public,524
External Program Partners,VRHS,Vital Records and Health Services Section,No Program Listed,Public,524
External Program Partners,VRHS,Vital Records and Health Services Section,No Program Listed,Public,524
External Program Partners,VRHS,Vital Records and Health Services Section,No Program Listed,Public,524
External Program Partners,VRHS,Vital Records and Health Services Section,No Program Listed,Public,524
External Program Partners,VRHS,Vital Records and Health Services Section,No Program Listed,Public,524
VRHS,VRHS,Vital Records and Health Services Section,No Program Listed,Within VRHS,373
MDHHS-Owned System,VRHS,Vital Records and Health Services Section,No Program Listed,Within VRHS,842
MDHHS-Owned System,VRHS,Vital Records and Health Services Section,No Program Listed,Within VRHS,842
MDHHS-Owned System,VRHS,Vital Records and Health Services Section,No Program Listed,Within VRHS,842
MDHHS-Owned System,VRHS,Vital Records and Health Services Section,No Program Listed,Within VRHS,842
MDHHS-Owned System,VRHS,Vital Records and Health Services Section,No Program Listed,State of Michigan,842
MDHHS-Owned System,VRHS,Vital Records and Health Services Section,No Program Listed,State of Michigan,842
MDHHS-Owned System,VRHS,Vital Records and Health Services Section,No Program Listed,State of Michigan,842
MDHHS-Owned System,VRHS,Vital Records and Health Services Section,No Program Listed,State of Michigan,842
MDHHS-Owned System,VRHS,Vital Records and Health Services Section,No Program Listed,Federal Partners,842
MDHHS-Owned System,VRHS,Vital Records and Health Services Section,No Program Listed,Federal Partners,842
MDHHS-Owned System,VRHS,Vital Records and Health Services Section,No Program Listed,Federal Partners,842
MDHHS-Owned System,VRHS,Vital Records and Health Services Section,No Program Listed,Federal Partners,842
Unspecified Source,VRHS,Vital Records and Health Services Section,No Program Listed,Within VRHS,842
Unspecified Source,VRHS,Vital Records and Health Services Section,No Program Listed,Within VRHS,842
Unspecified Source,VRHS,Vital Records and Health Services Section,No Program Listed,Within VRHS,842
Unspecified Source,VRHS,Vital Records and Health Services Section,No Program Listed,Within VRHS,842
Unspecified Source,VRHS,Vital Records and Health Services Section,No Program Listed,State of Michigan,842
Unspecified Source,VRHS,Vital Records and Health Services Section,No Program Listed,State of Michigan,842
Unspecified Source,VRHS,Vital Records and Health Services Section,No Program Listed,State of Michigan,842
Unspecified Source,VRHS,Vital Records and Health Services Section,No Program Listed,State of Michigan,842
Unspecified Source,VRHS,Vital Records and Health Services Section,No Program Listed,Federal Partners,842
Unspecified Source,VRHS,Vital Records and Health Services Section,No Program Listed,Federal Partners,842
Unspecified Source,VRHS,Vital Records and Health Services Section,No Program Listed,Federal Partners,842
Unspecified Source,VRHS,Vital Records and Health Services Section,No Program Listed,Federal Partners,842
Federal Partners,VRHS,Vital Records and Health Services Section,No Program Listed,Within VRHS,842
Federal Partners,VRHS,Vital Records and Health Services Section,No Program Listed,Within VRHS,842
Federal Partners,VRHS,Vital Records and Health Services Section,No Program Listed,Within VRHS,842
Federal Partners,VRHS,Vital Records and Health Services Section,No Program Listed,Within VRHS,842
Federal Partners,VRHS,Vital Records and Health Services Section,No Program Listed,State of Michigan,842
Federal Partners,VRHS,Vital Records and Health Services Section,No Program Listed,State of Michigan,842
Federal Partners,VRHS,Vital Records and Health Services Section,No Program Listed,State of Michigan,842
Federal Partners,VRHS,Vital Records and Health Services Section,No Program Listed,State of Michigan,842
Federal Partners,VRHS,Vital Records and Health Services Section,No Program Listed,Federal Partners,842
Federal Partners,VRHS,Vital Records and Health Services Section,No Program Listed,Federal Partners,842
Federal Partners,VRHS,Vital Records and Health Services Section,No Program Listed,Federal Partners,842
Federal Partners,VRHS,Vital Records and Health Services Section,No Program Listed,Federal Partners,842
Email/PDF/Phone Calls,VRHS,Vital Records and Health Services Section,No Program Listed,Within VRHS,842
Email/PDF/Phone Calls,VRHS,Vital Records and Health Services Section,No Program Listed,Within VRHS,842
Email/PDF/Phone Calls,VRHS,Vital Records and Health Services Section,No Program Listed,Within VRHS,842
Email/PDF/Phone Calls,VRHS,Vital Records and Health Services Section,No Program Listed,Within VRHS,842
Email/PDF/Phone Calls,VRHS,Vital Records and Health Services Section,No Program Listed,State of Michigan,842
Email/PDF/Phone Calls,VRHS,Vital Records and Health Services Section,No Program Listed,State of Michigan,842
Email/PDF/Phone Calls,VRHS,Vital Records and Health Services Section,No Program Listed,State of Michigan,842
Email/PDF/Phone Calls,VRHS,Vital Records and Health Services Section,No Program Listed,State of Michigan,842
Email/PDF/Phone Calls,VRHS,Vital Records and Health Services Section,No Program Listed,Federal Partners,842
Email/PDF/Phone Calls,VRHS,Vital Records and Health Services Section,No Program Listed,Federal Partners,842
Email/PDF/Phone Calls,VRHS,Vital Records and Health Services Section,No Program Listed,Federal Partners,842
Email/PDF/Phone Calls,VRHS,Vital Records and Health Services Section,No Program Listed,Federal Partners,842
VRHS,VRHS,Vital Records and Health Services Section,No Program Listed,Within VRHS,822
VRHS,VRHS,Vital Records and Health Services Section,No Program Listed,Within VRHS,822
VRHS,VRHS,Vital Records and Health Services Section,No Program Listed,Within VRHS,822
VRHS,VRHS,Vital Records and Health Services Section,No Program Listed,Within VRHS,822
External Program Partners,VRHS,Vital Records and Health Services Section,No Program Listed,Within VRHS,89
VRHS,VRHS,Vital Records and Health Services Section,No Program Listed,Within VRHS,84
VRHS,VRHS,Vital Records and Health Services Section,No Program Listed,Within VRHS,84
External Program Partners,VRHS,Vital Records and Health Services Section,No Program Listed,Within VRHS,36
External Program Partners,VRHS,Vital Records and Health Services Section,No Program Listed,Within VRHS,36
External Program Partners,VRHS,Vital Records and Health Services Section,No Program Listed,Within VRHS,36
External Program Partners,VRHS,Vital Records and Health Services Section,No Program Listed,Within VRHS,36
External Program Partners,VRHS,Vital Records and Health Services Section,No Program Listed,Public,36
External Program Partners,VRHS,Vital Records and Health Services Section,No Program Listed,Public,36
External Program Partners,VRHS,Vital Records and Health Services Section,No Program Listed,Public,36
External Program Partners,VRHS,Vital Records and Health Services Section,No Program Listed,Public,36
External Program Partners,VRHS,Vital Records and Health Services Section,No Program Listed,Federal Partners,36
External Program Partners,VRHS,Vital Records and Health Services Section,No Program Listed,Federal Partners,36
External Program Partners,VRHS,Vital Records and Health Services Section,No Program Listed,Federal Partners,36
External Program Partners,VRHS,Vital Records and Health Services Section,No Program Listed,Federal Partners,36
State of Michigan,VRHS,Vital Records and Health Services Section,No Program Listed,Within VRHS,479
State of Michigan,VRHS,Vital Records and Health Services Section,No Program Listed,Within VRHS,479
State of Michigan,VRHS,Vital Records and Health Services Section,No Program Listed,Within VRHS,479
State of Michigan,VRHS,Vital Records and Health Services Section,No Program Listed,Public,479
State of Michigan,VRHS,Vital Records and Health Services Section,No Program Listed,Public,479
State of Michigan,VRHS,Vital Records and Health Services Section,No Program Listed,Public,479
State of Michigan,VRHS,Vital Records and Health Services Section,No Program Listed,State of Michigan,479
State of Michigan,VRHS,Vital Records and Health Services Section,No Program Listed,State of Michigan,479
State of Michigan,VRHS,Vital Records and Health Services Section,No Program Listed,State of Michigan,479
EHB,VRHS,Vital Records and Health Services Section,No Program Listed,Within VRHS,479
EHB,VRHS,Vital Records and Health Services Section,No Program Listed,Within VRHS,479
EHB,VRHS,Vital Records and Health Services Section,No Program Listed,Within VRHS,479
EHB,VRHS,Vital Records and Health Services Section,No Program Listed,Public,479
EHB,VRHS,Vital Records and Health Services Section,No Program Listed,Public,479
EHB,VRHS,Vital Records and Health Services Section,No Program Listed,Public,479
EHB,VRHS,Vital Records and Health Services Section,No Program Listed,State of Michigan,479
EHB,VRHS,Vital Records and Health Services Section,No Program Listed,State of Michigan,479
EHB,VRHS,Vital Records and Health Services Section,No Program Listed,State of Michigan,479
External Program Partners,VRHS,Vital Records and Health Services Section,No Program Listed,Within VRHS,699
External Program Partners,VRHS,Vital Records and Health Services Section,No Program Listed,Hospital & Providers/Parents,699
VRHS,VRHS,Vital Records and Health Services Section,No Program Listed,Within VRHS,974
VRHS,VRHS,Vital Records and Health Services Section,No Program Listed,Within VRHS,974
Public,VRHS,Vital Records and Health Services Section,No Program Listed,Within VRHS,881
Public,VRHS,Vital Records and Health Services Section,No Program Listed,Within VRHS,881
Public,VRHS,Vital Records and Health Services Section,No Program Listed,Public,881
Public,VRHS,Vital Records and Health Services Section,No Program Listed,Public,881
External Program Partners,VRHS,Vital Records and Health Services Section,No Program Listed,Within VRHS,881
External Program Partners,VRHS,Vital Records and Health Services Section,No Program Listed,Within VRHS,881
External Program Partners,VRHS,Vital Records and Health Services Section,No Program Listed,Public,881
External Program Partners,VRHS,Vital Records and Health Services Section,No Program Listed,Public,881
