"State","Season","Week ending date","Age Category","Sex","Race","Rate Type","Weekly Rate","Cumulative Rate"
"TN","2021-22","2022-02-12","1-4 years","All","All","Observed","6.8","52.9"
"TN","2021-22","2022-02-05","1-4 years","All","All","Observed","5.6","46.1"
"TN","2021-22","2022-01-29","1-4 years","All","All","Observed","6.8","40.5"
"TN","2021-22","2022-01-22","1-4 years","All","All","Observed","13.5","33.8"
"TN","2021-22","2022-01-15","1-4 years","All","All","Observed","4.5","20.3"
"TN","2021-22","2022-01-08","1-4 years","All","All","Observed","9.0","15.8"
"TN","2021-22","2022-01-01","1-4 years","All","All","Observed","2.3","6.8"
"TN","2021-22","2021-12-25","1-4 years","All","All","Observed","1.1","4.5"
"TN","2021-22","2021-12-18","1-4 years","All","All","Observed","0.0","3.4"
"TN","2021-22","2021-12-11","1-4 years","All","All","Observed","0.0","3.4"
"TN","2021-22","2021-12-04","1-4 years","All","All","Observed","0.0","3.4"
"TN","2021-22","2021-11-27","1-4 years","All","All","Observed","0.0","3.4"
"TN","2021-22","2021-11-20","1-4 years","All","All","Observed","0.0","3.4"
"TN","2021-22","2021-11-13","1-4 years","All","All","Observed","1.1","3.4"
"TN","2021-22","2021-11-06","1-4 years","All","All","Observed","0.0","2.3"
"TN","2021-22","2021-10-30","1-4 years","All","All","Observed","1.1","2.3"
"TN","2021-22","2021-10-23","1-4 years","All","All","Observed","0.0","1.1"
"TN","2021-22","2021-10-16","1-4 years","All","All","Observed","0.0","1.1"
"TN","2021-22","2021-10-09","1-4 years","All","All","Observed","1.1","1.1"
"IA","2021-22","2021-10-09","1-4 years","All","All","Observed","0.0","0.0"
"IA","2021-22","2021-10-16","1-4 years","All","All","Observed","0.0","0.0"
"IA","2021-22","2021-10-23","1-4 years","All","All","Observed","0.0","0.0"
"IA","2021-22","2021-10-30","1-4 years","All","All","Observed","0.0","0.0"
"IA","2021-22","2021-11-06","1-4 years","All","All","Observed","0.0","0.0"
"IA","2021-22","2021-11-13","1-4 years","All","All","Observed","0.0","0.0"
"IA","2021-22","2021-11-20","1-4 years","All","All","Observed","0.0","0.0"
"IA","2021-22","2021-11-27","1-4 years","All","All","Observed","0.0","0.0"
"IA","2021-22","2021-12-04","1-4 years","All","All","Observed","0.0","0.0"
"IA","2021-22","2021-12-11","1-4 years","All","All","Observed","0.0","0.0"
"IA","2021-22","2021-12-18","1-4 years","All","All","Observed","0.0","0.0"
"IA","2021-22","2021-12-25","1-4 years","All","All","Observed","0.0","0.0"
"IA","2021-22","2022-01-01","1-4 years","All","All","Observed","0.0","0.0"
"IA","2021-22","2022-01-08","1-4 years","All","All","Observed","0.0","0.0"
"IA","2021-22","2022-01-15","1-4 years","All","All","Observed","31.4","31.4"
"IA","2021-22","2022-01-22","1-4 years","All","All","Observed","0.0","31.4"
"IA","2021-22","2022-01-29","1-4 years","All","All","Observed","0.0","31.4"
"IA","2021-22","2022-02-05","1-4 years","All","All","Observed","15.7","47.1"
"IA","2021-22","2022-02-12","1-4 years","All","All","Observed","0.0","47.1"
"IA","2021-22","2022-02-19","1-4 years","All","All","Observed","0.0","47.1"
"IA","2021-22","2022-02-26","1-4 years","All","All","Observed","15.7","62.8"
"IA","2021-22","2022-03-05","1-4 years","All","All","Observed","0.0","62.8"
"IA","2021-22","2022-03-12","1-4 years","All","All","Observed","0.0","62.8"
"IA","2021-22","2022-03-19","1-4 years","All","All","Observed","0.0","62.8"
"IA","2021-22","2022-03-26","1-4 years","All","All","Observed","0.0","62.8"
"IA","2021-22","2022-04-02","1-4 years","All","All","Observed","0.0","62.8"
"IA","2021-22","2022-04-09","1-4 years","All","All","Observed","15.7","78.5"
"IA","2021-22","2022-04-16","1-4 years","All","All","Observed","0.0","78.5"
"IA","2021-22","2022-04-23","1-4 years","All","All","Observed","0.0","78.5"
"IA","2021-22","2022-04-30","1-4 years","All","All","Observed","0.0","78.5"
"IA","2021-22","2022-05-07","1-4 years","All","All","Observed","0.0","78.5"
"IA","2021-22","2022-05-14","1-4 years","All","All","Observed","0.0","78.5"
"IA","2021-22","2022-05-21","1-4 years","All","All","Observed","0.0","78.5"
"MD","2021-22","2021-10-09","1-4 years","All","All","Observed","2.8","2.8"
"MD","2021-22","2021-10-16","1-4 years","All","All","Observed","1.0","3.8"
"MD","2021-22","2021-10-23","1-4 years","All","All","Observed","0.7","4.5"
"MD","2021-22","2021-10-30","1-4 years","All","All","Observed","1.0","5.6"
"MD","2021-22","2021-11-06","1-4 years","All","All","Observed","0.0","5.6"
"MD","2021-22","2021-11-13","1-4 years","All","All","Observed","0.3","5.9"
"MD","2021-22","2021-11-20","1-4 years","All","All","Observed","0.3","6.3"
"MD","2021-22","2021-11-27","1-4 years","All","All","Observed","0.7","6.9"
"MD","2021-22","2021-12-04","1-4 years","All","All","Observed","1.7","8.7"
"MD","2021-22","2021-12-11","1-4 years","All","All","Observed","3.1","11.8"
"MD","2021-22","2021-12-18","1-4 years","All","All","Observed","0.3","12.2"
"MD","2021-22","2021-12-25","1-4 years","All","All","Observed","5.9","18.1"
"MD","2021-22","2022-01-01","1-4 years","All","All","Observed","9.7","27.8"
"MD","2021-22","2022-01-08","1-4 years","All","All","Observed","8.3","36.1"
"MD","2021-22","2022-01-15","1-4 years","All","All","Observed","6.6","42.7"
"MD","2021-22","2022-01-22","1-4 years","All","All","Observed","7.3","50.0"
"MD","2021-22","2022-01-29","1-4 years","All","All","Observed","2.8","52.8"
"MD","2021-22","2022-02-05","1-4 years","All","All","Observed","2.8","55.6"
"MD","2021-22","2022-02-12","1-4 years","All","All","Observed","3.5","59.0"
"NM","2021-22","2022-10-01","1-4 years","All","All","Observed","0.0","163.0"
"NM","2021-22","2022-09-24","1-4 years","All","All","Observed","0.0","163.0"
"NM","2021-22","2022-09-17","1-4 years","All","All","Observed","0.0","163.0"
"NM","2021-22","2022-09-10","1-4 years","All","All","Observed","0.0","163.0"
"NM","2021-22","2022-09-03","1-4 years","All","All","Observed","1.8","163.0"
"NM","2021-22","2022-08-27","1-4 years","All","All","Observed","5.5","161.2"
"NM","2021-22","2022-08-20","1-4 years","All","All","Observed","1.8","155.7"
"NM","2021-22","2022-08-13","1-4 years","All","All","Observed","5.5","153.8"
"NM","2021-22","2022-08-06","1-4 years","All","All","Observed","11.0","148.3"
"NM","2021-22","2022-07-30","1-4 years","All","All","Observed","1.8","137.3"
"NM","2021-22","2022-07-23","1-4 years","All","All","Observed","1.8","135.5"
"NM","2021-22","2022-07-16","1-4 years","All","All","Observed","3.7","133.7"
"NM","2021-22","2022-07-09","1-4 years","All","All","Observed","0.0","130.0"
"NM","2021-22","2022-07-02","1-4 years","All","All","Observed","1.8","130.0"
"NM","2021-22","2022-06-25","1-4 years","All","All","Observed","11.0","128.2"
"NM","2021-22","2022-06-18","1-4 years","All","All","Observed","3.7","117.2"
"NM","2021-22","2022-06-11","1-4 years","All","All","Observed","0.0","113.5"
"NM","2021-22","2022-06-04","1-4 years","All","All","Observed","1.8","113.5"
"NM","2021-22","2022-05-28","1-4 years","All","All","Observed","1.8","111.7"
"NM","2021-22","2022-05-21","1-4 years","All","All","Observed","1.8","109.9"
"NM","2021-22","2022-05-14","1-4 years","All","All","Observed","1.8","108.0"
"NM","2021-22","2022-05-07","1-4 years","All","All","Observed","0.0","106.2"
"NM","2021-22","2022-04-30","1-4 years","All","All","Observed","1.8","106.2"
"NM","2021-22","2022-04-23","1-4 years","All","All","Observed","1.8","104.4"
"NM","2021-22","2022-04-16","1-4 years","All","All","Observed","1.8","102.6"
"NM","2021-22","2022-04-09","1-4 years","All","All","Observed","0.0","100.7"
"NM","2021-22","2022-04-02","1-4 years","All","All","Observed","0.0","100.7"
"NM","2021-22","2022-03-26","1-4 years","All","All","Observed","1.8","100.7"
"NM","2021-22","2022-03-19","1-4 years","All","All","Observed","3.7","98.9"
"NM","2021-22","2022-03-12","1-4 years","All","All","Observed","1.8","95.2"
"NM","2021-22","2022-03-05","1-4 years","All","All","Observed","1.8","93.4"
"NM","2021-22","2022-02-26","1-4 years","All","All","Observed","7.3","91.6"
"NM","2021-22","2022-02-19","1-4 years","All","All","Observed","5.5","84.2"
"NM","2021-22","2022-02-12","1-4 years","All","All","Observed","1.8","78.7"
"NM","2021-22","2022-02-05","1-4 years","All","All","Observed","5.5","76.9"
"NM","2021-22","2022-01-29","1-4 years","All","All","Observed","7.3","71.4"
"NM","2021-22","2022-01-22","1-4 years","All","All","Observed","23.8","64.1"
"NM","2021-22","2022-01-15","1-4 years","All","All","Observed","11.0","40.3"
"NM","2021-22","2022-01-08","1-4 years","All","All","Observed","14.7","29.3"
"NM","2021-22","2022-01-01","1-4 years","All","All","Observed","0.0","14.7"
"NM","2021-22","2021-12-25","1-4 years","All","All","Observed","3.7","14.7"
"NM","2021-22","2021-12-18","1-4 years","All","All","Observed","0.0","11.0"
"NM","2021-22","2021-12-11","1-4 years","All","All","Observed","0.0","11.0"
"NM","2021-22","2021-12-04","1-4 years","All","All","Observed","1.8","11.0"
"NM","2021-22","2021-11-27","1-4 years","All","All","Observed","1.8","9.2"
"NM","2021-22","2021-11-20","1-4 years","All","All","Observed","1.8","7.3"
"NM","2021-22","2021-11-13","1-4 years","All","All","Observed","0.0","5.5"
"NM","2021-22","2021-11-06","1-4 years","All","All","Observed","0.0","5.5"
"NM","2021-22","2021-10-30","1-4 years","All","All","Observed","0.0","5.5"
"NM","2021-22","2021-10-23","1-4 years","All","All","Observed","3.7","5.5"
"NM","2021-22","2021-10-16","1-4 years","All","All","Observed","1.8","1.8"
"NM","2021-22","2021-10-09","1-4 years","All","All","Observed","0.0","0.0"
"UT","2021-22","2022-09-24","1-4 years","All","All","Observed","0.0","122.7"
"UT","2021-22","2022-09-17","1-4 years","All","All","Observed","4.8","122.7"
"UT","2021-22","2022-09-10","1-4 years","All","All","Observed","3.2","117.9"
"UT","2021-22","2022-09-03","1-4 years","All","All","Observed","0.0","114.8"
"UT","2021-22","2022-08-27","1-4 years","All","All","Observed","0.0","114.8"
"UT","2021-22","2022-08-20","1-4 years","All","All","Observed","1.6","114.8"
"UT","2021-22","2022-08-13","1-4 years","All","All","Observed","3.2","113.2"
"UT","2021-22","2022-08-06","1-4 years","All","All","Observed","4.8","110.0"
"UT","2021-22","2022-07-30","1-4 years","All","All","Observed","4.8","105.2"
"UT","2021-22","2022-07-23","1-4 years","All","All","Observed","0.0","100.4"
"UT","2021-22","2022-07-16","1-4 years","All","All","Observed","3.2","100.4"
"UT","2021-22","2022-07-09","1-4 years","All","All","Observed","8.0","97.2"
"UT","2021-22","2022-07-02","1-4 years","All","All","Observed","4.8","89.3"
"UT","2021-22","2022-06-25","1-4 years","All","All","Observed","3.2","84.5"
"UT","2021-22","2022-06-18","1-4 years","All","All","Observed","1.6","81.3"
"UT","2021-22","2022-06-11","1-4 years","All","All","Observed","3.2","79.7"
"UT","2021-22","2022-06-04","1-4 years","All","All","Observed","1.6","76.5"
"UT","2021-22","2022-05-28","1-4 years","All","All","Observed","1.6","74.9"
"UT","2021-22","2022-05-21","1-4 years","All","All","Observed","0.0","73.3"
"UT","2021-22","2022-05-14","1-4 years","All","All","Observed","0.0","73.3"
"UT","2021-22","2022-05-07","1-4 years","All","All","Observed","1.6","73.3"
"UT","2021-22","2022-04-30","1-4 years","All","All","Observed","0.0","71.7"
"UT","2021-22","2022-04-23","1-4 years","All","All","Observed","1.6","71.7"
"UT","2021-22","2022-04-16","1-4 years","All","All","Observed","1.6","70.1"
"UT","2021-22","2022-04-09","1-4 years","All","All","Observed","3.2","68.5"
"CO","2021-22","2022-10-01","1-4 years","All","All","Observed","3.2","214.6"
"UT","2021-22","2022-04-02","1-4 years","All","All","Observed","0.0","65.3"
"UT","2021-22","2022-03-26","1-4 years","All","All","Observed","1.6","65.3"
"UT","2021-22","2022-03-19","1-4 years","All","All","Observed","1.6","63.8"
"UT","2021-22","2022-03-12","1-4 years","All","All","Observed","1.6","62.2"
"UT","2021-22","2022-03-05","1-4 years","All","All","Observed","3.2","60.6"
"UT","2021-22","2022-02-26","1-4 years","All","All","Observed","0.0","57.4"
"UT","2021-22","2022-02-19","1-4 years","All","All","Observed","6.4","57.4"
"UT","2021-22","2022-02-12","1-4 years","All","All","Observed","4.8","51.0"
"UT","2021-22","2022-02-05","1-4 years","All","All","Observed","1.6","46.2"
"UT","2021-22","2022-01-29","1-4 years","All","All","Observed","4.8","44.6"
"UT","2021-22","2022-01-22","1-4 years","All","All","Observed","6.4","39.8"
"UT","2021-22","2022-01-15","1-4 years","All","All","Observed","9.6","33.5"
"UT","2021-22","2022-01-08","1-4 years","All","All","Observed","1.6","23.9"
"UT","2021-22","2022-01-01","1-4 years","All","All","Observed","3.2","22.3"
"UT","2021-22","2021-12-25","1-4 years","All","All","Observed","1.6","19.1"
"UT","2021-22","2021-12-18","1-4 years","All","All","Observed","1.6","17.5"
"UT","2021-22","2021-12-11","1-4 years","All","All","Observed","1.6","15.9"
"UT","2021-22","2021-12-04","1-4 years","All","All","Observed","8.0","14.3"
"UT","2021-22","2021-11-27","1-4 years","All","All","Observed","0.0","6.4"
"UT","2021-22","2021-11-20","1-4 years","All","All","Observed","0.0","6.4"
"UT","2021-22","2021-11-13","1-4 years","All","All","Observed","1.6","6.4"
"UT","2021-22","2021-11-06","1-4 years","All","All","Observed","0.0","4.8"
"UT","2021-22","2021-10-30","1-4 years","All","All","Observed","0.0","4.8"
"UT","2021-22","2021-10-23","1-4 years","All","All","Observed","1.6","4.8"
"UT","2021-22","2021-10-16","1-4 years","All","All","Observed","3.2","3.2"
"UT","2021-22","2021-10-09","1-4 years","All","All","Observed","0.0","0.0"
"MD","2021-22","2022-02-19","1-4 years","All","All","Observed","1.4","60.4"
"MD","2021-22","2022-02-26","1-4 years","All","All","Observed","0.7","61.1"
"MD","2021-22","2022-03-05","1-4 years","All","All","Observed","1.0","62.2"
"MD","2021-22","2022-03-12","1-4 years","All","All","Observed","1.7","63.9"
"MD","2021-22","2022-03-19","1-4 years","All","All","Observed","0.0","63.9"
"MD","2021-22","2022-03-26","1-4 years","All","All","Observed","0.3","64.2"
"MD","2021-22","2022-04-02","1-4 years","All","All","Observed","0.3","64.6"
"MD","2021-22","2022-04-09","1-4 years","All","All","Observed","1.0","65.6"
"MD","2021-22","2022-04-16","1-4 years","All","All","Observed","0.0","65.6"
"MD","2021-22","2022-04-23","1-4 years","All","All","Observed","0.3","66.0"
"MD","2021-22","2022-04-30","1-4 years","All","All","Observed","1.4","67.4"
"MD","2021-22","2022-05-07","1-4 years","All","All","Observed","0.7","68.1"
"MD","2021-22","2022-05-14","1-4 years","All","All","Observed","2.1","70.1"
"MD","2021-22","2022-05-21","1-4 years","All","All","Observed","2.1","72.2"
"MD","2021-22","2022-05-28","1-4 years","All","All","Observed","2.1","74.3"
"MD","2021-22","2022-06-04","1-4 years","All","All","Observed","2.4","76.7"
"MD","2021-22","2022-06-11","1-4 years","All","All","Observed","1.4","78.1"
"MD","2021-22","2022-06-18","1-4 years","All","All","Observed","1.4","79.5"
"MD","2021-22","2022-06-25","1-4 years","All","All","Observed","2.1","81.6"
"MD","2021-22","2022-07-02","1-4 years","All","All","Observed","2.8","84.4"
"MD","2021-22","2022-07-09","1-4 years","All","All","Observed","1.7","86.1"
"MD","2021-22","2022-07-16","1-4 years","All","All","Observed","1.0","87.2"
"MD","2021-22","2022-07-23","1-4 years","All","All","Observed","2.1","89.2"
"MD","2021-22","2022-07-30","1-4 years","All","All","Observed","2.1","91.3"
"MD","2021-22","2022-08-06","1-4 years","All","All","Observed","2.4","93.8"
"MD","2021-22","2022-08-13","1-4 years","All","All","Observed","2.8","96.5"
"MD","2021-22","2022-08-20","1-4 years","All","All","Observed","2.8","99.3"
"MD","2021-22","2022-08-27","1-4 years","All","All","Observed","3.8","103.1"
"MD","2021-22","2022-09-03","1-4 years","All","All","Observed","1.0","104.2"
"MD","2021-22","2022-09-10","1-4 years","All","All","Observed","2.4","106.6"
"MD","2021-22","2022-09-17","1-4 years","All","All","Observed","2.1","108.7"
"MD","2021-22","2022-09-24","1-4 years","All","All","Observed","1.4","110.1"
"MD","2021-22","2022-10-01","1-4 years","All","All","Observed","0.7","110.8"
"MI","2021-22","2021-10-09","1-4 years","All","All","Observed","1.9","1.9"
"MI","2021-22","2021-10-16","1-4 years","All","All","Observed","1.9","3.8"
"MI","2021-22","2021-10-23","1-4 years","All","All","Observed","0.0","3.8"
"MI","2021-22","2021-10-30","1-4 years","All","All","Observed","1.9","5.7"
"MI","2021-22","2021-11-06","1-4 years","All","All","Observed","1.9","7.6"
"MI","2021-22","2021-11-13","1-4 years","All","All","Observed","1.9","9.5"
"MI","2021-22","2021-11-20","1-4 years","All","All","Observed","0.0","9.5"
"MI","2021-22","2021-11-27","1-4 years","All","All","Observed","3.8","13.3"
"MI","2021-22","2021-12-04","1-4 years","All","All","Observed","1.9","15.2"
"MI","2021-22","2021-12-11","1-4 years","All","All","Observed","0.0","15.2"
"MI","2021-22","2021-12-18","1-4 years","All","All","Observed","9.5","24.8"
"MI","2021-22","2021-12-25","1-4 years","All","All","Observed","0.0","24.8"
"MI","2021-22","2022-01-01","1-4 years","All","All","Observed","5.7","30.5"
"MI","2021-22","2022-01-08","1-4 years","All","All","Observed","7.6","38.1"
"MI","2021-22","2022-01-15","1-4 years","All","All","Observed","3.8","41.9"
"MI","2021-22","2022-01-22","1-4 years","All","All","Observed","7.6","49.5"
"MI","2021-22","2022-01-29","1-4 years","All","All","Observed","9.5","59.0"
"MI","2021-22","2022-02-05","1-4 years","All","All","Observed","9.5","68.5"
"MI","2021-22","2022-02-12","1-4 years","All","All","Observed","11.4","80.0"
"MN","2021-22","2022-10-01","1-4 years","All","All","Observed","3.2","123.3"
"MN","2021-22","2022-09-24","1-4 years","All","All","Observed","1.3","120.1"
"MN","2021-22","2022-09-17","1-4 years","All","All","Observed","2.6","118.8"
"MN","2021-22","2022-09-10","1-4 years","All","All","Observed","0.0","116.2"
"MN","2021-22","2022-09-03","1-4 years","All","All","Observed","1.9","116.2"
"MN","2021-22","2022-08-27","1-4 years","All","All","Observed","2.6","114.2"
"MN","2021-22","2022-08-20","1-4 years","All","All","Observed","2.6","111.6"
"MN","2021-22","2022-08-13","1-4 years","All","All","Observed","1.9","109.0"
"MN","2021-22","2022-08-06","1-4 years","All","All","Observed","1.9","107.1"
"MN","2021-22","2022-07-30","1-4 years","All","All","Observed","1.3","105.2"
"MN","2021-22","2022-07-23","1-4 years","All","All","Observed","3.2","103.9"
"MN","2021-22","2022-07-16","1-4 years","All","All","Observed","0.6","100.6"
"MN","2021-22","2022-07-09","1-4 years","All","All","Observed","2.6","100.0"
"MN","2021-22","2022-07-02","1-4 years","All","All","Observed","2.6","97.4"
"MN","2021-22","2022-06-25","1-4 years","All","All","Observed","1.9","94.8"
"MN","2021-22","2022-06-18","1-4 years","All","All","Observed","2.6","92.8"
"MN","2021-22","2022-06-11","1-4 years","All","All","Observed","2.6","90.2"
"MN","2021-22","2022-06-04","1-4 years","All","All","Observed","0.6","87.6"
"MN","2021-22","2022-05-28","1-4 years","All","All","Observed","1.3","87.0"
"MN","2021-22","2022-05-21","1-4 years","All","All","Observed","1.3","85.7"
"MN","2021-22","2022-05-14","1-4 years","All","All","Observed","0.6","84.4"
"MN","2021-22","2022-05-07","1-4 years","All","All","Observed","0.6","83.7"
"MN","2021-22","2022-04-30","1-4 years","All","All","Observed","1.3","83.1"
"MN","2021-22","2022-04-23","1-4 years","All","All","Observed","1.9","81.8"
"MN","2021-22","2022-04-16","1-4 years","All","All","Observed","1.3","79.8"
"MN","2021-22","2022-04-09","1-4 years","All","All","Observed","1.9","78.5"
"MN","2021-22","2022-04-02","1-4 years","All","All","Observed","0.6","76.6"
"MN","2021-22","2022-03-26","1-4 years","All","All","Observed","1.3","75.9"
"MN","2021-22","2022-03-19","1-4 years","All","All","Observed","1.9","74.6"
"MN","2021-22","2022-03-12","1-4 years","All","All","Observed","1.9","72.7"
"MN","2021-22","2022-03-05","1-4 years","All","All","Observed","2.6","70.8"
"MN","2021-22","2022-02-26","1-4 years","All","All","Observed","1.9","68.2"
"MN","2021-22","2022-02-19","1-4 years","All","All","Observed","0.6","66.2"
"MN","2021-22","2022-02-12","1-4 years","All","All","Observed","3.2","65.6"
"MN","2021-22","2022-02-05","1-4 years","All","All","Observed","5.2","62.3"
"MN","2021-22","2022-01-29","1-4 years","All","All","Observed","4.5","57.1"
"MN","2021-22","2022-01-22","1-4 years","All","All","Observed","9.1","52.6"
"MN","2021-22","2022-01-15","1-4 years","All","All","Observed","9.7","43.5"
"MN","2021-22","2022-01-08","1-4 years","All","All","Observed","7.8","33.8"
"MN","2021-22","2022-01-01","1-4 years","All","All","Observed","1.3","26.0"
"MN","2021-22","2021-12-25","1-4 years","All","All","Observed","3.2","24.7"
"MN","2021-22","2021-12-18","1-4 years","All","All","Observed","1.9","21.4"
"MN","2021-22","2021-12-11","1-4 years","All","All","Observed","3.2","19.5"
"MN","2021-22","2021-12-04","1-4 years","All","All","Observed","2.6","16.2"
"MN","2021-22","2021-11-27","1-4 years","All","All","Observed","4.5","13.6"
"MN","2021-22","2021-11-20","1-4 years","All","All","Observed","1.3","9.1"
"MN","2021-22","2021-11-13","1-4 years","All","All","Observed","2.6","7.8"
"MN","2021-22","2021-11-06","1-4 years","All","All","Observed","1.3","5.2"
"MN","2021-22","2021-10-30","1-4 years","All","All","Observed","0.0","3.9"
"MN","2021-22","2021-10-23","1-4 years","All","All","Observed","1.3","3.9"
"MN","2021-22","2021-10-16","1-4 years","All","All","Observed","1.3","2.6"
"MN","2021-22","2021-10-09","1-4 years","All","All","Observed","1.3","1.3"
"All","2021-22","2021-10-09","1-4 years","All","All","Observed","1.7","1.7"
"All","2021-22","2021-10-16","1-4 years","All","All","Observed","1.3","2.9"
"All","2021-22","2021-10-23","1-4 years","All","All","Observed","1.1","4.1"
"All","2021-22","2021-10-30","1-4 years","All","All","Observed","1.0","5.1"
"All","2021-22","2021-11-06","1-4 years","All","All","Observed","0.7","5.8"
"All","2021-22","2021-11-13","1-4 years","All","All","Observed","1.5","7.2"
"All","2021-22","2021-11-20","1-4 years","All","All","Observed","0.9","8.1"
"All","2021-22","2021-11-27","1-4 years","All","All","Observed","1.2","9.3"
"All","2021-22","2021-12-04","1-4 years","All","All","Observed","1.8","11.1"
"All","2021-22","2021-12-11","1-4 years","All","All","Observed","1.9","13.0"
"All","2021-22","2021-12-18","1-4 years","All","All","Observed","1.5","14.5"
"All","2021-22","2021-12-25","1-4 years","All","All","Observed","3.7","18.2"
"All","2021-22","2022-01-01","1-4 years","All","All","Observed","7.1","25.3"
"All","2021-22","2022-01-08","1-4 years","All","All","Observed","8.2","33.4"
"All","2021-22","2022-01-15","1-4 years","All","All","Observed","7.6","41.0"
"All","2021-22","2022-01-22","1-4 years","All","All","Observed","8.1","49.1"
"All","2021-22","2022-01-29","1-4 years","All","All","Observed","5.5","54.6"
"All","2021-22","2022-02-05","1-4 years","All","All","Observed","4.1","58.7"
"All","2021-22","2022-02-12","1-4 years","All","All","Observed","4.1","62.8"
"All","2021-22","2022-02-19","1-4 years","All","All","Observed","2.8","65.6"
"All","2021-22","2022-02-26","1-4 years","All","All","Observed","2.2","67.8"
"All","2021-22","2022-03-05","1-4 years","All","All","Observed","1.8","69.6"
"All","2021-22","2022-03-12","1-4 years","All","All","Observed","1.9","71.5"
"All","2021-22","2022-03-19","1-4 years","All","All","Observed","1.1","72.6"
"All","2021-22","2022-03-26","1-4 years","All","All","Observed","1.1","73.7"
"All","2021-22","2022-04-02","1-4 years","All","All","Observed","1.1","74.8"
"All","2021-22","2022-04-09","1-4 years","All","All","Observed","1.0","75.9"
"All","2021-22","2022-04-16","1-4 years","All","All","Observed","1.1","76.9"
"All","2021-22","2022-04-23","1-4 years","All","All","Observed","1.3","78.3"
"All","2021-22","2022-04-30","1-4 years","All","All","Observed","1.7","79.9"
"All","2021-22","2022-05-07","1-4 years","All","All","Observed","1.2","81.1"
"All","2021-22","2022-05-14","1-4 years","All","All","Observed","1.8","82.9"
"All","2021-22","2022-05-21","1-4 years","All","All","Observed","1.7","84.6"
"All","2021-22","2022-05-28","1-4 years","All","All","Observed","1.7","86.4"
"All","2021-22","2022-06-04","1-4 years","All","All","Observed","1.7","88.1"
"All","2021-22","2022-06-11","1-4 years","All","All","Observed","2.1","90.2"
"All","2021-22","2022-06-18","1-4 years","All","All","Observed","2.3","92.5"
"All","2021-22","2022-06-25","1-4 years","All","All","Observed","2.4","94.9"
"All","2021-22","2022-07-02","1-4 years","All","All","Observed","3.0","97.9"
"All","2021-22","2022-07-09","1-4 years","All","All","Observed","2.6","100.5"
"All","2021-22","2022-07-16","1-4 years","All","All","Observed","1.7","102.2"
"All","2021-22","2022-07-23","1-4 years","All","All","Observed","2.6","104.8"
"All","2021-22","2022-07-30","1-4 years","All","All","Observed","2.0","106.8"
"All","2021-22","2022-08-06","1-4 years","All","All","Observed","2.5","109.4"
"All","2021-22","2022-08-13","1-4 years","All","All","Observed","2.2","111.6"
"All","2021-22","2022-08-20","1-4 years","All","All","Observed","3.1","114.6"
"All","2021-22","2022-08-27","1-4 years","All","All","Observed","2.9","117.6"
"All","2021-22","2022-09-03","1-4 years","All","All","Observed","1.6","119.2"
"All","2021-22","2022-09-10","1-4 years","All","All","Observed","1.7","120.9"
"All","2021-22","2022-09-17","1-4 years","All","All","Observed","1.9","122.9"
"All","2021-22","2022-09-24","1-4 years","All","All","Observed","1.3","124.2"
"All","2021-22","2022-10-01","1-4 years","All","All","Observed","1.7","126.0"
"MI","2021-22","2022-02-19","1-4 years","All","All","Observed","3.8","83.8"
"MI","2021-22","2022-02-26","1-4 years","All","All","Observed","5.7","89.5"
"MI","2021-22","2022-03-05","1-4 years","All","All","Observed","3.8","93.3"
"MI","2021-22","2022-03-12","1-4 years","All","All","Observed","0.0","93.3"
"MI","2021-22","2022-03-19","1-4 years","All","All","Observed","0.0","93.3"
"MI","2021-22","2022-03-26","1-4 years","All","All","Observed","1.9","95.2"
"MI","2021-22","2022-04-02","1-4 years","All","All","Observed","3.8","99.0"
"MI","2021-22","2022-04-09","1-4 years","All","All","Observed","1.9","100.9"
"MI","2021-22","2022-04-16","1-4 years","All","All","Observed","3.8","104.7"
"MI","2021-22","2022-04-23","1-4 years","All","All","Observed","0.0","104.7"
"MI","2021-22","2022-04-30","1-4 years","All","All","Observed","5.7","110.4"
"MI","2021-22","2022-05-07","1-4 years","All","All","Observed","0.0","110.4"
"MI","2021-22","2022-05-14","1-4 years","All","All","Observed","3.8","114.2"
"MI","2021-22","2022-05-21","1-4 years","All","All","Observed","0.0","114.2"
"MI","2021-22","2022-05-28","1-4 years","All","All","Observed","0.0","114.2"
"MI","2021-22","2022-06-04","1-4 years","All","All","Observed","0.0","114.2"
"MI","2021-22","2022-06-11","1-4 years","All","All","Observed","1.9","116.2"
"MI","2021-22","2022-06-18","1-4 years","All","All","Observed","3.8","120.0"
"MI","2021-22","2022-06-25","1-4 years","All","All","Observed","1.9","121.9"
"MI","2021-22","2022-07-02","1-4 years","All","All","Observed","3.8","125.7"
"MI","2021-22","2022-07-09","1-4 years","All","All","Observed","0.0","125.7"
"MI","2021-22","2022-07-16","1-4 years","All","All","Observed","0.0","125.7"
"MI","2021-22","2022-07-23","1-4 years","All","All","Observed","5.7","131.4"
"MI","2021-22","2022-07-30","1-4 years","All","All","Observed","3.8","135.2"
"MI","2021-22","2022-08-06","1-4 years","All","All","Observed","0.0","135.2"
"MI","2021-22","2022-08-13","1-4 years","All","All","Observed","1.9","137.1"
"MI","2021-22","2022-08-20","1-4 years","All","All","Observed","11.4","148.5"
"MI","2021-22","2022-08-27","1-4 years","All","All","Observed","7.6","156.1"
"MI","2021-22","2022-09-03","1-4 years","All","All","Observed","7.6","163.8"
"MI","2021-22","2022-09-10","1-4 years","All","All","Observed","3.8","167.6"
"MI","2021-22","2022-09-17","1-4 years","All","All","Observed","3.8","171.4"
"MI","2021-22","2022-09-24","1-4 years","All","All","Observed","1.9","173.3"
"MI","2021-22","2022-10-01","1-4 years","All","All","Observed","5.7","179.0"
"OR","2021-22","2022-10-01","1-4 years","All","All","Observed","2.7","95.4"
"OR","2021-22","2022-09-24","1-4 years","All","All","Observed","0.0","92.7"
"OR","2021-22","2022-09-17","1-4 years","All","All","Observed","4.1","92.7"
"OR","2021-22","2022-09-10","1-4 years","All","All","Observed","0.0","88.6"
"OR","2021-22","2022-09-03","1-4 years","All","All","Observed","0.0","88.6"
"OR","2021-22","2022-08-27","1-4 years","All","All","Observed","1.4","88.6"
"OR","2021-22","2022-08-20","1-4 years","All","All","Observed","4.1","87.3"
"OR","2021-22","2022-08-13","1-4 years","All","All","Observed","1.4","83.2"
"OR","2021-22","2022-08-06","1-4 years","All","All","Observed","2.7","81.8"
"OR","2021-22","2022-07-30","1-4 years","All","All","Observed","0.0","79.1"
"OR","2021-22","2022-07-23","1-4 years","All","All","Observed","0.0","79.1"
"OR","2021-22","2022-07-16","1-4 years","All","All","Observed","1.4","79.1"
"OR","2021-22","2022-07-09","1-4 years","All","All","Observed","4.1","77.7"
"OR","2021-22","2022-07-02","1-4 years","All","All","Observed","5.5","73.6"
"OR","2021-22","2022-06-25","1-4 years","All","All","Observed","2.7","68.2"
"OR","2021-22","2022-06-18","1-4 years","All","All","Observed","1.4","65.5"
"OR","2021-22","2022-06-11","1-4 years","All","All","Observed","2.7","64.1"
"OR","2021-22","2022-06-04","1-4 years","All","All","Observed","1.4","61.4"
"OR","2021-22","2022-05-28","1-4 years","All","All","Observed","1.4","60.0"
"OR","2021-22","2022-05-21","1-4 years","All","All","Observed","2.7","58.6"
"OR","2021-22","2022-05-14","1-4 years","All","All","Observed","1.4","55.9"
"OR","2021-22","2022-05-07","1-4 years","All","All","Observed","1.4","54.5"
"OR","2021-22","2022-04-30","1-4 years","All","All","Observed","1.4","53.2"
"OR","2021-22","2022-04-23","1-4 years","All","All","Observed","1.4","51.8"
"OR","2021-22","2022-04-16","1-4 years","All","All","Observed","0.0","50.5"
"OR","2021-22","2022-04-09","1-4 years","All","All","Observed","0.0","50.5"
"OR","2021-22","2022-04-02","1-4 years","All","All","Observed","2.7","50.5"
"OR","2021-22","2022-03-26","1-4 years","All","All","Observed","0.0","47.7"
"OR","2021-22","2022-03-19","1-4 years","All","All","Observed","0.0","47.7"
"OR","2021-22","2022-03-12","1-4 years","All","All","Observed","2.7","47.7"
"OR","2021-22","2022-03-05","1-4 years","All","All","Observed","2.7","45.0"
"OR","2021-22","2022-02-26","1-4 years","All","All","Observed","2.7","42.3"
"OR","2021-22","2022-02-19","1-4 years","All","All","Observed","5.5","39.5"
"OR","2021-22","2022-02-12","1-4 years","All","All","Observed","1.4","34.1"
"OR","2021-22","2022-02-05","1-4 years","All","All","Observed","4.1","32.7"
"OR","2021-22","2022-01-29","1-4 years","All","All","Observed","4.1","28.6"
"OR","2021-22","2022-01-22","1-4 years","All","All","Observed","5.5","24.5"
"OR","2021-22","2022-01-15","1-4 years","All","All","Observed","8.2","19.1"
"OR","2021-22","2022-01-08","1-4 years","All","All","Observed","0.0","10.9"
"OR","2021-22","2022-01-01","1-4 years","All","All","Observed","1.4","10.9"
"OR","2021-22","2021-12-25","1-4 years","All","All","Observed","1.4","9.5"
"OR","2021-22","2021-12-18","1-4 years","All","All","Observed","1.4","8.2"
"OR","2021-22","2021-12-11","1-4 years","All","All","Observed","1.4","6.8"
"OR","2021-22","2021-12-04","1-4 years","All","All","Observed","0.0","5.5"
"OR","2021-22","2021-11-27","1-4 years","All","All","Observed","0.0","5.5"
"OR","2021-22","2021-11-20","1-4 years","All","All","Observed","1.4","5.5"
"OR","2021-22","2021-11-13","1-4 years","All","All","Observed","0.0","4.1"
"OR","2021-22","2021-11-06","1-4 years","All","All","Observed","0.0","4.1"
"OR","2021-22","2021-10-30","1-4 years","All","All","Observed","1.4","4.1"
"OR","2021-22","2021-10-23","1-4 years","All","All","Observed","1.4","2.7"
"OR","2021-22","2021-10-16","1-4 years","All","All","Observed","0.0","1.4"
"OR","2021-22","2021-10-09","1-4 years","All","All","Observed","1.4","1.4"
"CA","2021-22","2021-10-09","1-4 years","All","All","Observed","1.4","1.4"
"CA","2021-22","2021-10-16","1-4 years","All","All","Observed","0.0","1.4"
"CA","2021-22","2021-10-23","1-4 years","All","All","Observed","0.7","2.0"
"CA","2021-22","2021-10-30","1-4 years","All","All","Observed","0.7","2.7"
"CA","2021-22","2021-11-06","1-4 years","All","All","Observed","0.0","2.7"
"CA","2021-22","2021-11-13","1-4 years","All","All","Observed","0.0","2.7"
"CA","2021-22","2021-11-20","1-4 years","All","All","Observed","0.7","3.4"
"CA","2021-22","2021-11-27","1-4 years","All","All","Observed","0.7","4.1"
"CA","2021-22","2021-12-04","1-4 years","All","All","Observed","0.0","4.1"
"CA","2021-22","2021-12-11","1-4 years","All","All","Observed","0.7","4.7"
"CA","2021-22","2021-12-18","1-4 years","All","All","Observed","0.7","5.4"
"CA","2021-22","2021-12-25","1-4 years","All","All","Observed","0.0","5.4"
"CA","2021-22","2022-01-01","1-4 years","All","All","Observed","3.4","8.8"
"CA","2021-22","2022-01-08","1-4 years","All","All","Observed","5.4","14.2"
"CA","2021-22","2022-01-15","1-4 years","All","All","Observed","3.4","17.6"
"CA","2021-22","2022-01-22","1-4 years","All","All","Observed","7.4","25.0"
"CA","2021-22","2022-01-29","1-4 years","All","All","Observed","6.1","31.1"
"CA","2021-22","2022-02-05","1-4 years","All","All","Observed","0.7","31.8"
"CA","2021-22","2022-02-12","1-4 years","All","All","Observed","1.4","33.1"
"CA","2021-22","2022-02-19","1-4 years","All","All","Observed","3.4","36.5"
"CA","2021-22","2022-02-26","1-4 years","All","All","Observed","2.0","38.5"
"CA","2021-22","2022-03-05","1-4 years","All","All","Observed","0.0","38.5"
"CA","2021-22","2022-03-12","1-4 years","All","All","Observed","0.7","39.2"
"CA","2021-22","2022-03-19","1-4 years","All","All","Observed","0.7","39.9"
"CA","2021-22","2022-03-26","1-4 years","All","All","Observed","0.7","40.5"
"CA","2021-22","2022-04-02","1-4 years","All","All","Observed","0.7","41.2"
"CA","2021-22","2022-04-09","1-4 years","All","All","Observed","0.0","41.2"
"CA","2021-22","2022-04-16","1-4 years","All","All","Observed","2.0","43.2"
"CA","2021-22","2022-04-23","1-4 years","All","All","Observed","0.0","43.2"
"CA","2021-22","2022-04-30","1-4 years","All","All","Observed","0.0","43.2"
"CA","2021-22","2022-05-07","1-4 years","All","All","Observed","1.4","44.6"
"CA","2021-22","2022-05-14","1-4 years","All","All","Observed","2.0","46.6"
"CA","2021-22","2022-05-21","1-4 years","All","All","Observed","1.4","48.0"
"CA","2021-22","2022-05-28","1-4 years","All","All","Observed","2.0","50.0"
"CA","2021-22","2022-06-04","1-4 years","All","All","Observed","0.7","50.7"
"CA","2021-22","2022-06-11","1-4 years","All","All","Observed","1.4","52.0"
"CA","2021-22","2022-06-18","1-4 years","All","All","Observed","3.4","55.4"
"CA","2021-22","2022-06-25","1-4 years","All","All","Observed","1.4","56.8"
"CA","2021-22","2022-07-02","1-4 years","All","All","Observed","4.1","60.8"
"CA","2021-22","2022-07-09","1-4 years","All","All","Observed","4.1","64.9"
"CA","2021-22","2022-07-16","1-4 years","All","All","Observed","2.7","67.6"
"CA","2021-22","2022-07-23","1-4 years","All","All","Observed","2.0","69.6"
"CA","2021-22","2022-07-30","1-4 years","All","All","Observed","2.7","72.3"
"CA","2021-22","2022-08-06","1-4 years","All","All","Observed","1.4","73.6"
"CA","2021-22","2022-08-13","1-4 years","All","All","Observed","2.0","75.7"
"CA","2021-22","2022-08-20","1-4 years","All","All","Observed","2.7","78.4"
"CA","2021-22","2022-08-27","1-4 years","All","All","Observed","1.4","79.7"
"CA","2021-22","2022-09-03","1-4 years","All","All","Observed","1.4","81.1"
"CA","2021-22","2022-09-10","1-4 years","All","All","Observed","0.0","81.1"
"CA","2021-22","2022-09-17","1-4 years","All","All","Observed","0.0","81.1"
"CA","2021-22","2022-09-24","1-4 years","All","All","Observed","0.7","81.8"
"UT","2021-22","2022-10-01","1-4 years","All","All","Observed","1.6","124.3"
"CT","2021-22","2021-10-09","1-4 years","All","All","Observed","0.0","0.0"
"CT","2021-22","2021-10-16","1-4 years","All","All","Observed","0.0","0.0"
"CT","2021-22","2021-10-23","1-4 years","All","All","Observed","0.0","0.0"
"CT","2021-22","2021-10-30","1-4 years","All","All","Observed","0.0","0.0"
"CT","2021-22","2021-11-06","1-4 years","All","All","Observed","2.5","2.5"
"CT","2021-22","2021-11-13","1-4 years","All","All","Observed","0.0","2.5"
"CT","2021-22","2021-11-20","1-4 years","All","All","Observed","0.0","2.5"
"CT","2021-22","2021-11-27","1-4 years","All","All","Observed","0.0","2.5"
"CT","2021-22","2021-12-04","1-4 years","All","All","Observed","0.0","2.5"
"CT","2021-22","2021-12-11","1-4 years","All","All","Observed","2.5","4.9"
"CT","2021-22","2021-12-18","1-4 years","All","All","Observed","0.0","4.9"
"CT","2021-22","2021-12-25","1-4 years","All","All","Observed","2.5","7.4"
"CT","2021-22","2022-01-01","1-4 years","All","All","Observed","0.0","7.4"
"CT","2021-22","2022-01-08","1-4 years","All","All","Observed","12.4","19.8"
"CT","2021-22","2022-01-15","1-4 years","All","All","Observed","9.9","29.7"
"CT","2021-22","2022-01-22","1-4 years","All","All","Observed","0.0","29.7"
"CT","2021-22","2022-01-29","1-4 years","All","All","Observed","9.9","39.6"
"CT","2021-22","2022-02-05","1-4 years","All","All","Observed","0.0","39.6"
"CT","2021-22","2022-02-12","1-4 years","All","All","Observed","2.5","42.1"
"CT","2021-22","2022-02-19","1-4 years","All","All","Observed","0.0","42.1"
"CT","2021-22","2022-02-26","1-4 years","All","All","Observed","4.9","47.0"
"CT","2021-22","2022-03-05","1-4 years","All","All","Observed","0.0","47.0"
"CT","2021-22","2022-03-12","1-4 years","All","All","Observed","4.9","52.0"
"CT","2021-22","2022-03-19","1-4 years","All","All","Observed","0.0","52.0"
"CT","2021-22","2022-03-26","1-4 years","All","All","Observed","0.0","52.0"
"CT","2021-22","2022-04-02","1-4 years","All","All","Observed","0.0","52.0"
"CT","2021-22","2022-04-09","1-4 years","All","All","Observed","0.0","52.0"
"CT","2021-22","2022-04-16","1-4 years","All","All","Observed","0.0","52.0"
"CT","2021-22","2022-04-23","1-4 years","All","All","Observed","0.0","52.0"
"CT","2021-22","2022-04-30","1-4 years","All","All","Observed","0.0","52.0"
"CT","2021-22","2022-05-07","1-4 years","All","All","Observed","2.5","54.4"
"CT","2021-22","2022-05-14","1-4 years","All","All","Observed","0.0","54.4"
"CT","2021-22","2022-05-21","1-4 years","All","All","Observed","2.5","56.9"
"CT","2021-22","2022-05-28","1-4 years","All","All","Observed","0.0","56.9"
"CT","2021-22","2022-06-04","1-4 years","All","All","Observed","0.0","56.9"
"CT","2021-22","2022-06-11","1-4 years","All","All","Observed","0.0","56.9"
"CT","2021-22","2022-06-18","1-4 years","All","All","Observed","0.0","56.9"
"CT","2021-22","2022-06-25","1-4 years","All","All","Observed","0.0","56.9"
"CT","2021-22","2022-07-02","1-4 years","All","All","Observed","0.0","56.9"
"CT","2021-22","2022-07-09","1-4 years","All","All","Observed","2.5","59.4"
"CT","2021-22","2022-07-16","1-4 years","All","All","Observed","0.0","59.4"
"CT","2021-22","2022-07-23","1-4 years","All","All","Observed","0.0","59.4"
"CT","2021-22","2022-07-30","1-4 years","All","All","Observed","2.5","61.9"
"CT","2021-22","2022-08-06","1-4 years","All","All","Observed","0.0","61.9"
"CT","2021-22","2022-08-13","1-4 years","All","All","Observed","4.9","66.8"
"CT","2021-22","2022-08-20","1-4 years","All","All","Observed","2.5","69.3"
"CT","2021-22","2022-08-27","1-4 years","All","All","Observed","7.4","76.7"
"CT","2021-22","2022-09-03","1-4 years","All","All","Observed","2.5","79.2"
"CT","2021-22","2022-09-10","1-4 years","All","All","Observed","2.5","81.7"
"CT","2021-22","2022-09-17","1-4 years","All","All","Observed","2.5","84.1"
"CT","2021-22","2022-09-24","1-4 years","All","All","Observed","2.5","86.6"
"CT","2021-22","2022-10-01","1-4 years","All","All","Observed","2.5","89.1"
"OH","2021-22","2022-10-01","1-4 years","All","All","Observed","0.0","117.2"
"OH","2021-22","2022-09-24","1-4 years","All","All","Observed","0.9","117.2"
"OH","2021-22","2022-09-17","1-4 years","All","All","Observed","0.0","116.3"
"OH","2021-22","2022-09-10","1-4 years","All","All","Observed","0.0","116.3"
"OH","2021-22","2022-09-03","1-4 years","All","All","Observed","1.8","116.3"
"OH","2021-22","2022-08-27","1-4 years","All","All","Observed","0.9","114.5"
"OH","2021-22","2022-08-20","1-4 years","All","All","Observed","1.8","113.6"
"OH","2021-22","2022-08-13","1-4 years","All","All","Observed","0.0","111.7"
"OH","2021-22","2022-08-06","1-4 years","All","All","Observed","0.0","111.7"
"OH","2021-22","2022-07-30","1-4 years","All","All","Observed","0.0","111.7"
"OH","2021-22","2022-07-23","1-4 years","All","All","Observed","0.0","111.7"
"OH","2021-22","2022-07-16","1-4 years","All","All","Observed","0.0","111.7"
"OH","2021-22","2022-07-09","1-4 years","All","All","Observed","0.0","111.7"
"OH","2021-22","2022-07-02","1-4 years","All","All","Observed","0.0","111.7"
"OH","2021-22","2022-06-25","1-4 years","All","All","Observed","0.0","111.7"
"OH","2021-22","2022-06-18","1-4 years","All","All","Observed","1.8","111.7"
"OH","2021-22","2022-06-11","1-4 years","All","All","Observed","0.0","109.9"
"OH","2021-22","2022-06-04","1-4 years","All","All","Observed","1.8","109.9"
"OH","2021-22","2022-05-28","1-4 years","All","All","Observed","0.0","108.1"
"OH","2021-22","2022-05-21","1-4 years","All","All","Observed","1.8","108.1"
"OH","2021-22","2022-05-14","1-4 years","All","All","Observed","0.0","106.2"
"OH","2021-22","2022-05-07","1-4 years","All","All","Observed","0.0","106.2"
"OH","2021-22","2022-04-30","1-4 years","All","All","Observed","0.0","106.2"
"OH","2021-22","2022-04-23","1-4 years","All","All","Observed","0.0","106.2"
"OH","2021-22","2022-04-16","1-4 years","All","All","Observed","0.0","106.2"
"OH","2021-22","2022-04-09","1-4 years","All","All","Observed","0.9","106.2"
"OH","2021-22","2022-04-02","1-4 years","All","All","Observed","0.9","105.3"
"OH","2021-22","2022-03-26","1-4 years","All","All","Observed","3.7","104.4"
"OH","2021-22","2022-03-19","1-4 years","All","All","Observed","2.7","100.7"
"OH","2021-22","2022-03-12","1-4 years","All","All","Observed","0.9","98.0"
"OH","2021-22","2022-03-05","1-4 years","All","All","Observed","1.8","97.1"
"OH","2021-22","2022-02-26","1-4 years","All","All","Observed","1.8","95.2"
"OH","2021-22","2022-02-19","1-4 years","All","All","Observed","1.8","93.4"
"OH","2021-22","2022-02-12","1-4 years","All","All","Observed","3.7","91.6"
"OH","2021-22","2022-02-05","1-4 years","All","All","Observed","4.6","87.9"
"OH","2021-22","2022-01-29","1-4 years","All","All","Observed","10.1","83.3"
"OH","2021-22","2022-01-22","1-4 years","All","All","Observed","11.9","73.3"
"OH","2021-22","2022-01-15","1-4 years","All","All","Observed","11.0","61.4"
"OH","2021-22","2022-01-08","1-4 years","All","All","Observed","8.2","50.4"
"OH","2021-22","2022-01-01","1-4 years","All","All","Observed","4.6","42.1"
"OH","2021-22","2021-12-25","1-4 years","All","All","Observed","8.2","37.5"
"OH","2021-22","2021-12-18","1-4 years","All","All","Observed","2.7","29.3"
"OH","2021-22","2021-12-11","1-4 years","All","All","Observed","2.7","26.6"
"OH","2021-22","2021-12-04","1-4 years","All","All","Observed","1.8","23.8"
"OH","2021-22","2021-11-27","1-4 years","All","All","Observed","0.9","22.0"
"OH","2021-22","2021-11-20","1-4 years","All","All","Observed","2.7","21.1"
"OH","2021-22","2021-11-13","1-4 years","All","All","Observed","2.7","18.3"
"OH","2021-22","2021-11-06","1-4 years","All","All","Observed","3.7","15.6"
"OH","2021-22","2021-10-30","1-4 years","All","All","Observed","4.6","11.9"
"OH","2021-22","2021-10-23","1-4 years","All","All","Observed","1.8","7.3"
"OH","2021-22","2021-10-16","1-4 years","All","All","Observed","4.6","5.5"
"OH","2021-22","2021-10-09","1-4 years","All","All","Observed","0.9","0.9"
"CA","2021-22","2022-10-01","1-4 years","All","All","Observed","2.0","83.8"
"CO","2021-22","2021-10-09","1-4 years","All","All","Observed","3.2","3.2"
"CO","2021-22","2021-10-16","1-4 years","All","All","Observed","0.8","4.0"
"CO","2021-22","2021-10-23","1-4 years","All","All","Observed","2.4","6.4"
"CO","2021-22","2021-10-30","1-4 years","All","All","Observed","0.8","7.2"
"CO","2021-22","2021-11-06","1-4 years","All","All","Observed","0.8","7.9"
"CO","2021-22","2021-11-13","1-4 years","All","All","Observed","6.4","14.3"
"CO","2021-22","2021-11-20","1-4 years","All","All","Observed","1.6","15.9"
"CO","2021-22","2021-11-27","1-4 years","All","All","Observed","3.2","19.1"
"CO","2021-22","2021-12-04","1-4 years","All","All","Observed","5.6","24.6"
"CO","2021-22","2021-12-11","1-4 years","All","All","Observed","4.8","29.4"
"CO","2021-22","2021-12-18","1-4 years","All","All","Observed","0.8","30.2"
"CO","2021-22","2021-12-25","1-4 years","All","All","Observed","5.6","35.8"
"CO","2021-22","2022-01-01","1-4 years","All","All","Observed","15.1","50.9"
"CO","2021-22","2022-01-08","1-4 years","All","All","Observed","16.7","67.6"
"CO","2021-22","2022-01-15","1-4 years","All","All","Observed","10.3","77.9"
"CO","2021-22","2022-01-22","1-4 years","All","All","Observed","5.6","83.5"
"CO","2021-22","2022-01-29","1-4 years","All","All","Observed","7.9","91.4"
"CO","2021-22","2022-02-05","1-4 years","All","All","Observed","6.4","97.8"
"CO","2021-22","2022-02-12","1-4 years","All","All","Observed","7.2","104.9"
"CO","2021-22","2022-02-19","1-4 years","All","All","Observed","4.8","109.7"
"CO","2021-22","2022-02-26","1-4 years","All","All","Observed","3.2","112.9"
"CO","2021-22","2022-03-05","1-4 years","All","All","Observed","2.4","115.3"
"CO","2021-22","2022-03-12","1-4 years","All","All","Observed","2.4","117.6"
"CO","2021-22","2022-03-19","1-4 years","All","All","Observed","2.4","120.0"
"CO","2021-22","2022-03-26","1-4 years","All","All","Observed","0.0","120.0"
"CO","2021-22","2022-04-02","1-4 years","All","All","Observed","0.8","120.8"
"CO","2021-22","2022-04-09","1-4 years","All","All","Observed","1.6","122.4"
"CO","2021-22","2022-04-16","1-4 years","All","All","Observed","2.4","124.8"
"CO","2021-22","2022-04-23","1-4 years","All","All","Observed","3.2","128.0"
"CO","2021-22","2022-04-30","1-4 years","All","All","Observed","3.2","131.1"
"CO","2021-22","2022-05-07","1-4 years","All","All","Observed","4.8","135.9"
"CO","2021-22","2022-05-14","1-4 years","All","All","Observed","4.8","140.7"
"CO","2021-22","2022-05-21","1-4 years","All","All","Observed","4.0","144.7"
"CO","2021-22","2022-05-28","1-4 years","All","All","Observed","4.0","148.6"
"CO","2021-22","2022-06-04","1-4 years","All","All","Observed","4.8","153.4"
"CO","2021-22","2022-06-11","1-4 years","All","All","Observed","5.6","159.0"
"CO","2021-22","2022-06-18","1-4 years","All","All","Observed","5.6","164.5"
"CO","2021-22","2022-06-25","1-4 years","All","All","Observed","6.4","170.9"
"CO","2021-22","2022-07-02","1-4 years","All","All","Observed","5.6","176.5"
"CO","2021-22","2022-07-09","1-4 years","All","All","Observed","4.8","181.2"
"CO","2021-22","2022-07-16","1-4 years","All","All","Observed","3.2","184.4"
"CO","2021-22","2022-07-23","1-4 years","All","All","Observed","6.4","190.8"
"CO","2021-22","2022-07-30","1-4 years","All","All","Observed","1.6","192.3"
"CO","2021-22","2022-08-06","1-4 years","All","All","Observed","4.0","196.3"
"CO","2021-22","2022-08-13","1-4 years","All","All","Observed","2.4","198.7"
"CO","2021-22","2022-08-20","1-4 years","All","All","Observed","2.4","201.1"
"CO","2021-22","2022-08-27","1-4 years","All","All","Observed","2.4","203.5"
"CO","2021-22","2022-09-03","1-4 years","All","All","Observed","2.4","205.9"
"CO","2021-22","2022-09-10","1-4 years","All","All","Observed","3.2","209.0"
"CO","2021-22","2022-09-17","1-4 years","All","All","Observed","0.8","209.8"
"CO","2021-22","2022-09-24","1-4 years","All","All","Observed","1.6","211.4"
"GA","2021-22","2021-10-09","1-4 years","All","All","Observed","2.0","2.0"
"GA","2021-22","2021-10-16","1-4 years","All","All","Observed","1.5","3.5"
"GA","2021-22","2021-10-23","1-4 years","All","All","Observed","1.0","4.5"
"GA","2021-22","2021-10-30","1-4 years","All","All","Observed","0.5","5.0"
"GA","2021-22","2021-11-06","1-4 years","All","All","Observed","0.0","5.0"
"GA","2021-22","2021-11-13","1-4 years","All","All","Observed","1.0","6.0"
"GA","2021-22","2021-11-20","1-4 years","All","All","Observed","0.0","6.0"
"GA","2021-22","2021-11-27","1-4 years","All","All","Observed","0.0","6.0"
"GA","2021-22","2021-12-04","1-4 years","All","All","Observed","0.0","6.0"
"GA","2021-22","2021-12-11","1-4 years","All","All","Observed","0.5","6.4"
"GA","2021-22","2021-12-18","1-4 years","All","All","Observed","0.5","6.9"
"GA","2021-22","2021-12-25","1-4 years","All","All","Observed","4.5","11.4"
"GA","2021-22","2022-01-01","1-4 years","All","All","Observed","17.4","28.8"
"GA","2021-22","2022-01-08","1-4 years","All","All","Observed","6.4","35.2"
"GA","2021-22","2022-01-15","1-4 years","All","All","Observed","5.5","40.7"
"GA","2021-22","2022-01-22","1-4 years","All","All","Observed","4.5","45.1"
"GA","2021-22","2022-01-29","1-4 years","All","All","Observed","4.5","49.6"
"GA","2021-22","2022-02-05","1-4 years","All","All","Observed","3.5","53.1"
"GA","2021-22","2022-02-12","1-4 years","All","All","Observed","5.0","58.0"
"GA","2021-22","2022-02-19","1-4 years","All","All","Observed","3.0","61.0"
"GA","2021-22","2022-02-26","1-4 years","All","All","Observed","2.0","63.0"
"GA","2021-22","2022-03-05","1-4 years","All","All","Observed","2.5","65.5"
"GA","2021-22","2022-03-12","1-4 years","All","All","Observed","1.5","67.0"
"GA","2021-22","2022-03-19","1-4 years","All","All","Observed","0.5","67.5"
"GA","2021-22","2022-03-26","1-4 years","All","All","Observed","0.0","67.5"
"GA","2021-22","2022-04-02","1-4 years","All","All","Observed","3.0","70.4"
"GA","2021-22","2022-04-09","1-4 years","All","All","Observed","0.5","70.9"
"GA","2021-22","2022-04-16","1-4 years","All","All","Observed","1.0","71.9"
"GA","2021-22","2022-04-23","1-4 years","All","All","Observed","2.0","73.9"
"GA","2021-22","2022-04-30","1-4 years","All","All","Observed","0.5","74.4"
"GA","2021-22","2022-05-07","1-4 years","All","All","Observed","0.5","74.9"
"GA","2021-22","2022-05-14","1-4 years","All","All","Observed","0.5","75.4"
"GA","2021-22","2022-05-21","1-4 years","All","All","Observed","0.0","75.4"
"GA","2021-22","2022-05-28","1-4 years","All","All","Observed","0.5","75.9"
"GA","2021-22","2022-06-04","1-4 years","All","All","Observed","1.5","77.4"
"GA","2021-22","2022-06-11","1-4 years","All","All","Observed","2.5","79.9"
"GA","2021-22","2022-06-18","1-4 years","All","All","Observed","1.5","81.4"
"GA","2021-22","2022-06-25","1-4 years","All","All","Observed","2.0","83.3"
"GA","2021-22","2022-07-02","1-4 years","All","All","Observed","3.0","86.3"
"GA","2021-22","2022-07-09","1-4 years","All","All","Observed","4.0","90.3"
"GA","2021-22","2022-07-16","1-4 years","All","All","Observed","3.5","93.8"
"GA","2021-22","2022-07-23","1-4 years","All","All","Observed","3.5","97.2"
"GA","2021-22","2022-07-30","1-4 years","All","All","Observed","2.5","99.7"
"GA","2021-22","2022-08-06","1-4 years","All","All","Observed","1.5","101.2"
"GA","2021-22","2022-08-13","1-4 years","All","All","Observed","2.5","103.7"
"GA","2021-22","2022-08-20","1-4 years","All","All","Observed","4.0","107.7"
"GA","2021-22","2022-08-27","1-4 years","All","All","Observed","2.5","110.1"
"GA","2021-22","2022-09-03","1-4 years","All","All","Observed","1.5","111.6"
"GA","2021-22","2022-09-10","1-4 years","All","All","Observed","3.0","114.6"
"GA","2021-22","2022-09-17","1-4 years","All","All","Observed","1.0","115.6"
"GA","2021-22","2022-09-24","1-4 years","All","All","Observed","1.5","117.1"
"GA","2021-22","2022-10-01","1-4 years","All","All","Observed","0.0","117.1"
"NY","2021-22","2022-10-01","1-4 years","All","All","Observed","5.6","182.1"
"NY","2021-22","2022-09-24","1-4 years","All","All","Observed","4.5","176.5"
"NY","2021-22","2022-09-17","1-4 years","All","All","Observed","5.6","172.0"
"NY","2021-22","2022-09-10","1-4 years","All","All","Observed","2.2","166.4"
"NY","2021-22","2022-09-03","1-4 years","All","All","Observed","1.1","164.2"
"NY","2021-22","2022-08-27","1-4 years","All","All","Observed","6.7","163.1"
"NY","2021-22","2022-08-20","1-4 years","All","All","Observed","2.2","156.4"
"NY","2021-22","2022-08-13","1-4 years","All","All","Observed","1.1","154.1"
"NY","2021-22","2022-08-06","1-4 years","All","All","Observed","5.6","153.0"
"NY","2021-22","2022-07-30","1-4 years","All","All","Observed","4.5","147.4"
"NY","2021-22","2022-07-23","1-4 years","All","All","Observed","3.4","143.0"
"NY","2021-22","2022-07-16","1-4 years","All","All","Observed","0.0","139.6"
"NY","2021-22","2022-07-09","1-4 years","All","All","Observed","1.1","139.6"
"NY","2021-22","2022-07-02","1-4 years","All","All","Observed","2.2","138.5"
"NY","2021-22","2022-06-25","1-4 years","All","All","Observed","1.1","136.3"
"NY","2021-22","2022-06-18","1-4 years","All","All","Observed","2.2","135.2"
"NY","2021-22","2022-06-11","1-4 years","All","All","Observed","3.4","132.9"
"NY","2021-22","2022-06-04","1-4 years","All","All","Observed","2.2","129.6"
"NY","2021-22","2022-05-28","1-4 years","All","All","Observed","6.7","127.3"
"NY","2021-22","2022-05-21","1-4 years","All","All","Observed","4.5","120.6"
"NY","2021-22","2022-05-14","1-4 years","All","All","Observed","6.7","116.2"
"NY","2021-22","2022-05-07","1-4 years","All","All","Observed","1.1","109.5"
"NY","2021-22","2022-04-30","1-4 years","All","All","Observed","10.1","108.4"
"NY","2021-22","2022-04-23","1-4 years","All","All","Observed","5.6","98.3"
"NY","2021-22","2022-04-16","1-4 years","All","All","Observed","1.1","92.7"
"NY","2021-22","2022-04-09","1-4 years","All","All","Observed","1.1","91.6"
"NY","2021-22","2022-04-02","1-4 years","All","All","Observed","2.2","90.5"
"NY","2021-22","2022-03-26","1-4 years","All","All","Observed","5.6","88.2"
"NY","2021-22","2022-03-19","1-4 years","All","All","Observed","3.4","82.7"
"NY","2021-22","2022-03-12","1-4 years","All","All","Observed","3.4","79.3"
"NY","2021-22","2022-03-05","1-4 years","All","All","Observed","1.1","76.0"
"NY","2021-22","2022-02-26","1-4 years","All","All","Observed","2.2","74.8"
"NY","2021-22","2022-02-19","1-4 years","All","All","Observed","4.5","72.6"
"NY","2021-22","2022-02-12","1-4 years","All","All","Observed","4.5","68.1"
"NY","2021-22","2022-02-05","1-4 years","All","All","Observed","6.7","63.7"
"NY","2021-22","2022-01-29","1-4 years","All","All","Observed","3.4","57.0"
"NY","2021-22","2022-01-22","1-4 years","All","All","Observed","10.1","53.6"
"NY","2021-22","2022-01-15","1-4 years","All","All","Observed","8.9","43.6"
"NY","2021-22","2022-01-08","1-4 years","All","All","Observed","10.1","34.6"
"NY","2021-22","2022-01-01","1-4 years","All","All","Observed","4.5","24.6"
"NY","2021-22","2021-12-25","1-4 years","All","All","Observed","2.2","20.1"
"NY","2021-22","2021-12-18","1-4 years","All","All","Observed","5.6","17.9"
"NY","2021-22","2021-12-11","1-4 years","All","All","Observed","1.1","12.3"
"NY","2021-22","2021-12-04","1-4 years","All","All","Observed","2.2","11.2"
"NY","2021-22","2021-11-27","1-4 years","All","All","Observed","0.0","8.9"
"NY","2021-22","2021-11-20","1-4 years","All","All","Observed","2.2","8.9"
"NY","2021-22","2021-11-13","1-4 years","All","All","Observed","1.1","6.7"
"NY","2021-22","2021-11-06","1-4 years","All","All","Observed","1.1","5.6"
"NY","2021-22","2021-10-30","1-4 years","All","All","Observed","1.1","4.5"
"NY","2021-22","2021-10-23","1-4 years","All","All","Observed","1.1","3.4"
"NY","2021-22","2021-10-16","1-4 years","All","All","Observed","1.1","2.2"
"NY","2021-22","2021-10-09","1-4 years","All","All","Observed","1.1","1.1"
"TN","2021-22","2022-10-01","1-4 years","All","All","Observed","0.0","91.2"
"TN","2021-22","2022-09-24","1-4 years","All","All","Observed","1.1","91.2"
"TN","2021-22","2022-09-17","1-4 years","All","All","Observed","2.3","90.0"
"TN","2021-22","2022-09-10","1-4 years","All","All","Observed","2.3","87.8"
"TN","2021-22","2022-09-03","1-4 years","All","All","Observed","1.1","85.5"
"TN","2021-22","2022-08-27","1-4 years","All","All","Observed","1.1","84.4"
"TN","2021-22","2022-08-20","1-4 years","All","All","Observed","3.4","83.3"
"TN","2021-22","2022-08-13","1-4 years","All","All","Observed","1.1","79.9"
"TN","2021-22","2022-08-06","1-4 years","All","All","Observed","2.3","78.8"
"TN","2021-22","2022-07-30","1-4 years","All","All","Observed","0.0","76.5"
"TN","2021-22","2022-07-23","1-4 years","All","All","Observed","3.4","76.5"
"TN","2021-22","2022-07-16","1-4 years","All","All","Observed","1.1","73.1"
"TN","2021-22","2022-07-09","1-4 years","All","All","Observed","0.0","72.0"
"TN","2021-22","2022-07-02","1-4 years","All","All","Observed","2.3","72.0"
"TN","2021-22","2022-06-25","1-4 years","All","All","Observed","1.1","69.8"
"TN","2021-22","2022-06-18","1-4 years","All","All","Observed","1.1","68.6"
"TN","2021-22","2022-06-11","1-4 years","All","All","Observed","2.3","67.5"
"TN","2021-22","2022-06-04","1-4 years","All","All","Observed","1.1","65.3"
"TN","2021-22","2022-05-28","1-4 years","All","All","Observed","0.0","64.1"
"TN","2021-22","2022-05-21","1-4 years","All","All","Observed","0.0","64.1"
"TN","2021-22","2022-05-14","1-4 years","All","All","Observed","0.0","64.1"
"TN","2021-22","2022-05-07","1-4 years","All","All","Observed","2.3","64.1"
"TN","2021-22","2022-04-30","1-4 years","All","All","Observed","0.0","61.9"
"TN","2021-22","2022-04-23","1-4 years","All","All","Observed","0.0","61.9"
"TN","2021-22","2022-04-16","1-4 years","All","All","Observed","1.1","61.9"
"TN","2021-22","2022-04-09","1-4 years","All","All","Observed","0.0","60.8"
"TN","2021-22","2022-04-02","1-4 years","All","All","Observed","0.0","60.8"
"TN","2021-22","2022-03-26","1-4 years","All","All","Observed","0.0","60.8"
"TN","2021-22","2022-03-19","1-4 years","All","All","Observed","0.0","60.8"
"TN","2021-22","2022-03-12","1-4 years","All","All","Observed","3.4","60.8"
"TN","2021-22","2022-03-05","1-4 years","All","All","Observed","2.3","57.4"
"TN","2021-22","2022-02-26","1-4 years","All","All","Observed","1.1","55.1"
"TN","2021-22","2022-02-19","1-4 years","All","All","Observed","1.1","54.0"
"TN","2021-22","2022-04-09","30-39 years","All","All","Observed","0.0","167.0"
"UT","2021-22","2022-10-01","30-39 years","All","All","Observed","2.2","288.2"
"UT","2021-22","2022-09-24","30-39 years","All","All","Observed","1.6","286.1"
"UT","2021-22","2022-09-17","30-39 years","All","All","Observed","2.7","284.5"
"UT","2021-22","2022-09-10","30-39 years","All","All","Observed","1.6","281.8"
"UT","2021-22","2022-09-03","30-39 years","All","All","Observed","1.6","280.1"
"UT","2021-22","2022-08-27","30-39 years","All","All","Observed","2.2","278.5"
"UT","2021-22","2022-08-20","30-39 years","All","All","Observed","1.1","276.4"
"UT","2021-22","2022-08-13","30-39 years","All","All","Observed","2.2","275.3"
"UT","2021-22","2022-08-06","30-39 years","All","All","Observed","2.2","273.1"
"UT","2021-22","2022-07-30","30-39 years","All","All","Observed","2.7","271.0"
"UT","2021-22","2022-07-23","30-39 years","All","All","Observed","3.2","268.3"
"UT","2021-22","2022-07-16","30-39 years","All","All","Observed","1.6","265.1"
"UT","2021-22","2022-07-09","30-39 years","All","All","Observed","3.8","263.4"
"UT","2021-22","2022-07-02","30-39 years","All","All","Observed","4.8","259.7"
"UT","2021-22","2022-06-25","30-39 years","All","All","Observed","2.2","254.8"
"UT","2021-22","2022-06-18","30-39 years","All","All","Observed","1.1","252.7"
"UT","2021-22","2022-06-11","30-39 years","All","All","Observed","5.4","251.6"
"UT","2021-22","2022-06-04","30-39 years","All","All","Observed","4.3","246.2"
"UT","2021-22","2022-05-28","30-39 years","All","All","Observed","2.7","241.9"
"UT","2021-22","2022-05-21","30-39 years","All","All","Observed","2.7","239.2"
"UT","2021-22","2022-05-14","30-39 years","All","All","Observed","1.6","236.5"
"UT","2021-22","2022-05-07","30-39 years","All","All","Observed","1.1","234.9"
"UT","2021-22","2022-04-30","30-39 years","All","All","Observed","1.1","233.8"
"UT","2021-22","2022-04-23","30-39 years","All","All","Observed","1.6","232.7"
"UT","2021-22","2022-04-16","30-39 years","All","All","Observed","1.1","231.1"
"UT","2021-22","2022-04-09","30-39 years","All","All","Observed","1.6","230.0"
"UT","2021-22","2022-04-02","30-39 years","All","All","Observed","1.1","228.4"
"UT","2021-22","2022-03-26","30-39 years","All","All","Observed","0.0","227.3"
"UT","2021-22","2022-03-19","30-39 years","All","All","Observed","1.1","227.3"
"UT","2021-22","2022-03-12","30-39 years","All","All","Observed","3.2","226.3"
"UT","2021-22","2022-03-05","30-39 years","All","All","Observed","2.7","223.0"
"UT","2021-22","2022-02-26","30-39 years","All","All","Observed","4.3","220.3"
"UT","2021-22","2022-02-19","30-39 years","All","All","Observed","4.3","216.0"
"UT","2021-22","2022-02-12","30-39 years","All","All","Observed","13.5","211.7"
"UT","2021-22","2022-02-05","30-39 years","All","All","Observed","15.1","198.3"
"UT","2021-22","2022-01-29","30-39 years","All","All","Observed","17.2","183.2"
"UT","2021-22","2022-01-22","30-39 years","All","All","Observed","23.7","165.9"
"UT","2021-22","2022-01-15","30-39 years","All","All","Observed","22.6","142.2"
"UT","2021-22","2022-01-08","30-39 years","All","All","Observed","22.1","119.6"
"UT","2021-22","2022-01-01","30-39 years","All","All","Observed","9.2","97.5"
"UT","2021-22","2021-12-25","30-39 years","All","All","Observed","3.2","88.4"
"UT","2021-22","2021-12-18","30-39 years","All","All","Observed","7.0","85.1"
"UT","2021-22","2021-12-11","30-39 years","All","All","Observed","10.2","78.1"
"UT","2021-22","2021-12-04","30-39 years","All","All","Observed","9.2","67.9"
"UT","2021-22","2021-11-27","30-39 years","All","All","Observed","6.5","58.7"
"UT","2021-22","2021-11-20","30-39 years","All","All","Observed","3.8","52.3"
"UT","2021-22","2021-11-13","30-39 years","All","All","Observed","11.3","48.5"
"UT","2021-22","2021-11-06","30-39 years","All","All","Observed","8.1","37.2"
"UT","2021-22","2021-10-30","30-39 years","All","All","Observed","9.7","29.1"
"UT","2021-22","2021-10-23","30-39 years","All","All","Observed","4.8","19.4"
"UT","2021-22","2021-10-16","30-39 years","All","All","Observed","5.9","14.5"
"UT","2021-22","2021-10-09","30-39 years","All","All","Observed","8.6","8.6"
"TN","2021-22","2022-10-01","30-39 years","All","All","Observed","1.8","235.0"
"TN","2021-22","2022-09-24","30-39 years","All","All","Observed","1.8","233.2"
"TN","2021-22","2022-09-17","30-39 years","All","All","Observed","1.8","231.4"
"TN","2021-22","2022-09-10","30-39 years","All","All","Observed","2.9","229.6"
"TN","2021-22","2022-09-03","30-39 years","All","All","Observed","2.2","226.7"
"TN","2021-22","2022-08-27","30-39 years","All","All","Observed","7.2","224.5"
"TN","2021-22","2022-08-20","30-39 years","All","All","Observed","3.2","217.3"
"TN","2021-22","2022-08-13","30-39 years","All","All","Observed","4.0","214.1"
"TN","2021-22","2022-08-06","30-39 years","All","All","Observed","4.0","210.1"
"TN","2021-22","2022-07-30","30-39 years","All","All","Observed","4.7","206.2"
"TN","2021-22","2022-07-23","30-39 years","All","All","Observed","5.4","201.5"
"TN","2021-22","2022-07-16","30-39 years","All","All","Observed","6.5","196.1"
"TN","2021-22","2022-07-09","30-39 years","All","All","Observed","2.2","189.6"
"TN","2021-22","2022-07-02","30-39 years","All","All","Observed","3.2","187.5"
"TN","2021-22","2022-06-25","30-39 years","All","All","Observed","1.4","184.2"
"TN","2021-22","2022-06-18","30-39 years","All","All","Observed","1.8","182.8"
"TN","2021-22","2022-06-11","30-39 years","All","All","Observed","2.9","181.0"
"TN","2021-22","2022-06-04","30-39 years","All","All","Observed","2.5","178.1"
"TN","2021-22","2022-05-28","30-39 years","All","All","Observed","2.9","175.6"
"TN","2021-22","2022-05-21","30-39 years","All","All","Observed","0.4","172.7"
"TN","2021-22","2022-05-14","30-39 years","All","All","Observed","3.2","172.4"
"TN","2021-22","2022-05-07","30-39 years","All","All","Observed","1.1","169.1"
"TN","2021-22","2022-04-30","30-39 years","All","All","Observed","0.7","168.0"
"TN","2021-22","2022-04-23","30-39 years","All","All","Observed","0.4","167.3"
"TN","2021-22","2022-04-16","30-39 years","All","All","Observed","0.0","167.0"
"TN","2021-22","2022-04-02","30-39 years","All","All","Observed","0.4","167.0"
"TN","2021-22","2022-03-26","30-39 years","All","All","Observed","1.4","166.6"
"TN","2021-22","2022-03-19","30-39 years","All","All","Observed","1.1","165.2"
"TN","2021-22","2022-03-12","30-39 years","All","All","Observed","1.8","164.1"
"TN","2021-22","2022-03-05","30-39 years","All","All","Observed","3.2","162.3"
"TN","2021-22","2022-02-26","30-39 years","All","All","Observed","2.5","159.0"
"TN","2021-22","2022-02-19","30-39 years","All","All","Observed","3.6","156.5"
"TN","2021-22","2022-02-12","30-39 years","All","All","Observed","6.5","152.9"
"TN","2021-22","2022-02-05","30-39 years","All","All","Observed","10.4","146.4"
"TN","2021-22","2022-01-29","30-39 years","All","All","Observed","15.5","136.0"
"TN","2021-22","2022-01-22","30-39 years","All","All","Observed","13.7","120.5"
"TN","2021-22","2022-01-15","30-39 years","All","All","Observed","20.9","106.9"
"TN","2021-22","2022-01-08","30-39 years","All","All","Observed","16.9","86.0"
"TN","2021-22","2022-01-01","30-39 years","All","All","Observed","18.4","69.1"
"TN","2021-22","2021-12-25","30-39 years","All","All","Observed","6.1","50.7"
"TN","2021-22","2021-12-18","30-39 years","All","All","Observed","6.1","44.6"
"TN","2021-22","2021-12-11","30-39 years","All","All","Observed","2.9","38.5"
"TN","2021-22","2021-12-04","30-39 years","All","All","Observed","4.0","35.6"
"TN","2021-22","2021-11-27","30-39 years","All","All","Observed","4.3","31.7"
"TN","2021-22","2021-11-20","30-39 years","All","All","Observed","2.9","27.3"
"TN","2021-22","2021-11-13","30-39 years","All","All","Observed","2.5","24.5"
"TN","2021-22","2021-11-06","30-39 years","All","All","Observed","1.4","21.9"
"TN","2021-22","2021-10-30","30-39 years","All","All","Observed","3.2","20.5"
"TN","2021-22","2021-10-23","30-39 years","All","All","Observed","4.7","17.3"
"TN","2021-22","2021-10-16","30-39 years","All","All","Observed","4.3","12.6"
"TN","2021-22","2021-10-09","30-39 years","All","All","Observed","8.3","8.3"
"OR","2021-22","2022-10-01","30-39 years","All","All","Observed","2.3","220.9"
"OR","2021-22","2022-09-24","30-39 years","All","All","Observed","3.0","218.6"
"OR","2021-22","2022-09-17","30-39 years","All","All","Observed","2.0","215.6"
"OR","2021-22","2022-09-10","30-39 years","All","All","Observed","3.0","213.7"
"OR","2021-22","2022-09-03","30-39 years","All","All","Observed","3.9","210.7"
"OR","2021-22","2022-08-27","30-39 years","All","All","Observed","3.3","206.8"
"OR","2021-22","2022-08-20","30-39 years","All","All","Observed","3.0","203.5"
"OR","2021-22","2022-08-13","30-39 years","All","All","Observed","4.6","200.5"
"OR","2021-22","2022-08-06","30-39 years","All","All","Observed","5.3","195.9"
"OR","2021-22","2022-07-30","30-39 years","All","All","Observed","6.9","190.7"
"OR","2021-22","2022-07-23","30-39 years","All","All","Observed","3.9","183.8"
"OR","2021-22","2022-07-16","30-39 years","All","All","Observed","5.9","179.8"
"OR","2021-22","2022-07-09","30-39 years","All","All","Observed","5.3","173.9"
"OR","2021-22","2022-07-02","30-39 years","All","All","Observed","4.6","168.6"
"OR","2021-22","2022-06-25","30-39 years","All","All","Observed","3.9","164.0"
"OR","2021-22","2022-06-18","30-39 years","All","All","Observed","5.9","160.1"
"OR","2021-22","2022-06-11","30-39 years","All","All","Observed","5.6","154.2"
"OR","2021-22","2022-06-04","30-39 years","All","All","Observed","4.9","148.6"
"OR","2021-22","2022-05-28","30-39 years","All","All","Observed","4.3","143.7"
"OR","2021-22","2022-05-21","30-39 years","All","All","Observed","4.6","139.4"
"OR","2021-22","2022-05-14","30-39 years","All","All","Observed","3.9","134.8"
"OR","2021-22","2022-05-07","30-39 years","All","All","Observed","1.6","130.8"
"OR","2021-22","2022-04-30","30-39 years","All","All","Observed","1.3","129.2"
"OR","2021-22","2022-04-23","30-39 years","All","All","Observed","3.3","127.9"
"OR","2021-22","2022-04-16","30-39 years","All","All","Observed","2.0","124.6"
"OR","2021-22","2022-04-09","30-39 years","All","All","Observed","1.3","122.6"
"OR","2021-22","2022-04-02","30-39 years","All","All","Observed","1.6","121.3"
"OR","2021-22","2022-03-26","30-39 years","All","All","Observed","1.3","119.7"
"OR","2021-22","2022-03-19","30-39 years","All","All","Observed","2.6","118.3"
"OR","2021-22","2022-03-12","30-39 years","All","All","Observed","3.9","115.7"
"OR","2021-22","2022-03-05","30-39 years","All","All","Observed","4.6","111.8"
"OR","2021-22","2022-02-26","30-39 years","All","All","Observed","5.6","107.2"
"OR","2021-22","2022-02-19","30-39 years","All","All","Observed","4.6","101.6"
"OR","2021-22","2022-02-12","30-39 years","All","All","Observed","7.9","97.0"
"OR","2021-22","2022-02-05","30-39 years","All","All","Observed","5.9","89.1"
"OR","2021-22","2022-01-29","30-39 years","All","All","Observed","9.9","83.2"
"OR","2021-22","2022-01-22","30-39 years","All","All","Observed","9.5","73.3"
"OR","2021-22","2022-01-15","30-39 years","All","All","Observed","11.5","63.8"
"OR","2021-22","2022-01-08","30-39 years","All","All","Observed","10.2","52.3"
"OR","2021-22","2022-01-01","30-39 years","All","All","Observed","6.2","42.1"
"OR","2021-22","2021-12-25","30-39 years","All","All","Observed","2.3","35.8"
"OR","2021-22","2021-12-18","30-39 years","All","All","Observed","3.6","33.5"
"OR","2021-22","2021-12-11","30-39 years","All","All","Observed","2.6","29.9"
"OR","2021-22","2021-12-04","30-39 years","All","All","Observed","2.3","27.3"
"OR","2021-22","2021-11-27","30-39 years","All","All","Observed","2.6","25.0"
"OR","2021-22","2021-11-20","30-39 years","All","All","Observed","2.6","22.4"
"OR","2021-22","2021-11-13","30-39 years","All","All","Observed","1.0","19.7"
"OR","2021-22","2021-11-06","30-39 years","All","All","Observed","3.0","18.7"
"OR","2021-22","2021-10-30","30-39 years","All","All","Observed","4.6","15.8"
"OR","2021-22","2021-10-23","30-39 years","All","All","Observed","5.9","11.2"
"OR","2021-22","2021-10-16","30-39 years","All","All","Observed","3.0","5.3"
"OR","2021-22","2021-10-09","30-39 years","All","All","Observed","2.3","2.3"
"OH","2021-22","2022-10-01","30-39 years","All","All","Observed","2.1","172.8"
"OH","2021-22","2022-09-24","30-39 years","All","All","Observed","4.3","170.6"
"OH","2021-22","2022-09-17","30-39 years","All","All","Observed","1.8","166.3"
"OH","2021-22","2022-09-10","30-39 years","All","All","Observed","3.7","164.5"
"OH","2021-22","2022-09-03","30-39 years","All","All","Observed","4.3","160.8"
"OH","2021-22","2022-08-27","30-39 years","All","All","Observed","4.6","156.5"
"OH","2021-22","2022-08-20","30-39 years","All","All","Observed","4.6","151.9"
"OH","2021-22","2022-08-13","30-39 years","All","All","Observed","2.1","147.3"
"OH","2021-22","2022-08-06","30-39 years","All","All","Observed","5.8","145.2"
"OH","2021-22","2022-07-30","30-39 years","All","All","Observed","5.2","139.4"
"OH","2021-22","2022-07-23","30-39 years","All","All","Observed","1.8","134.2"
"OH","2021-22","2022-07-16","30-39 years","All","All","Observed","3.1","132.3"
"OH","2021-22","2022-07-09","30-39 years","All","All","Observed","2.8","129.3"
"OH","2021-22","2022-07-02","30-39 years","All","All","Observed","1.8","126.5"
"OH","2021-22","2022-06-25","30-39 years","All","All","Observed","2.8","124.7"
"OH","2021-22","2022-06-18","30-39 years","All","All","Observed","1.8","121.9"
"OH","2021-22","2022-06-11","30-39 years","All","All","Observed","2.8","120.1"
"OH","2021-22","2022-06-04","30-39 years","All","All","Observed","4.6","117.3"
"OH","2021-22","2022-05-28","30-39 years","All","All","Observed","4.3","112.7"
"OH","2021-22","2022-05-21","30-39 years","All","All","Observed","2.8","108.4"
"OH","2021-22","2022-05-14","30-39 years","All","All","Observed","2.8","105.7"
"OH","2021-22","2022-05-07","30-39 years","All","All","Observed","2.8","102.9"
"OH","2021-22","2022-04-30","30-39 years","All","All","Observed","3.1","100.2"
"OH","2021-22","2022-04-23","30-39 years","All","All","Observed","3.1","97.1"
"OH","2021-22","2022-04-16","30-39 years","All","All","Observed","2.1","94.0"
"OH","2021-22","2022-04-09","30-39 years","All","All","Observed","2.1","91.9"
"OH","2021-22","2022-04-02","30-39 years","All","All","Observed","1.2","89.8"
"OH","2021-22","2022-03-26","30-39 years","All","All","Observed","1.2","88.5"
"OH","2021-22","2022-03-19","30-39 years","All","All","Observed","0.9","87.3"
"OH","2021-22","2022-03-12","30-39 years","All","All","Observed","0.6","86.4"
"OH","2021-22","2022-03-05","30-39 years","All","All","Observed","1.2","85.8"
"OH","2021-22","2022-02-26","30-39 years","All","All","Observed","2.1","84.5"
"OH","2021-22","2022-02-19","30-39 years","All","All","Observed","1.5","82.4"
"OH","2021-22","2022-02-12","30-39 years","All","All","Observed","3.1","80.9"
"OH","2021-22","2022-02-05","30-39 years","All","All","Observed","4.6","77.8"
"OH","2021-22","2022-01-29","30-39 years","All","All","Observed","6.4","73.2"
"OH","2021-22","2022-01-22","30-39 years","All","All","Observed","5.5","66.8"
"OH","2021-22","2022-01-15","30-39 years","All","All","Observed","4.3","61.3"
"OH","2021-22","2022-01-08","30-39 years","All","All","Observed","8.9","57.0"
"OH","2021-22","2022-01-01","30-39 years","All","All","Observed","10.1","48.1"
"OH","2021-22","2021-12-25","30-39 years","All","All","Observed","3.4","38.0"
"OH","2021-22","2021-12-18","30-39 years","All","All","Observed","2.8","34.6"
"OH","2021-22","2021-12-11","30-39 years","All","All","Observed","7.0","31.9"
"OH","2021-22","2021-12-04","30-39 years","All","All","Observed","4.6","24.8"
"OH","2021-22","2021-11-27","30-39 years","All","All","Observed","2.8","20.2"
"OH","2021-22","2021-11-20","30-39 years","All","All","Observed","2.5","17.5"
"OH","2021-22","2021-11-13","30-39 years","All","All","Observed","3.4","15.0"
"OH","2021-22","2021-11-06","30-39 years","All","All","Observed","2.8","11.6"
"OH","2021-22","2021-10-30","30-39 years","All","All","Observed","0.9","8.9"
"OH","2021-22","2021-10-23","30-39 years","All","All","Observed","1.8","8.0"
"OH","2021-22","2021-10-16","30-39 years","All","All","Observed","3.4","6.1"
"OH","2021-22","2021-10-09","30-39 years","All","All","Observed","2.8","2.8"
"NY","2021-22","2022-10-01","30-39 years","All","All","Observed","7.4","425.0"
"NY","2021-22","2022-09-24","30-39 years","All","All","Observed","4.6","417.6"
"NY","2021-22","2022-09-17","30-39 years","All","All","Observed","5.3","413.1"
"NY","2021-22","2022-09-10","30-39 years","All","All","Observed","3.9","407.8"
"NY","2021-22","2022-09-03","30-39 years","All","All","Observed","3.9","403.9"
"NY","2021-22","2022-08-27","30-39 years","All","All","Observed","5.6","400.1"
"NY","2021-22","2022-08-20","30-39 years","All","All","Observed","5.3","394.4"
"NY","2021-22","2022-08-13","30-39 years","All","All","Observed","3.2","389.2"
"NY","2021-22","2022-08-06","30-39 years","All","All","Observed","4.2","386.0"
"NY","2021-22","2022-07-30","30-39 years","All","All","Observed","4.2","381.8"
"NY","2021-22","2022-07-23","30-39 years","All","All","Observed","5.3","377.6"
"NY","2021-22","2022-07-16","30-39 years","All","All","Observed","6.3","372.3"
"NY","2021-22","2022-07-09","30-39 years","All","All","Observed","5.6","366.0"
"NY","2021-22","2022-07-02","30-39 years","All","All","Observed","3.5","360.4"
"NY","2021-22","2022-06-25","30-39 years","All","All","Observed","3.5","356.9"
"NY","2021-22","2022-06-18","30-39 years","All","All","Observed","2.5","353.4"
"NY","2021-22","2022-06-11","30-39 years","All","All","Observed","5.3","350.9"
"NY","2021-22","2022-06-04","30-39 years","All","All","Observed","6.0","345.6"
"NY","2021-22","2022-05-28","30-39 years","All","All","Observed","7.0","339.7"
"NY","2021-22","2022-05-21","30-39 years","All","All","Observed","6.3","332.6"
"NY","2021-22","2022-05-14","30-39 years","All","All","Observed","8.8","326.3"
"NY","2021-22","2022-05-07","30-39 years","All","All","Observed","7.4","317.5"
"NY","2021-22","2022-04-30","30-39 years","All","All","Observed","7.0","310.1"
"NY","2021-22","2022-04-23","30-39 years","All","All","Observed","8.8","303.1"
"NY","2021-22","2022-04-16","30-39 years","All","All","Observed","5.6","294.3"
"NY","2021-22","2022-04-09","30-39 years","All","All","Observed","2.8","288.7"
"NY","2021-22","2022-04-02","30-39 years","All","All","Observed","3.5","285.9"
"NY","2021-22","2022-03-26","30-39 years","All","All","Observed","4.2","282.4"
"NY","2021-22","2022-03-19","30-39 years","All","All","Observed","4.2","278.2"
"NY","2021-22","2022-03-12","30-39 years","All","All","Observed","2.8","274.0"
"NY","2021-22","2022-03-05","30-39 years","All","All","Observed","4.9","271.2"
"NY","2021-22","2022-02-26","30-39 years","All","All","Observed","4.9","266.2"
"NY","2021-22","2022-02-19","30-39 years","All","All","Observed","6.0","261.3"
"NY","2021-22","2022-02-12","30-39 years","All","All","Observed","7.7","255.4"
"NY","2021-22","2022-02-05","30-39 years","All","All","Observed","15.5","247.6"
"NY","2021-22","2022-01-29","30-39 years","All","All","Observed","14.4","232.2"
"NY","2021-22","2022-01-22","30-39 years","All","All","Observed","23.5","217.8"
"NY","2021-22","2022-01-15","30-39 years","All","All","Observed","27.0","194.2"
"NY","2021-22","2022-01-08","30-39 years","All","All","Observed","20.7","167.2"
"NY","2021-22","2022-01-01","30-39 years","All","All","Observed","24.6","146.5"
"NY","2021-22","2021-12-25","30-39 years","All","All","Observed","12.6","121.9"
"NY","2021-22","2021-12-18","30-39 years","All","All","Observed","15.5","109.2"
"NY","2021-22","2021-12-11","30-39 years","All","All","Observed","12.3","93.8"
"NY","2021-22","2021-12-04","30-39 years","All","All","Observed","12.6","81.5"
"NY","2021-22","2021-11-27","30-39 years","All","All","Observed","13.3","68.8"
"NY","2021-22","2021-11-20","30-39 years","All","All","Observed","11.6","55.5"
"NY","2021-22","2021-11-13","30-39 years","All","All","Observed","8.1","43.9"
"NY","2021-22","2021-11-06","30-39 years","All","All","Observed","7.0","35.8"
"NY","2021-22","2021-10-30","30-39 years","All","All","Observed","7.7","28.8"
"NY","2021-22","2021-10-23","30-39 years","All","All","Observed","4.9","21.1"
"NY","2021-22","2021-10-16","30-39 years","All","All","Observed","7.7","16.2"
"NY","2021-22","2021-10-09","30-39 years","All","All","Observed","8.4","8.4"
"NM","2021-22","2022-10-01","30-39 years","All","All","Observed","2.9","466.8"
"NM","2021-22","2022-09-24","30-39 years","All","All","Observed","2.9","463.9"
"NM","2021-22","2022-09-17","30-39 years","All","All","Observed","2.9","461.1"
"NM","2021-22","2022-09-10","30-39 years","All","All","Observed","2.3","458.2"
"NM","2021-22","2022-09-03","30-39 years","All","All","Observed","0.6","455.9"
"NM","2021-22","2022-08-27","30-39 years","All","All","Observed","2.3","455.3"
"NM","2021-22","2022-08-20","30-39 years","All","All","Observed","2.9","453.0"
"NM","2021-22","2022-08-13","30-39 years","All","All","Observed","4.6","450.1"
"NM","2021-22","2022-08-06","30-39 years","All","All","Observed","7.5","445.6"
"NM","2021-22","2022-07-30","30-39 years","All","All","Observed","8.0","438.1"
"NM","2021-22","2022-07-23","30-39 years","All","All","Observed","9.2","430.0"
"NM","2021-22","2022-07-16","30-39 years","All","All","Observed","6.9","420.9"
"NM","2021-22","2022-07-09","30-39 years","All","All","Observed","6.3","414.0"
"NM","2021-22","2022-07-02","30-39 years","All","All","Observed","8.6","407.7"
"NM","2021-22","2022-06-25","30-39 years","All","All","Observed","10.9","399.0"
"NM","2021-22","2022-06-18","30-39 years","All","All","Observed","5.2","388.1"
"NM","2021-22","2022-06-11","30-39 years","All","All","Observed","2.3","383.0"
"NM","2021-22","2022-06-04","30-39 years","All","All","Observed","4.6","380.7"
"NM","2021-22","2022-05-28","30-39 years","All","All","Observed","5.2","376.1"
"NM","2021-22","2022-05-21","30-39 years","All","All","Observed","2.3","370.9"
"NM","2021-22","2022-05-14","30-39 years","All","All","Observed","2.3","368.6"
"NM","2021-22","2022-05-07","30-39 years","All","All","Observed","4.6","366.3"
"NM","2021-22","2022-04-30","30-39 years","All","All","Observed","1.7","361.7"
"NM","2021-22","2022-04-23","30-39 years","All","All","Observed","2.3","360.0"
"NM","2021-22","2022-04-16","30-39 years","All","All","Observed","1.7","357.7"
"NM","2021-22","2022-04-09","30-39 years","All","All","Observed","2.3","356.0"
"NM","2021-22","2022-04-02","30-39 years","All","All","Observed","0.6","353.7"
"NM","2021-22","2022-03-26","30-39 years","All","All","Observed","2.3","353.1"
"NM","2021-22","2022-03-19","30-39 years","All","All","Observed","1.7","350.8"
"NM","2021-22","2022-03-12","30-39 years","All","All","Observed","3.4","349.1"
"NM","2021-22","2022-03-05","30-39 years","All","All","Observed","5.7","345.6"
"NM","2021-22","2022-02-26","30-39 years","All","All","Observed","6.9","339.9"
"NM","2021-22","2022-02-19","30-39 years","All","All","Observed","10.3","333.0"
"NM","2021-22","2022-02-12","30-39 years","All","All","Observed","17.2","322.7"
"NM","2021-22","2022-02-05","30-39 years","All","All","Observed","16.7","305.5"
"NM","2021-22","2022-01-29","30-39 years","All","All","Observed","18.9","288.8"
"NM","2021-22","2022-01-22","30-39 years","All","All","Observed","23.5","269.9"
"NM","2021-22","2022-01-15","30-39 years","All","All","Observed","20.7","246.3"
"NM","2021-22","2022-01-08","30-39 years","All","All","Observed","20.7","225.6"
"NM","2021-22","2022-01-01","30-39 years","All","All","Observed","12.6","205.0"
"NM","2021-22","2021-12-25","30-39 years","All","All","Observed","12.6","192.3"
"NM","2021-22","2021-12-18","30-39 years","All","All","Observed","18.9","179.7"
"NM","2021-22","2021-12-11","30-39 years","All","All","Observed","17.8","160.8"
"NM","2021-22","2021-12-04","30-39 years","All","All","Observed","25.3","143.0"
"NM","2021-22","2021-11-27","30-39 years","All","All","Observed","16.7","117.7"
"NM","2021-22","2021-11-20","30-39 years","All","All","Observed","17.8","101.1"
"NM","2021-22","2021-11-13","30-39 years","All","All","Observed","16.1","83.3"
"NM","2021-22","2021-11-06","30-39 years","All","All","Observed","18.9","67.2"
"NM","2021-22","2021-10-30","30-39 years","All","All","Observed","12.6","48.2"
"NM","2021-22","2021-10-23","30-39 years","All","All","Observed","13.8","35.6"
"NM","2021-22","2021-10-16","30-39 years","All","All","Observed","16.1","21.8"
"NM","2021-22","2021-10-09","30-39 years","All","All","Observed","5.7","5.7"
"MN","2021-22","2022-10-01","30-39 years","All","All","Observed","6.0","456.6"
"MN","2021-22","2022-09-24","30-39 years","All","All","Observed","9.1","450.7"
"MN","2021-22","2022-09-17","30-39 years","All","All","Observed","5.3","441.5"
"MN","2021-22","2022-09-10","30-39 years","All","All","Observed","4.3","436.2"
"MN","2021-22","2022-09-03","30-39 years","All","All","Observed","6.8","431.9"
"MN","2021-22","2022-08-27","30-39 years","All","All","Observed","9.6","425.1"
"MN","2021-22","2022-08-20","30-39 years","All","All","Observed","8.1","415.6"
"MN","2021-22","2022-08-13","30-39 years","All","All","Observed","11.5","407.5"
"MN","2021-22","2022-08-06","30-39 years","All","All","Observed","6.6","396.0"
"MN","2021-22","2022-07-30","30-39 years","All","All","Observed","11.5","389.4"
"MN","2021-22","2022-07-23","30-39 years","All","All","Observed","7.9","377.9"
"MN","2021-22","2022-07-16","30-39 years","All","All","Observed","7.4","370.0"
"MN","2021-22","2022-07-09","30-39 years","All","All","Observed","8.7","362.6"
"MN","2021-22","2022-07-02","30-39 years","All","All","Observed","6.6","353.9"
"MN","2021-22","2022-06-25","30-39 years","All","All","Observed","6.6","347.3"
"MN","2021-22","2022-06-18","30-39 years","All","All","Observed","8.9","340.7"
"MN","2021-22","2022-06-11","30-39 years","All","All","Observed","5.1","331.7"
"MN","2021-22","2022-06-04","30-39 years","All","All","Observed","5.7","326.6"
"MN","2021-22","2022-05-28","30-39 years","All","All","Observed","7.4","320.9"
"MN","2021-22","2022-05-21","30-39 years","All","All","Observed","9.8","313.4"
"MN","2021-22","2022-05-14","30-39 years","All","All","Observed","7.9","303.6"
"MN","2021-22","2022-05-07","30-39 years","All","All","Observed","7.0","295.8"
"MN","2021-22","2022-04-30","30-39 years","All","All","Observed","4.5","288.7"
"MN","2021-22","2022-04-23","30-39 years","All","All","Observed","3.6","284.3"
"MN","2021-22","2022-04-16","30-39 years","All","All","Observed","2.1","280.7"
"MN","2021-22","2022-04-09","30-39 years","All","All","Observed","3.0","278.5"
"MN","2021-22","2022-04-02","30-39 years","All","All","Observed","3.4","275.6"
"MN","2021-22","2022-03-26","30-39 years","All","All","Observed","4.3","272.1"
"MN","2021-22","2022-03-19","30-39 years","All","All","Observed","2.6","267.9"
"MN","2021-22","2022-03-12","30-39 years","All","All","Observed","3.2","265.3"
"MN","2021-22","2022-03-05","30-39 years","All","All","Observed","3.0","262.1"
"MN","2021-22","2022-02-26","30-39 years","All","All","Observed","4.5","259.2"
"MN","2021-22","2022-02-19","30-39 years","All","All","Observed","7.2","254.7"
"MN","2021-22","2022-02-12","30-39 years","All","All","Observed","10.2","247.5"
"MN","2021-22","2022-02-05","30-39 years","All","All","Observed","11.5","237.3"
"MN","2021-22","2022-01-29","30-39 years","All","All","Observed","16.8","225.8"
"MN","2021-22","2022-01-22","30-39 years","All","All","Observed","21.7","209.0"
"MN","2021-22","2022-01-15","30-39 years","All","All","Observed","24.7","187.2"
"MN","2021-22","2022-01-08","30-39 years","All","All","Observed","23.8","162.6"
"MN","2021-22","2022-01-01","30-39 years","All","All","Observed","14.5","138.7"
"MN","2021-22","2021-12-25","30-39 years","All","All","Observed","12.8","124.3"
"MN","2021-22","2021-12-18","30-39 years","All","All","Observed","15.5","111.5"
"MN","2021-22","2021-12-11","30-39 years","All","All","Observed","16.8","96.0"
"MN","2021-22","2021-12-04","30-39 years","All","All","Observed","15.1","79.2"
"MN","2021-22","2021-11-27","30-39 years","All","All","Observed","10.9","64.0"
"MN","2021-22","2021-11-20","30-39 years","All","All","Observed","11.5","53.2"
"MN","2021-22","2021-11-13","30-39 years","All","All","Observed","10.4","41.7"
"MN","2021-22","2021-11-06","30-39 years","All","All","Observed","6.8","31.3"
"MN","2021-22","2021-10-30","30-39 years","All","All","Observed","5.1","24.5"
"MN","2021-22","2021-10-23","30-39 years","All","All","Observed","7.2","19.4"
"MN","2021-22","2021-10-16","30-39 years","All","All","Observed","6.2","12.1"
"MN","2021-22","2021-10-09","30-39 years","All","All","Observed","6.0","6.0"
"MI","2021-22","2022-10-01","30-39 years","All","All","Observed","3.2","349.0"
"MI","2021-22","2022-09-24","30-39 years","All","All","Observed","5.2","345.8"
"MI","2021-22","2022-09-17","30-39 years","All","All","Observed","5.8","340.6"
"MI","2021-22","2022-09-10","30-39 years","All","All","Observed","4.5","334.8"
"MI","2021-22","2022-09-03","30-39 years","All","All","Observed","4.5","330.3"
"MI","2021-22","2022-08-27","30-39 years","All","All","Observed","1.3","325.8"
"MI","2021-22","2022-08-20","30-39 years","All","All","Observed","4.5","324.5"
"MI","2021-22","2022-08-13","30-39 years","All","All","Observed","3.2","319.9"
"MI","2021-22","2022-08-06","30-39 years","All","All","Observed","3.9","316.7"
"MI","2021-22","2022-07-30","30-39 years","All","All","Observed","3.2","312.8"
"MI","2021-22","2022-07-23","30-39 years","All","All","Observed","3.9","309.6"
"MI","2021-22","2022-07-16","30-39 years","All","All","Observed","2.6","305.7"
"MI","2021-22","2022-07-09","30-39 years","All","All","Observed","2.6","303.1"
"MI","2021-22","2022-07-02","30-39 years","All","All","Observed","1.9","300.6"
"MI","2021-22","2022-06-25","30-39 years","All","All","Observed","1.3","298.6"
"MI","2021-22","2022-06-18","30-39 years","All","All","Observed","1.9","297.3"
"MI","2021-22","2022-06-11","30-39 years","All","All","Observed","1.9","295.4"
"MI","2021-22","2022-06-04","30-39 years","All","All","Observed","5.2","293.4"
"MI","2021-22","2022-05-28","30-39 years","All","All","Observed","3.9","288.3"
"MI","2021-22","2022-05-21","30-39 years","All","All","Observed","5.8","284.4"
"MI","2021-22","2022-05-14","30-39 years","All","All","Observed","7.1","278.6"
"MI","2021-22","2022-05-07","30-39 years","All","All","Observed","6.5","271.5"
"MI","2021-22","2022-04-30","30-39 years","All","All","Observed","0.6","265.0"
"MI","2021-22","2022-04-23","30-39 years","All","All","Observed","3.2","264.4"
"MI","2021-22","2022-04-16","30-39 years","All","All","Observed","0.6","261.1"
"MI","2021-22","2022-04-09","30-39 years","All","All","Observed","3.2","260.5"
"MI","2021-22","2022-04-02","30-39 years","All","All","Observed","1.9","257.2"
"MI","2021-22","2022-03-26","30-39 years","All","All","Observed","2.6","255.3"
"MI","2021-22","2022-03-19","30-39 years","All","All","Observed","1.3","252.7"
"MI","2021-22","2022-03-12","30-39 years","All","All","Observed","1.9","251.4"
"MI","2021-22","2022-03-05","30-39 years","All","All","Observed","2.6","249.5"
"MI","2021-22","2022-02-26","30-39 years","All","All","Observed","3.9","246.9"
"MI","2021-22","2022-02-19","30-39 years","All","All","Observed","3.9","243.0"
"MI","2021-22","2022-02-12","30-39 years","All","All","Observed","6.5","239.2"
"MI","2021-22","2022-02-05","30-39 years","All","All","Observed","8.4","232.7"
"MI","2021-22","2022-01-29","30-39 years","All","All","Observed","13.6","224.3"
"MI","2021-22","2022-01-22","30-39 years","All","All","Observed","16.2","210.7"
"MI","2021-22","2022-01-15","30-39 years","All","All","Observed","14.9","194.6"
"MI","2021-22","2022-01-08","30-39 years","All","All","Observed","25.9","179.7"
"MI","2021-22","2022-01-01","30-39 years","All","All","Observed","14.2","153.8"
"MI","2021-22","2021-12-25","30-39 years","All","All","Observed","16.2","139.6"
"MI","2021-22","2021-12-18","30-39 years","All","All","Observed","17.5","123.5"
"MI","2021-22","2021-12-11","30-39 years","All","All","Observed","18.1","106.0"
"MI","2021-22","2021-12-04","30-39 years","All","All","Observed","12.9","87.9"
"MI","2021-22","2021-11-27","30-39 years","All","All","Observed","16.2","75.0"
"MI","2021-22","2021-11-20","30-39 years","All","All","Observed","8.4","58.8"
"MI","2021-22","2021-11-13","30-39 years","All","All","Observed","9.7","50.4"
"MI","2021-22","2021-11-06","30-39 years","All","All","Observed","7.8","40.7"
"MI","2021-22","2021-10-30","30-39 years","All","All","Observed","7.1","33.0"
"MI","2021-22","2021-10-23","30-39 years","All","All","Observed","4.5","25.9"
"MI","2021-22","2021-10-16","30-39 years","All","All","Observed","10.3","21.3"
"MI","2021-22","2021-10-09","30-39 years","All","All","Observed","11.0","11.0"
"MD","2021-22","2022-10-01","30-39 years","All","All","Observed","3.7","369.1"
"MD","2021-22","2022-09-24","30-39 years","All","All","Observed","4.1","365.4"
"MD","2021-22","2022-09-17","30-39 years","All","All","Observed","3.3","361.3"
"MD","2021-22","2022-09-10","30-39 years","All","All","Observed","5.2","358.0"
"MD","2021-22","2022-09-03","30-39 years","All","All","Observed","3.0","352.8"
"MD","2021-22","2022-08-27","30-39 years","All","All","Observed","3.6","349.8"
"MD","2021-22","2022-08-20","30-39 years","All","All","Observed","4.8","346.1"
"MD","2021-22","2022-08-13","30-39 years","All","All","Observed","5.9","341.3"
"MD","2021-22","2022-08-06","30-39 years","All","All","Observed","5.4","335.5"
"MD","2021-22","2022-07-30","30-39 years","All","All","Observed","6.2","330.1"
"MD","2021-22","2022-07-23","30-39 years","All","All","Observed","4.0","323.9"
"MD","2021-22","2022-07-16","30-39 years","All","All","Observed","6.4","319.9"
"MD","2021-22","2022-07-09","30-39 years","All","All","Observed","5.5","313.4"
"MD","2021-22","2022-07-02","30-39 years","All","All","Observed","4.8","307.9"
"MD","2021-22","2022-06-25","30-39 years","All","All","Observed","4.0","303.1"
"MD","2021-22","2022-06-18","30-39 years","All","All","Observed","4.2","299.1"
"MD","2021-22","2022-06-11","30-39 years","All","All","Observed","4.0","294.9"
"MD","2021-22","2022-06-04","30-39 years","All","All","Observed","4.5","290.9"
"MD","2021-22","2022-05-28","30-39 years","All","All","Observed","5.9","286.5"
"MD","2021-22","2022-05-21","30-39 years","All","All","Observed","6.7","280.6"
"MD","2021-22","2022-05-14","30-39 years","All","All","Observed","4.0","274.0"
"MD","2021-22","2022-05-07","30-39 years","All","All","Observed","2.7","270.0"
"MD","2021-22","2022-04-30","30-39 years","All","All","Observed","3.4","267.3"
"MD","2021-22","2022-04-23","30-39 years","All","All","Observed","2.5","263.9"
"MD","2021-22","2022-04-16","30-39 years","All","All","Observed","2.5","261.4"
"MD","2021-22","2022-04-09","30-39 years","All","All","Observed","1.4","259.0"
"MD","2021-22","2022-04-02","30-39 years","All","All","Observed","1.1","257.6"
"MD","2021-22","2022-03-26","30-39 years","All","All","Observed","1.4","256.5"
"MD","2021-22","2022-03-19","30-39 years","All","All","Observed","1.6","255.1"
"MD","2021-22","2022-03-12","30-39 years","All","All","Observed","1.8","253.4"
"MD","2021-22","2022-03-05","30-39 years","All","All","Observed","1.1","251.7"
"MD","2021-22","2022-02-26","30-39 years","All","All","Observed","2.7","250.6"
"MD","2021-22","2022-02-19","30-39 years","All","All","Observed","4.0","247.9"
"MD","2021-22","2022-02-12","30-39 years","All","All","Observed","4.9","244.0"
"MD","2021-22","2022-02-05","30-39 years","All","All","Observed","7.7","239.0"
"MD","2021-22","2022-01-29","30-39 years","All","All","Observed","13.4","231.3"
"MD","2021-22","2022-01-22","30-39 years","All","All","Observed","18.7","217.9"
"MD","2021-22","2022-01-15","30-39 years","All","All","Observed","29.4","199.2"
"MD","2021-22","2022-01-08","30-39 years","All","All","Observed","40.0","169.8"
"MD","2021-22","2022-01-01","30-39 years","All","All","Observed","39.1","129.8"
"MD","2021-22","2021-12-25","30-39 years","All","All","Observed","19.8","90.7"
"MD","2021-22","2021-12-18","30-39 years","All","All","Observed","12.1","70.9"
"MD","2021-22","2021-12-11","30-39 years","All","All","Observed","8.2","58.8"
"MD","2021-22","2021-12-04","30-39 years","All","All","Observed","6.7","50.6"
"MD","2021-22","2021-11-27","30-39 years","All","All","Observed","7.3","43.9"
"MD","2021-22","2021-11-20","30-39 years","All","All","Observed","5.7","36.7"
"MD","2021-22","2021-11-13","30-39 years","All","All","Observed","3.2","30.9"
"MD","2021-22","2021-11-06","30-39 years","All","All","Observed","3.2","27.8"
"MD","2021-22","2021-10-30","30-39 years","All","All","Observed","5.3","24.6"
"MD","2021-22","2021-10-23","30-39 years","All","All","Observed","5.4","19.3"
"MD","2021-22","2021-10-16","30-39 years","All","All","Observed","6.4","13.9"
"MD","2021-22","2021-10-09","30-39 years","All","All","Observed","7.5","7.5"
"IA","2021-22","2022-05-21","30-39 years","All","All","Observed","0.0","334.0"
"IA","2021-22","2022-05-14","30-39 years","All","All","Observed","0.0","334.0"
"IA","2021-22","2022-05-07","30-39 years","All","All","Observed","0.0","334.0"
"IA","2021-22","2022-04-30","30-39 years","All","All","Observed","0.0","334.0"
"IA","2021-22","2022-04-23","30-39 years","All","All","Observed","0.0","334.0"
"IA","2021-22","2022-04-16","30-39 years","All","All","Observed","6.3","334.0"
"IA","2021-22","2022-04-09","30-39 years","All","All","Observed","0.0","327.7"
"IA","2021-22","2022-04-02","30-39 years","All","All","Observed","6.3","327.7"
"IA","2021-22","2022-03-26","30-39 years","All","All","Observed","0.0","321.4"
"IA","2021-22","2022-03-19","30-39 years","All","All","Observed","12.6","321.4"
"IA","2021-22","2022-03-12","30-39 years","All","All","Observed","6.3","308.8"
"IA","2021-22","2022-03-05","30-39 years","All","All","Observed","0.0","302.5"
"IA","2021-22","2022-02-26","30-39 years","All","All","Observed","6.3","302.5"
"IA","2021-22","2022-02-19","30-39 years","All","All","Observed","0.0","296.2"
"IA","2021-22","2022-02-12","30-39 years","All","All","Observed","12.6","296.2"
"IA","2021-22","2022-02-05","30-39 years","All","All","Observed","6.3","283.6"
"IA","2021-22","2022-01-29","30-39 years","All","All","Observed","12.6","277.3"
"IA","2021-22","2022-01-22","30-39 years","All","All","Observed","37.8","264.7"
"IA","2021-22","2022-01-15","30-39 years","All","All","Observed","31.5","226.8"
"IA","2021-22","2022-01-08","30-39 years","All","All","Observed","50.4","195.3"
"IA","2021-22","2022-01-01","30-39 years","All","All","Observed","12.6","144.9"
"IA","2021-22","2021-12-25","30-39 years","All","All","Observed","18.9","132.3"
"IA","2021-22","2021-12-18","30-39 years","All","All","Observed","6.3","113.4"
"IA","2021-22","2021-12-11","30-39 years","All","All","Observed","25.2","107.1"
"IA","2021-22","2021-12-04","30-39 years","All","All","Observed","18.9","81.9"
"IA","2021-22","2021-11-27","30-39 years","All","All","Observed","18.9","63.0"
"IA","2021-22","2021-11-20","30-39 years","All","All","Observed","6.3","44.1"
"IA","2021-22","2021-11-13","30-39 years","All","All","Observed","6.3","37.8"
"IA","2021-22","2021-11-06","30-39 years","All","All","Observed","6.3","31.5"
"IA","2021-22","2021-10-30","30-39 years","All","All","Observed","0.0","25.2"
"IA","2021-22","2021-10-23","30-39 years","All","All","Observed","0.0","25.2"
"IA","2021-22","2021-10-16","30-39 years","All","All","Observed","6.3","25.2"
"IA","2021-22","2021-10-09","30-39 years","All","All","Observed","18.9","18.9"
"GA","2021-22","2022-10-01","30-39 years","All","All","Observed","3.9","466.0"
"GA","2021-22","2022-09-24","30-39 years","All","All","Observed","3.7","462.2"
"GA","2021-22","2022-09-17","30-39 years","All","All","Observed","4.2","458.5"
"GA","2021-22","2022-09-10","30-39 years","All","All","Observed","4.8","454.3"
"GA","2021-22","2022-09-03","30-39 years","All","All","Observed","7.7","449.5"
"GA","2021-22","2022-08-27","30-39 years","All","All","Observed","9.2","441.7"
"GA","2021-22","2022-08-20","30-39 years","All","All","Observed","8.9","432.6"
"GA","2021-22","2022-08-13","30-39 years","All","All","Observed","9.5","423.7"
"GA","2021-22","2022-08-06","30-39 years","All","All","Observed","10.5","414.2"
"GA","2021-22","2022-07-30","30-39 years","All","All","Observed","10.1","403.8"
"GA","2021-22","2022-07-23","30-39 years","All","All","Observed","11.7","393.6"
"GA","2021-22","2022-07-16","30-39 years","All","All","Observed","10.8","381.9"
"GA","2021-22","2022-07-09","30-39 years","All","All","Observed","9.5","371.1"
"GA","2021-22","2022-07-02","30-39 years","All","All","Observed","8.9","361.6"
"GA","2021-22","2022-06-25","30-39 years","All","All","Observed","9.2","352.7"
"GA","2021-22","2022-06-18","30-39 years","All","All","Observed","6.3","343.6"
"GA","2021-22","2022-06-11","30-39 years","All","All","Observed","5.3","337.3"
"GA","2021-22","2022-06-04","30-39 years","All","All","Observed","7.7","332.0"
"GA","2021-22","2022-05-28","30-39 years","All","All","Observed","3.5","324.3"
"GA","2021-22","2022-05-21","30-39 years","All","All","Observed","6.4","320.7"
"GA","2021-22","2022-05-14","30-39 years","All","All","Observed","4.3","314.3"
"GA","2021-22","2022-05-07","30-39 years","All","All","Observed","2.9","309.9"
"GA","2021-22","2022-04-30","30-39 years","All","All","Observed","2.6","307.0"
"GA","2021-22","2022-04-23","30-39 years","All","All","Observed","1.8","304.5"
"GA","2021-22","2022-04-16","30-39 years","All","All","Observed","1.9","302.7"
"GA","2021-22","2022-04-09","30-39 years","All","All","Observed","0.8","300.8"
"GA","2021-22","2022-04-02","30-39 years","All","All","Observed","1.8","300.0"
"GA","2021-22","2022-03-26","30-39 years","All","All","Observed","2.3","298.2"
"GA","2021-22","2022-03-19","30-39 years","All","All","Observed","2.6","295.9"
"GA","2021-22","2022-03-12","30-39 years","All","All","Observed","2.6","293.4"
"GA","2021-22","2022-03-05","30-39 years","All","All","Observed","5.0","290.8"
"GA","2021-22","2022-02-26","30-39 years","All","All","Observed","5.5","285.8"
"GA","2021-22","2022-02-19","30-39 years","All","All","Observed","7.2","280.3"
"GA","2021-22","2022-02-12","30-39 years","All","All","Observed","9.5","273.1"
"GA","2021-22","2022-02-05","30-39 years","All","All","Observed","14.6","263.6"
"GA","2021-22","2022-01-29","30-39 years","All","All","Observed","18.5","248.9"
"GA","2021-22","2022-01-22","30-39 years","All","All","Observed","20.4","230.4"
"GA","2021-22","2022-01-15","30-39 years","All","All","Observed","33.3","210.0"
"GA","2021-22","2022-01-08","30-39 years","All","All","Observed","47.0","176.7"
"GA","2021-22","2022-01-01","30-39 years","All","All","Observed","48.6","129.7"
"GA","2021-22","2021-12-25","30-39 years","All","All","Observed","23.8","81.1"
"GA","2021-22","2021-12-18","30-39 years","All","All","Observed","9.0","57.3"
"GA","2021-22","2021-12-11","30-39 years","All","All","Observed","5.0","48.3"
"GA","2021-22","2021-12-04","30-39 years","All","All","Observed","2.7","43.3"
"GA","2021-22","2021-11-27","30-39 years","All","All","Observed","4.3","40.6"
"GA","2021-22","2021-11-20","30-39 years","All","All","Observed","3.4","36.2"
"GA","2021-22","2021-11-13","30-39 years","All","All","Observed","3.1","32.8"
"GA","2021-22","2021-11-06","30-39 years","All","All","Observed","4.8","29.8"
"GA","2021-22","2021-10-30","30-39 years","All","All","Observed","4.7","24.9"
"GA","2021-22","2021-10-23","30-39 years","All","All","Observed","5.6","20.3"
"GA","2021-22","2021-10-16","30-39 years","All","All","Observed","6.1","14.6"
"GA","2021-22","2021-10-09","30-39 years","All","All","Observed","8.5","8.5"
"CT","2021-22","2022-10-01","30-39 years","All","All","Observed","6.0","489.1"
"CT","2021-22","2022-09-24","30-39 years","All","All","Observed","11.3","483.1"
"CT","2021-22","2022-09-17","30-39 years","All","All","Observed","6.0","471.8"
"CT","2021-22","2022-09-10","30-39 years","All","All","Observed","6.0","465.8"
"CT","2021-22","2022-09-03","30-39 years","All","All","Observed","8.3","459.8"
"CT","2021-22","2022-08-27","30-39 years","All","All","Observed","6.8","451.6"
"CT","2021-22","2022-08-20","30-39 years","All","All","Observed","9.0","444.8"
"CT","2021-22","2022-08-13","30-39 years","All","All","Observed","4.5","435.8"
"CT","2021-22","2022-08-06","30-39 years","All","All","Observed","11.3","431.3"
"CT","2021-22","2022-07-30","30-39 years","All","All","Observed","6.0","420.0"
"CT","2021-22","2022-07-23","30-39 years","All","All","Observed","10.5","414.0"
"CT","2021-22","2022-07-16","30-39 years","All","All","Observed","8.3","403.5"
"CT","2021-22","2022-07-09","30-39 years","All","All","Observed","8.3","395.3"
"CT","2021-22","2022-07-02","30-39 years","All","All","Observed","6.8","387.0"
"CT","2021-22","2022-06-25","30-39 years","All","All","Observed","11.3","380.3"
"CT","2021-22","2022-06-18","30-39 years","All","All","Observed","3.0","369.0"
"CT","2021-22","2022-06-11","30-39 years","All","All","Observed","5.3","366.0"
"CT","2021-22","2022-06-04","30-39 years","All","All","Observed","6.8","360.8"
"CT","2021-22","2022-05-28","30-39 years","All","All","Observed","6.8","354.0"
"CT","2021-22","2022-05-21","30-39 years","All","All","Observed","4.5","347.3"
"CT","2021-22","2022-05-14","30-39 years","All","All","Observed","6.8","342.8"
"CT","2021-22","2022-05-07","30-39 years","All","All","Observed","4.5","336.0"
"CT","2021-22","2022-04-30","30-39 years","All","All","Observed","3.8","331.5"
"CT","2021-22","2022-04-23","30-39 years","All","All","Observed","3.8","327.8"
"CT","2021-22","2022-04-16","30-39 years","All","All","Observed","3.0","324.0"
"CT","2021-22","2022-04-09","30-39 years","All","All","Observed","0.8","321.0"
"CT","2021-22","2022-04-02","30-39 years","All","All","Observed","3.0","320.3"
"CT","2021-22","2022-03-26","30-39 years","All","All","Observed","1.5","317.3"
"CT","2021-22","2022-03-19","30-39 years","All","All","Observed","3.8","315.8"
"CT","2021-22","2022-03-12","30-39 years","All","All","Observed","3.0","312.0"
"CT","2021-22","2022-03-05","30-39 years","All","All","Observed","0.8","309.0"
"CT","2021-22","2022-02-26","30-39 years","All","All","Observed","5.3","308.3"
"CT","2021-22","2022-02-19","30-39 years","All","All","Observed","9.8","303.0"
"CT","2021-22","2022-02-12","30-39 years","All","All","Observed","6.8","293.3"
"CT","2021-22","2022-02-05","30-39 years","All","All","Observed","12.8","286.5"
"CT","2021-22","2022-01-29","30-39 years","All","All","Observed","14.3","273.8"
"CT","2021-22","2022-01-22","30-39 years","All","All","Observed","27.8","259.5"
"CT","2021-22","2022-01-15","30-39 years","All","All","Observed","27.8","231.8"
"CT","2021-22","2022-01-08","30-39 years","All","All","Observed","42.8","204.0"
"CT","2021-22","2022-01-01","30-39 years","All","All","Observed","48.8","161.3"
"CT","2021-22","2021-12-25","30-39 years","All","All","Observed","17.3","112.5"
"CT","2021-22","2021-12-18","30-39 years","All","All","Observed","21.0","95.3"
"CT","2021-22","2021-12-11","30-39 years","All","All","Observed","15.8","74.3"
"CT","2021-22","2021-12-04","30-39 years","All","All","Observed","10.5","58.5"
"CT","2021-22","2021-11-27","30-39 years","All","All","Observed","3.8","48.0"
"CT","2021-22","2021-11-20","30-39 years","All","All","Observed","6.8","44.3"
"CT","2021-22","2021-11-13","30-39 years","All","All","Observed","5.3","37.5"
"CT","2021-22","2021-11-06","30-39 years","All","All","Observed","5.3","32.3"
"CT","2021-22","2021-10-30","30-39 years","All","All","Observed","6.8","27.0"
"CT","2021-22","2021-10-23","30-39 years","All","All","Observed","5.3","20.3"
"CT","2021-22","2021-10-16","30-39 years","All","All","Observed","7.5","15.0"
"CT","2021-22","2021-10-09","30-39 years","All","All","Observed","7.5","7.5"
"All","2021-22","2022-10-01","30-39 years","All","All","Observed","3.4","338.0"
"All","2021-22","2022-09-24","30-39 years","All","All","Observed","3.9","334.7"
"All","2021-22","2022-09-17","30-39 years","All","All","Observed","3.4","330.7"
"All","2021-22","2022-09-10","30-39 years","All","All","Observed","3.6","327.3"
"All","2021-22","2022-09-03","30-39 years","All","All","Observed","4.1","323.8"
"All","2021-22","2022-08-27","30-39 years","All","All","Observed","5.0","319.6"
"All","2021-22","2022-08-20","30-39 years","All","All","Observed","4.8","314.7"
"All","2021-22","2022-08-13","30-39 years","All","All","Observed","5.4","309.8"
"All","2021-22","2022-08-06","30-39 years","All","All","Observed","5.7","304.5"
"All","2021-22","2022-07-30","30-39 years","All","All","Observed","6.2","298.8"
"All","2021-22","2022-07-23","30-39 years","All","All","Observed","6.0","292.6"
"All","2021-22","2022-07-16","30-39 years","All","All","Observed","6.4","286.6"
"All","2021-22","2022-07-09","30-39 years","All","All","Observed","5.6","280.3"
"All","2021-22","2022-07-02","30-39 years","All","All","Observed","5.1","274.7"
"All","2021-22","2022-06-25","30-39 years","All","All","Observed","5.1","269.6"
"All","2021-22","2022-06-18","30-39 years","All","All","Observed","4.1","264.5"
"All","2021-22","2022-06-11","30-39 years","All","All","Observed","4.4","260.4"
"All","2021-22","2022-06-04","30-39 years","All","All","Observed","5.0","256.0"
"All","2021-22","2022-05-28","30-39 years","All","All","Observed","4.7","251.0"
"All","2021-22","2022-05-21","30-39 years","All","All","Observed","5.1","246.3"
"All","2021-22","2022-05-14","30-39 years","All","All","Observed","4.4","241.2"
"All","2021-22","2022-05-07","30-39 years","All","All","Observed","3.2","236.8"
"All","2021-22","2022-04-30","30-39 years","All","All","Observed","2.6","233.5"
"All","2021-22","2022-04-23","30-39 years","All","All","Observed","2.6","230.9"
"All","2021-22","2022-04-16","30-39 years","All","All","Observed","2.0","228.3"
"All","2021-22","2022-04-09","30-39 years","All","All","Observed","1.5","226.2"
"All","2021-22","2022-04-02","30-39 years","All","All","Observed","1.6","224.8"
"All","2021-22","2022-03-26","30-39 years","All","All","Observed","1.8","223.2"
"All","2021-22","2022-03-19","30-39 years","All","All","Observed","2.0","221.4"
"All","2021-22","2022-03-12","30-39 years","All","All","Observed","2.2","219.4"
"All","2021-22","2022-03-05","30-39 years","All","All","Observed","2.7","217.2"
"All","2021-22","2022-02-26","30-39 years","All","All","Observed","3.7","214.4"
"All","2021-22","2022-02-19","30-39 years","All","All","Observed","5.2","210.7"
"All","2021-22","2022-02-12","30-39 years","All","All","Observed","7.3","205.5"
"All","2021-22","2022-02-05","30-39 years","All","All","Observed","10.0","198.2"
"All","2021-22","2022-01-29","30-39 years","All","All","Observed","14.0","188.2"
"All","2021-22","2022-01-22","30-39 years","All","All","Observed","17.8","174.2"
"All","2021-22","2022-01-15","30-39 years","All","All","Observed","22.4","156.4"
"All","2021-22","2022-01-08","30-39 years","All","All","Observed","25.9","134.0"
"All","2021-22","2022-01-01","30-39 years","All","All","Observed","23.3","108.0"
"All","2021-22","2021-12-25","30-39 years","All","All","Observed","12.1","84.7"
"All","2021-22","2021-12-18","30-39 years","All","All","Observed","9.4","72.6"
"All","2021-22","2021-12-11","30-39 years","All","All","Observed","8.3","63.2"
"All","2021-22","2021-12-04","30-39 years","All","All","Observed","7.6","54.9"
"All","2021-22","2021-11-27","30-39 years","All","All","Observed","7.0","47.3"
"All","2021-22","2021-11-20","30-39 years","All","All","Observed","6.1","40.3"
"All","2021-22","2021-11-13","30-39 years","All","All","Observed","5.6","34.2"
"All","2021-22","2021-11-06","30-39 years","All","All","Observed","5.3","28.5"
"All","2021-22","2021-10-30","30-39 years","All","All","Observed","5.4","23.3"
"All","2021-22","2021-10-23","30-39 years","All","All","Observed","5.4","17.8"
"All","2021-22","2021-10-16","30-39 years","All","All","Observed","5.9","12.4"
"All","2021-22","2021-10-09","30-39 years","All","All","Observed","6.5","6.5"
"CO","2021-22","2022-10-01","30-39 years","All","All","Observed","1.2","256.3"
"CO","2021-22","2022-09-24","30-39 years","All","All","Observed","1.6","255.1"
"CO","2021-22","2022-09-17","30-39 years","All","All","Observed","1.0","253.5"
"CO","2021-22","2022-09-10","30-39 years","All","All","Observed","1.0","252.4"
"CO","2021-22","2022-09-03","30-39 years","All","All","Observed","1.6","251.4"
"CO","2021-22","2022-08-27","30-39 years","All","All","Observed","1.4","249.8"
"CO","2021-22","2022-08-20","30-39 years","All","All","Observed","1.4","248.3"
"CO","2021-22","2022-08-13","30-39 years","All","All","Observed","0.6","246.9"
"CO","2021-22","2022-08-06","30-39 years","All","All","Observed","3.1","246.3"
"CO","2021-22","2022-07-30","30-39 years","All","All","Observed","1.4","243.2"
"CO","2021-22","2022-07-23","30-39 years","All","All","Observed","3.3","241.7"
"CO","2021-22","2022-07-16","30-39 years","All","All","Observed","3.3","238.4"
"CO","2021-22","2022-07-09","30-39 years","All","All","Observed","2.7","235.1"
"CO","2021-22","2022-07-02","30-39 years","All","All","Observed","2.7","232.5"
"CO","2021-22","2022-06-25","30-39 years","All","All","Observed","3.5","229.8"
"CO","2021-22","2022-06-18","30-39 years","All","All","Observed","3.1","226.3"
"CO","2021-22","2022-06-11","30-39 years","All","All","Observed","4.7","223.2"
"CO","2021-22","2022-06-04","30-39 years","All","All","Observed","3.9","218.5"
"CO","2021-22","2022-05-28","30-39 years","All","All","Observed","2.1","214.5"
"CO","2021-22","2022-05-21","30-39 years","All","All","Observed","2.1","212.5"
"CO","2021-22","2022-05-14","30-39 years","All","All","Observed","2.1","210.4"
"CO","2021-22","2022-05-07","30-39 years","All","All","Observed","1.6","208.4"
"CO","2021-22","2022-04-30","30-39 years","All","All","Observed","1.2","206.7"
"CO","2021-22","2022-04-23","30-39 years","All","All","Observed","0.4","205.5"
"CO","2021-22","2022-04-16","30-39 years","All","All","Observed","0.4","205.1"
"CO","2021-22","2022-04-09","30-39 years","All","All","Observed","0.6","204.7"
"CO","2021-22","2022-04-02","30-39 years","All","All","Observed","1.0","204.0"
"CO","2021-22","2022-03-26","30-39 years","All","All","Observed","0.6","203.0"
"CO","2021-22","2022-03-19","30-39 years","All","All","Observed","0.8","202.4"
"CO","2021-22","2022-03-12","30-39 years","All","All","Observed","1.2","201.6"
"CO","2021-22","2022-03-05","30-39 years","All","All","Observed","1.0","200.3"
"CO","2021-22","2022-02-26","30-39 years","All","All","Observed","1.9","199.3"
"CO","2021-22","2022-02-19","30-39 years","All","All","Observed","4.3","197.5"
"CO","2021-22","2022-02-12","30-39 years","All","All","Observed","4.9","193.1"
"CO","2021-22","2022-02-05","30-39 years","All","All","Observed","5.4","188.2"
"CO","2021-22","2022-01-29","30-39 years","All","All","Observed","10.9","182.8"
"CO","2021-22","2022-01-22","30-39 years","All","All","Observed","12.1","171.9"
"CO","2021-22","2022-01-15","30-39 years","All","All","Observed","16.7","159.8"
"CO","2021-22","2022-01-08","30-39 years","All","All","Observed","17.9","143.1"
"CO","2021-22","2022-01-01","30-39 years","All","All","Observed","18.1","125.2"
"CO","2021-22","2021-12-25","30-39 years","All","All","Observed","8.9","107.1"
"CO","2021-22","2021-12-18","30-39 years","All","All","Observed","6.4","98.2"
"CO","2021-22","2021-12-11","30-39 years","All","All","Observed","8.2","91.8"
"CO","2021-22","2021-12-04","30-39 years","All","All","Observed","10.5","83.6"
"CO","2021-22","2021-11-27","30-39 years","All","All","Observed","9.7","73.1"
"CO","2021-22","2021-11-20","30-39 years","All","All","Observed","9.7","63.4"
"CO","2021-22","2021-11-13","30-39 years","All","All","Observed","11.3","53.7"
"CO","2021-22","2021-11-06","30-39 years","All","All","Observed","10.7","42.4"
"CO","2021-22","2021-10-30","30-39 years","All","All","Observed","9.9","31.7"
"CO","2021-22","2021-10-23","30-39 years","All","All","Observed","7.4","21.8"
"CO","2021-22","2021-10-16","30-39 years","All","All","Observed","6.2","14.4"
"CO","2021-22","2021-10-09","30-39 years","All","All","Observed","8.2","8.2"
"CA","2021-22","2022-10-01","30-39 years","All","All","Observed","2.0","232.4"
"CA","2021-22","2022-09-24","30-39 years","All","All","Observed","2.0","230.4"
"CA","2021-22","2022-09-17","30-39 years","All","All","Observed","3.8","228.4"
"CA","2021-22","2022-09-10","30-39 years","All","All","Observed","2.3","224.6"
"CA","2021-22","2022-09-03","30-39 years","All","All","Observed","3.6","222.3"
"CA","2021-22","2022-08-27","30-39 years","All","All","Observed","3.8","218.6"
"CA","2021-22","2022-08-20","30-39 years","All","All","Observed","3.6","214.8"
"CA","2021-22","2022-08-13","30-39 years","All","All","Observed","5.5","211.2"
"CA","2021-22","2022-08-06","30-39 years","All","All","Observed","4.0","205.7"
"CA","2021-22","2022-07-30","30-39 years","All","All","Observed","5.1","201.7"
"CA","2021-22","2022-07-23","30-39 years","All","All","Observed","7.0","196.6"
"CA","2021-22","2022-07-16","30-39 years","All","All","Observed","7.4","189.7"
"CA","2021-22","2022-07-09","30-39 years","All","All","Observed","5.5","182.2"
"CA","2021-22","2022-07-02","30-39 years","All","All","Observed","5.5","176.8"
"CA","2021-22","2022-06-25","30-39 years","All","All","Observed","6.0","171.3"
"CA","2021-22","2022-06-18","30-39 years","All","All","Observed","2.3","165.3"
"CA","2021-22","2022-06-11","30-39 years","All","All","Observed","4.5","163.0"
"CA","2021-22","2022-06-04","30-39 years","All","All","Observed","4.6","158.6"
"CA","2021-22","2022-05-28","30-39 years","All","All","Observed","4.5","153.9"
"CA","2021-22","2022-05-21","30-39 years","All","All","Observed","4.8","149.4"
"CA","2021-22","2022-05-14","30-39 years","All","All","Observed","4.5","144.6"
"CA","2021-22","2022-05-07","30-39 years","All","All","Observed","2.0","140.2"
"CA","2021-22","2022-04-30","30-39 years","All","All","Observed","1.7","138.2"
"CA","2021-22","2022-04-23","30-39 years","All","All","Observed","2.3","136.5"
"CA","2021-22","2022-04-16","30-39 years","All","All","Observed","2.5","134.2"
"CA","2021-22","2022-04-09","30-39 years","All","All","Observed","1.0","131.7"
"CA","2021-22","2022-04-02","30-39 years","All","All","Observed","0.7","130.7"
"CA","2021-22","2022-03-26","30-39 years","All","All","Observed","1.0","130.1"
"CA","2021-22","2022-03-19","30-39 years","All","All","Observed","1.8","129.1"
"CA","2021-22","2022-03-12","30-39 years","All","All","Observed","1.8","127.3"
"CA","2021-22","2022-03-05","30-39 years","All","All","Observed","2.3","125.5"
"CA","2021-22","2022-02-26","30-39 years","All","All","Observed","2.5","123.1"
"CA","2021-22","2022-02-19","30-39 years","All","All","Observed","5.0","120.7"
"CA","2021-22","2022-02-12","30-39 years","All","All","Observed","5.8","115.7"
"CA","2021-22","2022-02-05","30-39 years","All","All","Observed","9.8","109.9"
"CA","2021-22","2022-01-29","30-39 years","All","All","Observed","13.6","100.1"
"CA","2021-22","2022-01-22","30-39 years","All","All","Observed","19.2","86.6"
"CA","2021-22","2022-01-15","30-39 years","All","All","Observed","19.0","67.4"
"CA","2021-22","2022-01-08","30-39 years","All","All","Observed","14.7","48.3"
"CA","2021-22","2022-01-01","30-39 years","All","All","Observed","7.8","33.6"
"CA","2021-22","2021-12-25","30-39 years","All","All","Observed","4.0","25.8"
"CA","2021-22","2021-12-18","30-39 years","All","All","Observed","2.2","21.8"
"CA","2021-22","2021-12-11","30-39 years","All","All","Observed","1.7","19.7"
"CA","2021-22","2021-12-04","30-39 years","All","All","Observed","1.3","18.0"
"CA","2021-22","2021-11-27","30-39 years","All","All","Observed","2.3","16.7"
"CA","2021-22","2021-11-20","30-39 years","All","All","Observed","1.8","14.4"
"CA","2021-22","2021-11-13","30-39 years","All","All","Observed","1.7","12.6"
"CA","2021-22","2021-11-06","30-39 years","All","All","Observed","1.2","10.9"
"CA","2021-22","2021-10-30","30-39 years","All","All","Observed","2.0","9.8"
"CA","2021-22","2021-10-23","30-39 years","All","All","Observed","2.5","7.8"
"CA","2021-22","2021-10-16","30-39 years","All","All","Observed","2.6","5.3"
"CA","2021-22","2021-10-09","30-39 years","All","All","Observed","2.6","2.6"
"GA","2021-22","2022-05-21","≥75 years","All","All","Observed","32.2","1842.6"
"GA","2021-22","2022-05-14","≥75 years","All","All","Observed","25.2","1810.5"
"GA","2021-22","2022-05-07","≥75 years","All","All","Observed","26.8","1785.3"
"GA","2021-22","2022-04-30","≥75 years","All","All","Observed","17.2","1758.5"
"GA","2021-22","2022-04-23","≥75 years","All","All","Observed","11.8","1741.3"
"GA","2021-22","2022-04-16","≥75 years","All","All","Observed","8.0","1729.5"
"GA","2021-22","2022-04-09","≥75 years","All","All","Observed","9.1","1721.5"
"GA","2021-22","2022-04-02","≥75 years","All","All","Observed","10.2","1712.4"
"GA","2021-22","2022-03-26","≥75 years","All","All","Observed","12.9","1702.2"
"GA","2021-22","2022-03-19","≥75 years","All","All","Observed","15.5","1689.3"
"GA","2021-22","2022-03-12","≥75 years","All","All","Observed","13.9","1673.8"
"GA","2021-22","2022-03-05","≥75 years","All","All","Observed","28.9","1659.9"
"GA","2021-22","2022-02-26","≥75 years","All","All","Observed","41.8","1630.9"
"GA","2021-22","2022-02-19","≥75 years","All","All","Observed","47.7","1589.1"
"GA","2021-22","2022-02-12","≥75 years","All","All","Observed","72.9","1541.4"
"GA","2021-22","2022-02-05","≥75 years","All","All","Observed","103.4","1468.5"
"GA","2021-22","2022-01-29","≥75 years","All","All","Observed","129.2","1365.1"
"GA","2021-22","2022-01-22","≥75 years","All","All","Observed","167.2","1235.9"
"GA","2021-22","2022-01-15","≥75 years","All","All","Observed","239.0","1068.7"
"GA","2021-22","2022-01-08","≥75 years","All","All","Observed","257.3","829.7"
"GA","2021-22","2022-01-01","≥75 years","All","All","Observed","216.0","572.4"
"GA","2021-22","2021-12-25","≥75 years","All","All","Observed","78.2","356.4"
"GA","2021-22","2021-12-18","≥75 years","All","All","Observed","33.8","278.2"
"GA","2021-22","2021-12-11","≥75 years","All","All","Observed","33.8","244.4"
"GA","2021-22","2021-12-04","≥75 years","All","All","Observed","22.5","210.6"
"GA","2021-22","2021-11-27","≥75 years","All","All","Observed","16.1","188.1"
"GA","2021-22","2021-11-20","≥75 years","All","All","Observed","16.6","172.0"
"GA","2021-22","2021-11-13","≥75 years","All","All","Observed","18.2","155.4"
"GA","2021-22","2021-11-06","≥75 years","All","All","Observed","13.4","137.2"
"GA","2021-22","2021-10-30","≥75 years","All","All","Observed","19.8","123.8"
"GA","2021-22","2021-10-23","≥75 years","All","All","Observed","26.3","104.0"
"GA","2021-22","2021-10-16","≥75 years","All","All","Observed","30.5","77.7"
"GA","2021-22","2021-10-09","≥75 years","All","All","Observed","47.2","47.2"
"NY","2021-22","2021-10-09","≥75 years","All","All","Observed","42.3","42.3"
"NY","2021-22","2021-10-16","≥75 years","All","All","Observed","39.3","81.7"
"NY","2021-22","2021-10-23","≥75 years","All","All","Observed","45.3","127.0"
"NY","2021-22","2021-10-30","≥75 years","All","All","Observed","42.9","169.9"
"NY","2021-22","2021-11-06","≥75 years","All","All","Observed","44.7","214.6"
"NY","2021-22","2021-11-13","≥75 years","All","All","Observed","53.7","268.3"
"NY","2021-22","2021-11-20","≥75 years","All","All","Observed","67.4","335.7"
"NY","2021-22","2021-11-27","≥75 years","All","All","Observed","92.4","428.1"
"NY","2021-22","2021-12-04","≥75 years","All","All","Observed","83.5","511.5"
"NY","2021-22","2021-12-11","≥75 years","All","All","Observed","87.0","598.6"
"NY","2021-22","2021-12-18","≥75 years","All","All","Observed","87.0","685.6"
"NY","2021-22","2021-12-25","≥75 years","All","All","Observed","72.1","757.8"
"NY","2021-22","2022-01-01","≥75 years","All","All","Observed","96.0","853.8"
"NY","2021-22","2022-01-08","≥75 years","All","All","Observed","140.7","994.5"
"NY","2021-22","2022-01-15","≥75 years","All","All","Observed","128.2","1122.7"
"NY","2021-22","2022-01-22","≥75 years","All","All","Observed","131.2","1253.8"
"NY","2021-22","2022-01-29","≥75 years","All","All","Observed","110.3","1364.1"
"NY","2021-22","2022-02-05","≥75 years","All","All","Observed","62.0","1426.1"
"NY","2021-22","2022-02-12","≥75 years","All","All","Observed","55.4","1481.6"
"NY","2021-22","2022-02-19","≥75 years","All","All","Observed","33.4","1515.0"
"NY","2021-22","2022-02-26","≥75 years","All","All","Observed","35.2","1550.1"
"NY","2021-22","2022-03-05","≥75 years","All","All","Observed","23.3","1573.4"
"NY","2021-22","2022-03-12","≥75 years","All","All","Observed","19.7","1593.1"
"NY","2021-22","2022-03-19","≥75 years","All","All","Observed","19.7","1612.7"
"NY","2021-22","2022-03-26","≥75 years","All","All","Observed","19.7","1632.4"
"NY","2021-22","2022-04-02","≥75 years","All","All","Observed","20.9","1653.3"
"NY","2021-22","2022-04-09","≥75 years","All","All","Observed","49.5","1702.8"
"NY","2021-22","2022-04-16","≥75 years","All","All","Observed","79.9","1782.7"
"NY","2021-22","2022-04-23","≥75 years","All","All","Observed","87.0","1869.7"
"NY","2021-22","2022-04-30","≥75 years","All","All","Observed","95.4","1965.1"
"NY","2021-22","2022-05-07","≥75 years","All","All","Observed","112.1","2077.2"
"NY","2021-22","2022-05-14","≥75 years","All","All","Observed","110.3","2187.5"
"NY","2021-22","2022-05-21","≥75 years","All","All","Observed","89.4","2276.9"
"NY","2021-22","2022-05-28","≥75 years","All","All","Observed","71.5","2348.5"
"NY","2021-22","2022-06-04","≥75 years","All","All","Observed","62.6","2411.1"
"NY","2021-22","2022-06-11","≥75 years","All","All","Observed","47.7","2458.8"
"NY","2021-22","2022-06-18","≥75 years","All","All","Observed","41.7","2500.5"
"NY","2021-22","2022-06-25","≥75 years","All","All","Observed","37.0","2537.5"
"NY","2021-22","2022-07-02","≥75 years","All","All","Observed","44.7","2582.2"
"NY","2021-22","2022-07-09","≥75 years","All","All","Observed","38.2","2620.3"
"NY","2021-22","2022-07-16","≥75 years","All","All","Observed","45.9","2666.2"
"NY","2021-22","2022-07-23","≥75 years","All","All","Observed","55.4","2721.7"
"NY","2021-22","2022-07-30","≥75 years","All","All","Observed","52.5","2774.2"
"NY","2021-22","2022-08-06","≥75 years","All","All","Observed","63.2","2837.3"
"NY","2021-22","2022-08-13","≥75 years","All","All","Observed","47.1","2884.4"
"NY","2021-22","2022-08-20","≥75 years","All","All","Observed","49.5","2933.9"
"NY","2021-22","2022-08-27","≥75 years","All","All","Observed","52.5","2986.4"
"NY","2021-22","2022-09-03","≥75 years","All","All","Observed","51.3","3037.7"
"NY","2021-22","2022-09-10","≥75 years","All","All","Observed","58.4","3096.1"
"NY","2021-22","2022-09-17","≥75 years","All","All","Observed","57.2","3153.3"
"NY","2021-22","2022-09-24","≥75 years","All","All","Observed","60.2","3213.6"
"NY","2021-22","2022-10-01","≥75 years","All","All","Observed","74.5","3288.1"
"UT","2021-22","2022-10-01","≥75 years","All","All","Observed","33.7","2183.3"
"TN","2021-22","2021-10-09","≥75 years","All","All","Observed","34.6","34.6"
"TN","2021-22","2021-10-16","≥75 years","All","All","Observed","39.0","73.6"
"TN","2021-22","2021-10-23","≥75 years","All","All","Observed","27.1","100.6"
"TN","2021-22","2021-10-30","≥75 years","All","All","Observed","8.7","109.3"
"TN","2021-22","2021-11-06","≥75 years","All","All","Observed","23.8","133.1"
"TN","2021-22","2021-11-13","≥75 years","All","All","Observed","20.6","153.7"
"TN","2021-22","2021-11-20","≥75 years","All","All","Observed","17.3","171.0"
"TN","2021-22","2021-11-27","≥75 years","All","All","Observed","27.1","198.0"
"TN","2021-22","2021-12-04","≥75 years","All","All","Observed","28.1","226.2"
"TN","2021-22","2021-12-11","≥75 years","All","All","Observed","48.7","274.9"
"TN","2021-22","2021-12-18","≥75 years","All","All","Observed","35.7","310.6"
"TN","2021-22","2021-12-25","≥75 years","All","All","Observed","44.4","354.9"
"TN","2021-22","2022-01-01","≥75 years","All","All","Observed","101.7","456.6"
"TN","2021-22","2022-01-08","≥75 years","All","All","Observed","142.8","599.5"
"TN","2021-22","2022-01-15","≥75 years","All","All","Observed","185.0","784.5"
"TN","2021-22","2022-01-22","≥75 years","All","All","Observed","154.7","939.3"
"TN","2021-22","2022-01-29","≥75 years","All","All","Observed","159.1","1098.3"
"TN","2021-22","2022-02-05","≥75 years","All","All","Observed","119.0","1217.4"
"TN","2021-22","2022-02-12","≥75 years","All","All","Observed","101.7","1319.1"
"TN","2021-22","2022-02-19","≥75 years","All","All","Observed","59.5","1378.6"
"TN","2021-22","2022-02-26","≥75 years","All","All","Observed","39.0","1417.5"
"TN","2021-22","2022-03-05","≥75 years","All","All","Observed","23.8","1441.4"
"TN","2021-22","2022-03-12","≥75 years","All","All","Observed","10.8","1452.2"
"TN","2021-22","2022-03-19","≥75 years","All","All","Observed","13.0","1465.2"
"TN","2021-22","2022-03-26","≥75 years","All","All","Observed","5.4","1470.6"
"TN","2021-22","2022-04-02","≥75 years","All","All","Observed","1.1","1471.7"
"TN","2021-22","2022-04-09","≥75 years","All","All","Observed","3.2","1474.9"
"TN","2021-22","2022-04-16","≥75 years","All","All","Observed","8.7","1483.6"
"TN","2021-22","2022-04-23","≥75 years","All","All","Observed","8.7","1492.2"
"TN","2021-22","2022-04-30","≥75 years","All","All","Observed","13.0","1505.2"
"TN","2021-22","2022-05-07","≥75 years","All","All","Observed","19.5","1524.7"
"TN","2021-22","2022-05-14","≥75 years","All","All","Observed","22.7","1547.4"
"TN","2021-22","2022-05-21","≥75 years","All","All","Observed","32.5","1579.9"
"TN","2021-22","2022-05-28","≥75 years","All","All","Observed","21.6","1601.5"
"TN","2021-22","2022-06-04","≥75 years","All","All","Observed","40.0","1641.5"
"TN","2021-22","2022-06-11","≥75 years","All","All","Observed","31.4","1672.9"
"TN","2021-22","2022-06-18","≥75 years","All","All","Observed","39.0","1711.9"
"TN","2021-22","2022-06-25","≥75 years","All","All","Observed","48.7","1760.6"
"TN","2021-22","2022-07-02","≥75 years","All","All","Observed","67.1","1827.7"
"TN","2021-22","2022-07-09","≥75 years","All","All","Observed","54.1","1881.8"
"TN","2021-22","2022-07-16","≥75 years","All","All","Observed","74.7","1956.4"
"TN","2021-22","2022-07-23","≥75 years","All","All","Observed","79.0","2035.4"
"TN","2021-22","2022-07-30","≥75 years","All","All","Observed","55.2","2090.6"
"TN","2021-22","2022-08-06","≥75 years","All","All","Observed","67.1","2157.7"
"TN","2021-22","2022-08-13","≥75 years","All","All","Observed","59.5","2217.2"
"TN","2021-22","2022-08-20","≥75 years","All","All","Observed","46.5","2263.8"
"TN","2021-22","2022-08-27","≥75 years","All","All","Observed","59.5","2323.3"
"TN","2021-22","2022-09-03","≥75 years","All","All","Observed","45.4","2368.7"
"TN","2021-22","2022-09-10","≥75 years","All","All","Observed","67.1","2435.8"
"TN","2021-22","2022-09-17","≥75 years","All","All","Observed","27.1","2462.9"
"TN","2021-22","2022-09-24","≥75 years","All","All","Observed","32.5","2495.3"
"CT","2021-22","2022-10-01","≥75 years","All","All","Observed","63.9","3469.2"
"CT","2021-22","2022-09-24","≥75 years","All","All","Observed","95.3","3405.2"
"CT","2021-22","2022-09-17","≥75 years","All","All","Observed","86.5","3309.9"
"CT","2021-22","2022-09-10","≥75 years","All","All","Observed","66.4","3223.4"
"CT","2021-22","2022-09-03","≥75 years","All","All","Observed","71.5","3157.0"
"CT","2021-22","2022-08-27","≥75 years","All","All","Observed","96.5","3085.5"
"CT","2021-22","2022-08-20","≥75 years","All","All","Observed","77.7","2989.0"
"CT","2021-22","2022-08-13","≥75 years","All","All","Observed","70.2","2911.2"
"CT","2021-22","2022-08-06","≥75 years","All","All","Observed","94.0","2841.0"
"CT","2021-22","2022-07-30","≥75 years","All","All","Observed","91.5","2747.0"
"CT","2021-22","2022-07-23","≥75 years","All","All","Observed","65.2","2655.5"
"CT","2021-22","2022-07-16","≥75 years","All","All","Observed","66.4","2590.3"
"CT","2021-22","2022-07-09","≥75 years","All","All","Observed","70.2","2523.8"
"CT","2021-22","2022-07-02","≥75 years","All","All","Observed","42.6","2453.6"
"CT","2021-22","2022-06-25","≥75 years","All","All","Observed","65.2","2411.0"
"CT","2021-22","2022-06-18","≥75 years","All","All","Observed","61.4","2345.8"
"CT","2021-22","2022-06-11","≥75 years","All","All","Observed","43.9","2284.4"
"CT","2021-22","2022-06-04","≥75 years","All","All","Observed","45.1","2240.5"
"CT","2021-22","2022-05-28","≥75 years","All","All","Observed","57.7","2195.3"
"CT","2021-22","2022-05-21","≥75 years","All","All","Observed","74.0","2137.7"
"CT","2021-22","2022-05-14","≥75 years","All","All","Observed","87.8","2063.7"
"CT","2021-22","2022-05-07","≥75 years","All","All","Observed","53.9","1975.9"
"CT","2021-22","2022-04-30","≥75 years","All","All","Observed","55.2","1922.0"
"CT","2021-22","2022-04-23","≥75 years","All","All","Observed","35.1","1866.9"
"CT","2021-22","2022-04-16","≥75 years","All","All","Observed","35.1","1831.7"
"CT","2021-22","2022-04-09","≥75 years","All","All","Observed","26.3","1796.6"
"CT","2021-22","2022-04-02","≥75 years","All","All","Observed","15.0","1770.3"
"CT","2021-22","2022-03-26","≥75 years","All","All","Observed","13.8","1755.3"
"CT","2021-22","2022-03-19","≥75 years","All","All","Observed","18.8","1741.5"
"CT","2021-22","2022-03-12","≥75 years","All","All","Observed","17.6","1722.7"
"CT","2021-22","2022-03-05","≥75 years","All","All","Observed","32.6","1705.1"
"CT","2021-22","2022-02-26","≥75 years","All","All","Observed","32.6","1672.5"
"CT","2021-22","2022-02-19","≥75 years","All","All","Observed","28.8","1639.9"
"CT","2021-22","2022-02-12","≥75 years","All","All","Observed","62.7","1611.1"
"CT","2021-22","2022-02-05","≥75 years","All","All","Observed","95.3","1548.4"
"CT","2021-22","2022-01-29","≥75 years","All","All","Observed","134.2","1453.1"
"CT","2021-22","2022-01-22","≥75 years","All","All","Observed","183.0","1319.0"
"CT","2021-22","2022-01-15","≥75 years","All","All","Observed","243.2","1135.9"
"CT","2021-22","2022-01-08","≥75 years","All","All","Observed","253.3","892.7"
"CT","2021-22","2022-01-01","≥75 years","All","All","Observed","196.8","639.4"
"CT","2021-22","2021-12-25","≥75 years","All","All","Observed","77.7","442.6"
"CT","2021-22","2021-12-18","≥75 years","All","All","Observed","89.0","364.8"
"CT","2021-22","2021-12-11","≥75 years","All","All","Observed","58.9","275.8"
"CT","2021-22","2021-12-04","≥75 years","All","All","Observed","36.4","216.9"
"CT","2021-22","2021-11-27","≥75 years","All","All","Observed","35.1","180.5"
"CT","2021-22","2021-11-20","≥75 years","All","All","Observed","22.6","145.4"
"CT","2021-22","2021-11-13","≥75 years","All","All","Observed","25.1","122.9"
"CT","2021-22","2021-11-06","≥75 years","All","All","Observed","21.3","97.8"
"CT","2021-22","2021-10-30","≥75 years","All","All","Observed","21.3","76.5"
"CT","2021-22","2021-10-23","≥75 years","All","All","Observed","13.8","55.2"
"CT","2021-22","2021-10-16","≥75 years","All","All","Observed","21.3","41.4"
"CT","2021-22","2021-10-09","≥75 years","All","All","Observed","20.1","20.1"
"OH","2021-22","2021-10-09","≥75 years","All","All","Observed","43.3","43.3"
"OH","2021-22","2021-10-16","≥75 years","All","All","Observed","29.8","73.1"
"OH","2021-22","2021-10-23","≥75 years","All","All","Observed","28.0","101.0"
"OH","2021-22","2021-10-30","≥75 years","All","All","Observed","21.6","122.7"
"OH","2021-22","2021-11-06","≥75 years","All","All","Observed","24.4","147.0"
"OH","2021-22","2021-11-13","≥75 years","All","All","Observed","35.2","182.2"
"OH","2021-22","2021-11-20","≥75 years","All","All","Observed","32.5","214.7"
"OH","2021-22","2021-11-27","≥75 years","All","All","Observed","32.5","247.2"
"OH","2021-22","2021-12-04","≥75 years","All","All","Observed","44.2","291.4"
"OH","2021-22","2021-12-11","≥75 years","All","All","Observed","52.3","343.7"
"OH","2021-22","2021-12-18","≥75 years","All","All","Observed","59.5","403.2"
"OH","2021-22","2021-12-25","≥75 years","All","All","Observed","49.6","452.8"
"OH","2021-22","2022-01-01","≥75 years","All","All","Observed","60.4","513.2"
"OH","2021-22","2022-01-08","≥75 years","All","All","Observed","92.9","606.2"
"OH","2021-22","2022-01-15","≥75 years","All","All","Observed","77.6","683.7"
"OH","2021-22","2022-01-22","≥75 years","All","All","Observed","67.7","751.4"
"OH","2021-22","2022-01-29","≥75 years","All","All","Observed","74.0","825.3"
"OH","2021-22","2022-02-05","≥75 years","All","All","Observed","50.5","875.9"
"OH","2021-22","2022-02-12","≥75 years","All","All","Observed","39.7","915.5"
"OH","2021-22","2022-02-19","≥75 years","All","All","Observed","24.4","939.9"
"OH","2021-22","2022-02-26","≥75 years","All","All","Observed","21.6","961.5"
"OH","2021-22","2022-03-05","≥75 years","All","All","Observed","18.0","979.6"
"OH","2021-22","2022-03-12","≥75 years","All","All","Observed","10.8","990.4"
"OH","2021-22","2022-03-19","≥75 years","All","All","Observed","19.8","1010.3"
"OH","2021-22","2022-03-26","≥75 years","All","All","Observed","12.6","1022.9"
"OH","2021-22","2022-04-02","≥75 years","All","All","Observed","9.9","1032.8"
"OH","2021-22","2022-04-09","≥75 years","All","All","Observed","14.4","1047.2"
"OH","2021-22","2022-04-16","≥75 years","All","All","Observed","19.8","1067.1"
"OH","2021-22","2022-04-23","≥75 years","All","All","Observed","25.3","1092.3"
"OH","2021-22","2022-04-30","≥75 years","All","All","Observed","26.2","1118.5"
"OH","2021-22","2022-05-07","≥75 years","All","All","Observed","41.5","1160.0"
"OH","2021-22","2022-05-14","≥75 years","All","All","Observed","22.6","1182.5"
"OH","2021-22","2022-05-21","≥75 years","All","All","Observed","41.5","1224.0"
"OH","2021-22","2022-05-28","≥75 years","All","All","Observed","30.7","1254.7"
"OH","2021-22","2022-06-04","≥75 years","All","All","Observed","41.5","1296.2"
"OH","2021-22","2022-06-11","≥75 years","All","All","Observed","46.9","1343.1"
"OH","2021-22","2022-06-18","≥75 years","All","All","Observed","34.3","1377.4"
"OH","2021-22","2022-06-25","≥75 years","All","All","Observed","45.1","1422.5"
"OH","2021-22","2022-07-02","≥75 years","All","All","Observed","50.5","1473.0"
"OH","2021-22","2022-07-09","≥75 years","All","All","Observed","66.7","1539.7"
"OH","2021-22","2022-07-16","≥75 years","All","All","Observed","56.8","1596.6"
"OH","2021-22","2022-07-23","≥75 years","All","All","Observed","55.0","1651.6"
"OH","2021-22","2022-07-30","≥75 years","All","All","Observed","53.2","1704.8"
"OH","2021-22","2022-08-06","≥75 years","All","All","Observed","83.0","1787.8"
"OH","2021-22","2022-08-13","≥75 years","All","All","Observed","77.6","1865.4"
"OH","2021-22","2022-08-20","≥75 years","All","All","Observed","83.9","1949.3"
"OH","2021-22","2022-08-27","≥75 years","All","All","Observed","55.9","2005.2"
"OH","2021-22","2022-09-03","≥75 years","All","All","Observed","55.9","2061.1"
"OH","2021-22","2022-09-10","≥75 years","All","All","Observed","56.8","2117.9"
"OH","2021-22","2022-09-17","≥75 years","All","All","Observed","56.8","2174.8"
"OH","2021-22","2022-09-24","≥75 years","All","All","Observed","50.5","2225.3"
"OH","2021-22","2022-10-01","≥75 years","All","All","Observed","44.2","2269.5"
"TN","2021-22","2022-10-01","≥75 years","All","All","Observed","27.1","2522.4"
"UT","2021-22","2021-10-09","≥75 years","All","All","Observed","55.6","55.6"
"UT","2021-22","2021-10-16","≥75 years","All","All","Observed","39.7","95.3"
"UT","2021-22","2021-10-23","≥75 years","All","All","Observed","37.7","133.0"
"UT","2021-22","2021-10-30","≥75 years","All","All","Observed","41.7","174.7"
"UT","2021-22","2021-11-06","≥75 years","All","All","Observed","33.7","208.4"
"UT","2021-22","2021-11-13","≥75 years","All","All","Observed","39.7","248.1"
"UT","2021-22","2021-11-20","≥75 years","All","All","Observed","41.7","289.8"
"UT","2021-22","2021-11-27","≥75 years","All","All","Observed","29.8","319.6"
"UT","2021-22","2021-12-04","≥75 years","All","All","Observed","37.7","357.3"
"UT","2021-22","2021-12-11","≥75 years","All","All","Observed","45.7","402.9"
"UT","2021-22","2021-12-18","≥75 years","All","All","Observed","25.8","428.7"
"UT","2021-22","2021-12-25","≥75 years","All","All","Observed","23.8","452.5"
"UT","2021-22","2022-01-01","≥75 years","All","All","Observed","33.7","486.3"
"UT","2021-22","2022-01-08","≥75 years","All","All","Observed","81.4","567.7"
"UT","2021-22","2022-01-15","≥75 years","All","All","Observed","113.1","680.8"
"UT","2021-22","2022-01-22","≥75 years","All","All","Observed","119.1","799.9"
"UT","2021-22","2022-01-29","≥75 years","All","All","Observed","113.1","913.0"
"UT","2021-22","2022-02-05","≥75 years","All","All","Observed","99.2","1012.3"
"UT","2021-22","2022-02-12","≥75 years","All","All","Observed","57.6","1069.8"
"UT","2021-22","2022-02-19","≥75 years","All","All","Observed","41.7","1111.5"
"UT","2021-22","2022-02-26","≥75 years","All","All","Observed","39.7","1151.2"
"UT","2021-22","2022-03-05","≥75 years","All","All","Observed","17.9","1169.1"
"UT","2021-22","2022-03-12","≥75 years","All","All","Observed","15.9","1184.9"
"UT","2021-22","2022-03-19","≥75 years","All","All","Observed","15.9","1200.8"
"UT","2021-22","2022-03-26","≥75 years","All","All","Observed","9.9","1210.7"
"UT","2021-22","2022-04-02","≥75 years","All","All","Observed","11.9","1222.7"
"UT","2021-22","2022-04-09","≥75 years","All","All","Observed","7.9","1230.6"
"UT","2021-22","2022-04-16","≥75 years","All","All","Observed","13.9","1244.5"
"UT","2021-22","2022-04-23","≥75 years","All","All","Observed","13.9","1258.4"
"UT","2021-22","2022-04-30","≥75 years","All","All","Observed","27.8","1286.2"
"UT","2021-22","2022-05-07","≥75 years","All","All","Observed","27.8","1314.0"
"UT","2021-22","2022-05-14","≥75 years","All","All","Observed","31.8","1345.7"
"UT","2021-22","2022-05-21","≥75 years","All","All","Observed","31.8","1377.5"
"UT","2021-22","2022-05-28","≥75 years","All","All","Observed","47.6","1425.1"
"UT","2021-22","2022-06-04","≥75 years","All","All","Observed","49.6","1474.7"
"UT","2021-22","2022-06-11","≥75 years","All","All","Observed","51.6","1526.3"
"UT","2021-22","2022-06-18","≥75 years","All","All","Observed","47.6","1574.0"
"UT","2021-22","2022-06-25","≥75 years","All","All","Observed","59.5","1633.5"
"UT","2021-22","2022-07-02","≥75 years","All","All","Observed","83.4","1716.9"
"UT","2021-22","2022-07-09","≥75 years","All","All","Observed","57.6","1774.4"
"UT","2021-22","2022-07-16","≥75 years","All","All","Observed","41.7","1816.1"
"UT","2021-22","2022-07-23","≥75 years","All","All","Observed","39.7","1855.8"
"UT","2021-22","2022-07-30","≥75 years","All","All","Observed","45.7","1901.5"
"UT","2021-22","2022-08-06","≥75 years","All","All","Observed","39.7","1941.2"
"UT","2021-22","2022-08-13","≥75 years","All","All","Observed","33.7","1974.9"
"UT","2021-22","2022-08-20","≥75 years","All","All","Observed","19.8","1994.8"
"UT","2021-22","2022-08-27","≥75 years","All","All","Observed","39.7","2034.5"
"UT","2021-22","2022-09-03","≥75 years","All","All","Observed","27.8","2062.2"
"UT","2021-22","2022-09-10","≥75 years","All","All","Observed","27.8","2090.0"
"UT","2021-22","2022-09-17","≥75 years","All","All","Observed","33.7","2123.8"
"UT","2021-22","2022-09-24","≥75 years","All","All","Observed","25.8","2149.6"
"All","2021-22","2022-10-01","≥75 years","All","All","Observed","39.8","2504.5"
"All","2021-22","2022-09-24","≥75 years","All","All","Observed","41.1","2464.7"
"All","2021-22","2022-09-17","≥75 years","All","All","Observed","40.6","2423.6"
"All","2021-22","2022-09-10","≥75 years","All","All","Observed","44.6","2383.0"
"All","2021-22","2022-09-03","≥75 years","All","All","Observed","44.9","2338.4"
"All","2021-22","2022-08-27","≥75 years","All","All","Observed","49.5","2293.5"
"All","2021-22","2022-08-20","≥75 years","All","All","Observed","49.4","2243.9"
"All","2021-22","2022-08-13","≥75 years","All","All","Observed","53.1","2194.5"
"All","2021-22","2022-08-06","≥75 years","All","All","Observed","60.0","2141.5"
"All","2021-22","2022-07-30","≥75 years","All","All","Observed","56.9","2081.4"
"All","2021-22","2022-07-23","≥75 years","All","All","Observed","58.0","2024.5"
"All","2021-22","2022-07-16","≥75 years","All","All","Observed","54.2","1966.5"
"All","2021-22","2022-07-09","≥75 years","All","All","Observed","53.4","1912.3"
"All","2021-22","2022-07-02","≥75 years","All","All","Observed","49.9","1859.0"
"All","2021-22","2022-06-25","≥75 years","All","All","Observed","50.3","1809.1"
"All","2021-22","2022-06-18","≥75 years","All","All","Observed","45.0","1758.8"
"All","2021-22","2022-06-11","≥75 years","All","All","Observed","45.5","1713.8"
"All","2021-22","2022-06-04","≥75 years","All","All","Observed","45.8","1668.3"
"All","2021-22","2022-05-28","≥75 years","All","All","Observed","46.3","1622.5"
"All","2021-22","2022-05-21","≥75 years","All","All","Observed","47.3","1576.3"
"All","2021-22","2022-05-14","≥75 years","All","All","Observed","46.0","1529.0"
"All","2021-22","2022-05-07","≥75 years","All","All","Observed","39.8","1483.0"
"All","2021-22","2022-04-30","≥75 years","All","All","Observed","31.3","1443.2"
"All","2021-22","2022-04-23","≥75 years","All","All","Observed","24.8","1412.0"
"All","2021-22","2022-04-16","≥75 years","All","All","Observed","19.3","1387.2"
"All","2021-22","2022-04-09","≥75 years","All","All","Observed","15.1","1367.9"
"All","2021-22","2022-04-02","≥75 years","All","All","Observed","10.4","1352.8"
"All","2021-22","2022-03-26","≥75 years","All","All","Observed","11.0","1342.4"
"All","2021-22","2022-03-19","≥75 years","All","All","Observed","14.1","1331.4"
"All","2021-22","2022-03-12","≥75 years","All","All","Observed","15.9","1317.3"
"All","2021-22","2022-03-05","≥75 years","All","All","Observed","21.2","1301.4"
"All","2021-22","2022-02-26","≥75 years","All","All","Observed","28.7","1280.1"
"All","2021-22","2022-02-19","≥75 years","All","All","Observed","34.5","1251.5"
"All","2021-22","2022-02-12","≥75 years","All","All","Observed","54.3","1217.0"
"All","2021-22","2022-02-05","≥75 years","All","All","Observed","72.3","1162.7"
"All","2021-22","2022-01-29","≥75 years","All","All","Observed","97.6","1090.4"
"All","2021-22","2022-01-22","≥75 years","All","All","Observed","125.4","992.8"
"All","2021-22","2022-01-15","≥75 years","All","All","Observed","143.2","867.4"
"All","2021-22","2022-01-08","≥75 years","All","All","Observed","140.7","724.2"
"All","2021-22","2022-01-01","≥75 years","All","All","Observed","103.1","583.5"
"All","2021-22","2021-12-25","≥75 years","All","All","Observed","56.3","480.5"
"All","2021-22","2021-12-18","≥75 years","All","All","Observed","48.2","424.1"
"All","2021-22","2021-12-11","≥75 years","All","All","Observed","50.4","375.9"
"All","2021-22","2021-12-04","≥75 years","All","All","Observed","46.8","325.5"
"All","2021-22","2021-11-27","≥75 years","All","All","Observed","42.1","278.7"
"All","2021-22","2021-11-20","≥75 years","All","All","Observed","38.7","236.6"
"All","2021-22","2021-11-13","≥75 years","All","All","Observed","37.1","197.9"
"All","2021-22","2021-11-06","≥75 years","All","All","Observed","31.6","160.8"
"All","2021-22","2021-10-30","≥75 years","All","All","Observed","31.1","129.2"
"All","2021-22","2021-10-23","≥75 years","All","All","Observed","32.0","98.1"
"All","2021-22","2021-10-16","≥75 years","All","All","Observed","32.2","66.1"
"All","2021-22","2021-10-09","≥75 years","All","All","Observed","33.8","33.8"
"OR","2021-22","2021-10-09","≥75 years","All","All","Observed","14.4","14.4"
"OR","2021-22","2021-10-16","≥75 years","All","All","Observed","21.1","35.4"
"OR","2021-22","2021-10-23","≥75 years","All","All","Observed","29.7","65.1"
"OR","2021-22","2021-10-30","≥75 years","All","All","Observed","25.9","91.0"
"OR","2021-22","2021-11-06","≥75 years","All","All","Observed","23.9","114.9"
"OR","2021-22","2021-11-13","≥75 years","All","All","Observed","20.1","135.0"
"OR","2021-22","2021-11-20","≥75 years","All","All","Observed","21.1","156.1"
"OR","2021-22","2021-11-27","≥75 years","All","All","Observed","23.0","179.1"
"OR","2021-22","2021-12-04","≥75 years","All","All","Observed","23.0","202.1"
"OR","2021-22","2021-12-11","≥75 years","All","All","Observed","14.4","216.4"
"OR","2021-22","2021-12-18","≥75 years","All","All","Observed","17.2","233.7"
"OR","2021-22","2021-12-25","≥75 years","All","All","Observed","18.2","251.9"
"OR","2021-22","2022-01-01","≥75 years","All","All","Observed","43.1","295.0"
"OR","2021-22","2022-01-08","≥75 years","All","All","Observed","65.1","360.1"
"OR","2021-22","2022-01-15","≥75 years","All","All","Observed","72.8","432.9"
"OR","2021-22","2022-01-22","≥75 years","All","All","Observed","91.0","523.8"
"OR","2021-22","2022-01-29","≥75 years","All","All","Observed","80.4","604.3"
"OR","2021-22","2022-02-05","≥75 years","All","All","Observed","71.8","676.1"
"OR","2021-22","2022-02-12","≥75 years","All","All","Observed","64.2","740.3"
"MI","2021-22","2022-02-12","≥75 years","All","All","Observed","69.7","1602.8"
"MI","2021-22","2022-02-05","≥75 years","All","All","Observed","68.5","1533.1"
"MI","2021-22","2022-01-29","≥75 years","All","All","Observed","82.4","1464.6"
"MI","2021-22","2022-01-22","≥75 years","All","All","Observed","109.1","1382.2"
"MI","2021-22","2022-01-15","≥75 years","All","All","Observed","121.7","1273.1"
"MI","2021-22","2022-01-08","≥75 years","All","All","Observed","136.9","1151.4"
"MI","2021-22","2022-01-01","≥75 years","All","All","Observed","72.3","1014.4"
"MI","2021-22","2021-12-25","≥75 years","All","All","Observed","79.9","942.2"
"MI","2021-22","2021-12-18","≥75 years","All","All","Observed","77.4","862.3"
"MI","2021-22","2021-12-11","≥75 years","All","All","Observed","110.3","784.9"
"MI","2021-22","2021-12-04","≥75 years","All","All","Observed","128.1","674.6"
"MI","2021-22","2021-11-27","≥75 years","All","All","Observed","104.0","546.5"
"MI","2021-22","2021-11-20","≥75 years","All","All","Observed","96.4","442.6"
"MI","2021-22","2021-11-13","≥75 years","All","All","Observed","78.6","346.2"
"MI","2021-22","2021-11-06","≥75 years","All","All","Observed","73.5","267.6"
"MI","2021-22","2021-10-30","≥75 years","All","All","Observed","49.5","194.0"
"MI","2021-22","2021-10-23","≥75 years","All","All","Observed","50.7","144.6"
"MI","2021-22","2021-10-16","≥75 years","All","All","Observed","53.3","93.8"
"MI","2021-22","2021-10-09","≥75 years","All","All","Observed","40.6","40.6"
"MI","2021-22","2022-02-19","≥75 years","All","All","Observed","41.8","1644.7"
"MI","2021-22","2022-02-26","≥75 years","All","All","Observed","36.8","1681.4"
"MI","2021-22","2022-03-05","≥75 years","All","All","Observed","24.1","1705.5"
"MI","2021-22","2022-03-12","≥75 years","All","All","Observed","12.7","1718.2"
"MI","2021-22","2022-03-19","≥75 years","All","All","Observed","16.5","1734.7"
"MI","2021-22","2022-03-26","≥75 years","All","All","Observed","16.5","1751.2"
"MI","2021-22","2022-04-02","≥75 years","All","All","Observed","8.9","1760.1"
"MI","2021-22","2022-04-09","≥75 years","All","All","Observed","15.2","1775.3"
"MI","2021-22","2022-04-16","≥75 years","All","All","Observed","13.9","1789.2"
"MI","2021-22","2022-04-23","≥75 years","All","All","Observed","30.4","1819.7"
"MI","2021-22","2022-04-30","≥75 years","All","All","Observed","33.0","1852.6"
"MI","2021-22","2022-05-07","≥75 years","All","All","Observed","36.8","1889.4"
"MI","2021-22","2022-05-14","≥75 years","All","All","Observed","60.9","1950.3"
"MI","2021-22","2022-05-21","≥75 years","All","All","Observed","34.2","1984.5"
"MI","2021-22","2022-05-28","≥75 years","All","All","Observed","44.4","2028.9"
"MI","2021-22","2022-06-04","≥75 years","All","All","Observed","38.0","2066.9"
"MI","2021-22","2022-06-11","≥75 years","All","All","Observed","31.7","2098.6"
"MI","2021-22","2022-06-18","≥75 years","All","All","Observed","25.4","2124.0"
"MI","2021-22","2022-06-25","≥75 years","All","All","Observed","36.8","2160.8"
"MI","2021-22","2022-07-02","≥75 years","All","All","Observed","22.8","2183.6"
"MI","2021-22","2022-07-09","≥75 years","All","All","Observed","29.2","2212.8"
"MI","2021-22","2022-07-16","≥75 years","All","All","Observed","39.3","2252.1"
"MI","2021-22","2022-07-23","≥75 years","All","All","Observed","43.1","2295.2"
"MI","2021-22","2022-07-30","≥75 years","All","All","Observed","48.2","2343.4"
"MI","2021-22","2022-08-06","≥75 years","All","All","Observed","53.3","2396.6"
"MI","2021-22","2022-08-13","≥75 years","All","All","Observed","44.4","2441.0"
"MI","2021-22","2022-08-20","≥75 years","All","All","Observed","71.0","2512.0"
"MI","2021-22","2022-08-27","≥75 years","All","All","Observed","64.7","2576.7"
"MI","2021-22","2022-09-03","≥75 years","All","All","Observed","45.6","2622.3"
"MI","2021-22","2022-09-10","≥75 years","All","All","Observed","46.9","2669.3"
"MI","2021-22","2022-09-17","≥75 years","All","All","Observed","55.8","2725.0"
"MI","2021-22","2022-09-24","≥75 years","All","All","Observed","64.7","2789.7"
"MI","2021-22","2022-10-01","≥75 years","All","All","Observed","50.7","2840.4"
"MN","2021-22","2021-10-09","≥75 years","All","All","Observed","38.8","38.8"
"MN","2021-22","2021-10-16","≥75 years","All","All","Observed","38.8","77.6"
"MN","2021-22","2021-10-23","≥75 years","All","All","Observed","37.1","114.8"
"MN","2021-22","2021-10-30","≥75 years","All","All","Observed","44.9","159.7"
"MN","2021-22","2021-11-06","≥75 years","All","All","Observed","60.4","220.1"
"MN","2021-22","2021-11-13","≥75 years","All","All","Observed","85.9","306.1"
"MN","2021-22","2021-11-20","≥75 years","All","All","Observed","68.2","374.3"
"MN","2021-22","2021-11-27","≥75 years","All","All","Observed","79.3","453.6"
"MN","2021-22","2021-12-04","≥75 years","All","All","Observed","90.4","543.9"
"MN","2021-22","2021-12-11","≥75 years","All","All","Observed","67.1","611.0"
"MN","2021-22","2021-12-18","≥75 years","All","All","Observed","52.1","663.1"
"MN","2021-22","2021-12-25","≥75 years","All","All","Observed","48.2","711.4"
"MN","2021-22","2022-01-01","≥75 years","All","All","Observed","57.7","769.0"
"MN","2021-22","2022-01-08","≥75 years","All","All","Observed","79.8","848.9"
"MN","2021-22","2022-01-15","≥75 years","All","All","Observed","97.6","946.5"
"MN","2021-22","2022-01-22","≥75 years","All","All","Observed","92.0","1038.5"
"MN","2021-22","2022-01-29","≥75 years","All","All","Observed","71.5","1110.0"
"MN","2021-22","2022-02-05","≥75 years","All","All","Observed","54.9","1164.9"
"MN","2021-22","2022-02-12","≥75 years","All","All","Observed","42.7","1207.6"
"OR","2021-22","2022-02-19","≥75 years","All","All","Observed","45.0","785.3"
"OR","2021-22","2022-02-26","≥75 years","All","All","Observed","34.5","819.8"
"OR","2021-22","2022-03-05","≥75 years","All","All","Observed","31.6","851.4"
"OR","2021-22","2022-03-12","≥75 years","All","All","Observed","24.9","876.3"
"OR","2021-22","2022-03-19","≥75 years","All","All","Observed","21.1","897.3"
"OR","2021-22","2022-03-26","≥75 years","All","All","Observed","11.5","908.8"
"OR","2021-22","2022-04-02","≥75 years","All","All","Observed","8.6","917.4"
"OR","2021-22","2022-04-09","≥75 years","All","All","Observed","11.5","928.9"
"OR","2021-22","2022-04-16","≥75 years","All","All","Observed","13.4","942.3"
"OR","2021-22","2022-04-23","≥75 years","All","All","Observed","22.0","964.4"
"OR","2021-22","2022-04-30","≥75 years","All","All","Observed","33.5","997.9"
"OR","2021-22","2022-05-07","≥75 years","All","All","Observed","40.2","1038.1"
"OR","2021-22","2022-05-14","≥75 years","All","All","Observed","47.9","1086.0"
"OR","2021-22","2022-05-21","≥75 years","All","All","Observed","59.4","1145.4"
"OR","2021-22","2022-05-28","≥75 years","All","All","Observed","52.7","1198.0"
"OR","2021-22","2022-06-04","≥75 years","All","All","Observed","56.5","1254.5"
"OR","2021-22","2022-06-11","≥75 years","All","All","Observed","45.0","1299.5"
"OR","2021-22","2022-06-18","≥75 years","All","All","Observed","44.1","1343.6"
"OR","2021-22","2022-06-25","≥75 years","All","All","Observed","55.5","1399.1"
"OR","2021-22","2022-07-02","≥75 years","All","All","Observed","51.7","1450.8"
"OR","2021-22","2022-07-09","≥75 years","All","All","Observed","43.1","1493.9"
"OR","2021-22","2022-07-16","≥75 years","All","All","Observed","48.8","1542.8"
"OR","2021-22","2022-07-23","≥75 years","All","All","Observed","56.5","1599.3"
"OR","2021-22","2022-07-30","≥75 years","All","All","Observed","54.6","1653.9"
"OR","2021-22","2022-08-06","≥75 years","All","All","Observed","53.6","1707.5"
"OR","2021-22","2022-08-13","≥75 years","All","All","Observed","46.9","1754.4"
"OR","2021-22","2022-08-20","≥75 years","All","All","Observed","50.8","1805.2"
"OR","2021-22","2022-08-27","≥75 years","All","All","Observed","36.4","1841.6"
"OR","2021-22","2022-09-03","≥75 years","All","All","Observed","36.4","1878.0"
"OR","2021-22","2022-09-10","≥75 years","All","All","Observed","33.5","1911.5"
"OR","2021-22","2022-09-17","≥75 years","All","All","Observed","34.5","1946.0"
"OR","2021-22","2022-09-24","≥75 years","All","All","Observed","35.4","1981.4"
"OR","2021-22","2022-10-01","≥75 years","All","All","Observed","40.2","2021.6"
"CA","2021-22","2022-10-01","≥75 years","All","All","Observed","30.4","2201.8"
"CA","2021-22","2022-09-24","≥75 years","All","All","Observed","27.8","2171.4"
"CA","2021-22","2022-09-17","≥75 years","All","All","Observed","35.8","2143.6"
"CA","2021-22","2022-09-10","≥75 years","All","All","Observed","45.1","2107.8"
"CA","2021-22","2022-09-03","≥75 years","All","All","Observed","40.9","2062.7"
"CA","2021-22","2022-08-27","≥75 years","All","All","Observed","38.4","2021.8"
"CA","2021-22","2022-08-20","≥75 years","All","All","Observed","46.8","1983.4"
"CA","2021-22","2022-08-13","≥75 years","All","All","Observed","59.0","1936.6"
"CA","2021-22","2022-08-06","≥75 years","All","All","Observed","66.6","1877.6"
"CA","2021-22","2022-07-30","≥75 years","All","All","Observed","75.0","1811.0"
"CA","2021-22","2022-07-23","≥75 years","All","All","Observed","74.6","1736.0"
"CA","2021-22","2022-07-16","≥75 years","All","All","Observed","73.4","1661.3"
"CA","2021-22","2022-07-09","≥75 years","All","All","Observed","67.4","1588.0"
"CA","2021-22","2022-07-02","≥75 years","All","All","Observed","68.7","1520.5"
"CA","2021-22","2022-06-25","≥75 years","All","All","Observed","78.0","1451.8"
"CA","2021-22","2022-06-18","≥75 years","All","All","Observed","58.6","1373.8"
"CA","2021-22","2022-06-11","≥75 years","All","All","Observed","54.4","1315.3"
"CA","2021-22","2022-06-04","≥75 years","All","All","Observed","62.4","1260.9"
"CA","2021-22","2022-05-28","≥75 years","All","All","Observed","54.8","1198.5"
"MD","2021-22","2022-10-01","≥75 years","All","All","Observed","29.3","2118.0"
"MD","2021-22","2022-09-24","≥75 years","All","All","Observed","36.4","2088.7"
"MD","2021-22","2022-09-17","≥75 years","All","All","Observed","29.1","2052.3"
"MD","2021-22","2022-09-10","≥75 years","All","All","Observed","34.6","2023.2"
"MD","2021-22","2022-09-03","≥75 years","All","All","Observed","39.1","1988.6"
"MD","2021-22","2022-08-27","≥75 years","All","All","Observed","39.9","1949.5"
"MD","2021-22","2022-08-20","≥75 years","All","All","Observed","38.4","1909.6"
"MD","2021-22","2022-08-13","≥75 years","All","All","Observed","42.9","1871.2"
"MD","2021-22","2022-08-06","≥75 years","All","All","Observed","53.9","1828.3"
"MD","2021-22","2022-07-30","≥75 years","All","All","Observed","45.4","1774.4"
"MD","2021-22","2022-07-23","≥75 years","All","All","Observed","45.2","1729.0"
"MD","2021-22","2022-07-16","≥75 years","All","All","Observed","40.4","1683.8"
"MD","2021-22","2022-07-09","≥75 years","All","All","Observed","42.1","1643.5"
"MD","2021-22","2022-07-02","≥75 years","All","All","Observed","35.4","1601.3"
"MD","2021-22","2022-06-25","≥75 years","All","All","Observed","37.1","1566.0"
"MD","2021-22","2022-06-18","≥75 years","All","All","Observed","36.6","1528.8"
"MD","2021-22","2022-06-11","≥75 years","All","All","Observed","34.1","1492.2"
"MD","2021-22","2022-06-04","≥75 years","All","All","Observed","31.1","1458.1"
"MD","2021-22","2022-05-28","≥75 years","All","All","Observed","40.4","1427.0"
"MD","2021-22","2022-05-21","≥75 years","All","All","Observed","44.9","1386.6"
"MD","2021-22","2022-05-14","≥75 years","All","All","Observed","34.9","1341.7"
"MD","2021-22","2022-05-07","≥75 years","All","All","Observed","28.8","1306.8"
"MD","2021-22","2022-04-30","≥75 years","All","All","Observed","18.3","1278.0"
"MD","2021-22","2022-04-23","≥75 years","All","All","Observed","16.6","1259.7"
"MD","2021-22","2022-04-16","≥75 years","All","All","Observed","10.5","1243.1"
"MD","2021-22","2022-04-09","≥75 years","All","All","Observed","9.3","1232.6"
"MD","2021-22","2022-04-02","≥75 years","All","All","Observed","7.8","1223.3"
"MD","2021-22","2022-03-26","≥75 years","All","All","Observed","6.0","1215.5"
"MD","2021-22","2022-03-19","≥75 years","All","All","Observed","6.5","1209.5"
"MD","2021-22","2022-03-12","≥75 years","All","All","Observed","12.8","1203.0"
"MD","2021-22","2022-03-05","≥75 years","All","All","Observed","11.3","1190.2"
"MD","2021-22","2022-02-26","≥75 years","All","All","Observed","15.3","1178.9"
"MD","2021-22","2022-02-19","≥75 years","All","All","Observed","22.8","1163.6"
"MD","2021-22","2022-02-12","≥75 years","All","All","Observed","29.3","1140.8"
"MD","2021-22","2022-02-05","≥75 years","All","All","Observed","52.7","1111.4"
"MD","2021-22","2022-01-29","≥75 years","All","All","Observed","67.2","1058.8"
"MD","2021-22","2022-01-22","≥75 years","All","All","Observed","121.2","991.5"
"MD","2021-22","2022-01-15","≥75 years","All","All","Observed","156.3","870.4"
"MD","2021-22","2022-01-08","≥75 years","All","All","Observed","173.3","714.1"
"MD","2021-22","2022-01-01","≥75 years","All","All","Observed","143.0","540.8"
"MD","2021-22","2021-12-25","≥75 years","All","All","Observed","72.7","397.8"
"MD","2021-22","2021-12-18","≥75 years","All","All","Observed","51.2","325.1"
"MD","2021-22","2021-12-11","≥75 years","All","All","Observed","43.6","273.9"
"MD","2021-22","2021-12-04","≥75 years","All","All","Observed","36.1","230.3"
"MD","2021-22","2021-11-27","≥75 years","All","All","Observed","23.8","194.1"
"MD","2021-22","2021-11-20","≥75 years","All","All","Observed","22.8","170.3"
"MD","2021-22","2021-11-13","≥75 years","All","All","Observed","20.3","147.5"
"MD","2021-22","2021-11-06","≥75 years","All","All","Observed","18.1","127.2"
"MD","2021-22","2021-10-30","≥75 years","All","All","Observed","23.8","109.1"
"MD","2021-22","2021-10-23","≥75 years","All","All","Observed","25.8","85.3"
"MD","2021-22","2021-10-16","≥75 years","All","All","Observed","30.6","59.4"
"MD","2021-22","2021-10-09","≥75 years","All","All","Observed","28.8","28.8"
"MN","2021-22","2022-02-19","≥75 years","All","All","Observed","31.6","1239.2"
"MN","2021-22","2022-02-26","≥75 years","All","All","Observed","24.4","1263.6"
"MN","2021-22","2022-03-05","≥75 years","All","All","Observed","26.6","1290.2"
"MN","2021-22","2022-03-12","≥75 years","All","All","Observed","17.7","1308.0"
"MN","2021-22","2022-03-19","≥75 years","All","All","Observed","15.5","1323.5"
"MN","2021-22","2022-03-26","≥75 years","All","All","Observed","12.2","1335.7"
"MN","2021-22","2022-04-02","≥75 years","All","All","Observed","15.5","1351.2"
"MN","2021-22","2022-04-09","≥75 years","All","All","Observed","16.1","1367.3"
"MN","2021-22","2022-04-16","≥75 years","All","All","Observed","21.1","1388.4"
"MN","2021-22","2022-04-23","≥75 years","All","All","Observed","26.6","1415.0"
"MN","2021-22","2022-04-30","≥75 years","All","All","Observed","37.7","1452.7"
"MN","2021-22","2022-05-07","≥75 years","All","All","Observed","49.9","1502.6"
"MN","2021-22","2022-05-14","≥75 years","All","All","Observed","69.9","1572.5"
"MN","2021-22","2022-05-21","≥75 years","All","All","Observed","49.9","1622.4"
"MN","2021-22","2022-05-28","≥75 years","All","All","Observed","47.1","1669.5"
"MN","2021-22","2022-06-04","≥75 years","All","All","Observed","49.9","1719.4"
"MN","2021-22","2022-06-11","≥75 years","All","All","Observed","54.3","1773.7"
"MN","2021-22","2022-06-18","≥75 years","All","All","Observed","36.6","1810.3"
"MN","2021-22","2022-06-25","≥75 years","All","All","Observed","49.9","1860.2"
"MN","2021-22","2022-07-02","≥75 years","All","All","Observed","49.3","1909.6"
"MN","2021-22","2022-07-09","≥75 years","All","All","Observed","53.8","1963.4"
"MN","2021-22","2022-07-16","≥75 years","All","All","Observed","51.6","2014.9"
"MN","2021-22","2022-07-23","≥75 years","All","All","Observed","51.6","2066.5"
"MN","2021-22","2022-07-30","≥75 years","All","All","Observed","58.2","2124.7"
"MN","2021-22","2022-08-06","≥75 years","All","All","Observed","55.4","2180.2"
"MN","2021-22","2022-08-13","≥75 years","All","All","Observed","49.3","2229.5"
"MN","2021-22","2022-08-20","≥75 years","All","All","Observed","58.8","2288.3"
"MN","2021-22","2022-08-27","≥75 years","All","All","Observed","60.4","2348.7"
"MN","2021-22","2022-09-03","≥75 years","All","All","Observed","57.7","2406.4"
"MN","2021-22","2022-09-10","≥75 years","All","All","Observed","58.2","2464.6"
"MN","2021-22","2022-09-17","≥75 years","All","All","Observed","57.1","2521.7"
"MN","2021-22","2022-09-24","≥75 years","All","All","Observed","48.2","2570.0"
"MN","2021-22","2022-10-01","≥75 years","All","All","Observed","59.3","2629.3"
"NM","2021-22","2021-10-09","≥75 years","All","All","Observed","25.8","25.8"
"NM","2021-22","2021-10-16","≥75 years","All","All","Observed","37.6","63.4"
"NM","2021-22","2021-10-23","≥75 years","All","All","Observed","44.1","107.5"
"NM","2021-22","2021-10-30","≥75 years","All","All","Observed","43.0","150.5"
"NM","2021-22","2021-11-06","≥75 years","All","All","Observed","57.0","207.5"
"NM","2021-22","2021-11-13","≥75 years","All","All","Observed","61.3","268.7"
"NM","2021-22","2021-11-20","≥75 years","All","All","Observed","74.2","342.9"
"NM","2021-22","2021-11-27","≥75 years","All","All","Observed","55.9","398.8"
"NM","2021-22","2021-12-04","≥75 years","All","All","Observed","66.6","465.5"
"NM","2021-22","2021-12-11","≥75 years","All","All","Observed","69.9","535.3"
"NM","2021-22","2021-12-18","≥75 years","All","All","Observed","67.7","603.1"
"NM","2021-22","2021-12-25","≥75 years","All","All","Observed","51.6","654.7"
"NM","2021-22","2022-01-01","≥75 years","All","All","Observed","60.2","714.9"
"NM","2021-22","2022-01-08","≥75 years","All","All","Observed","53.7","768.6"
"NM","2021-22","2022-01-15","≥75 years","All","All","Observed","96.7","865.4"
"NM","2021-22","2022-01-22","≥75 years","All","All","Observed","112.9","978.2"
"NM","2021-22","2022-01-29","≥75 years","All","All","Observed","118.2","1096.5"
"NM","2021-22","2022-02-05","≥75 years","All","All","Observed","66.6","1163.1"
"NM","2021-22","2022-02-12","≥75 years","All","All","Observed","54.8","1218.0"
"CA","2021-22","2022-05-21","≥75 years","All","All","Observed","47.2","1143.7"
"CA","2021-22","2022-05-14","≥75 years","All","All","Observed","40.5","1096.5"
"CA","2021-22","2022-05-07","≥75 years","All","All","Observed","31.2","1056.0"
"CA","2021-22","2022-04-30","≥75 years","All","All","Observed","26.1","1024.8"
"CA","2021-22","2022-04-23","≥75 years","All","All","Observed","18.5","998.7"
"CA","2021-22","2022-04-16","≥75 years","All","All","Observed","10.1","980.1"
"CA","2021-22","2022-04-09","≥75 years","All","All","Observed","18.5","970.0"
"CA","2021-22","2022-04-02","≥75 years","All","All","Observed","7.6","951.4"
"CA","2021-22","2022-03-26","≥75 years","All","All","Observed","13.1","943.9"
"CA","2021-22","2022-03-19","≥75 years","All","All","Observed","16.9","930.8"
"CA","2021-22","2022-03-12","≥75 years","All","All","Observed","18.5","913.9"
"CA","2021-22","2022-03-05","≥75 years","All","All","Observed","21.9","895.4"
"CA","2021-22","2022-02-26","≥75 years","All","All","Observed","30.8","873.5"
"CA","2021-22","2022-02-19","≥75 years","All","All","Observed","40.9","842.7"
"CA","2021-22","2022-02-12","≥75 years","All","All","Observed","74.2","801.8"
"CA","2021-22","2022-02-05","≥75 years","All","All","Observed","83.9","727.6"
"CA","2021-22","2022-01-29","≥75 years","All","All","Observed","102.0","643.7"
"CA","2021-22","2022-01-22","≥75 years","All","All","Observed","139.1","541.7"
"CA","2021-22","2022-01-15","≥75 years","All","All","Observed","132.4","402.6"
"CA","2021-22","2022-01-08","≥75 years","All","All","Observed","94.0","270.2"
"CA","2021-22","2022-01-01","≥75 years","All","All","Observed","48.1","176.2"
"CA","2021-22","2021-12-25","≥75 years","All","All","Observed","21.1","128.2"
"CA","2021-22","2021-12-18","≥75 years","All","All","Observed","9.3","107.1"
"CA","2021-22","2021-12-11","≥75 years","All","All","Observed","13.5","97.8"
"CA","2021-22","2021-12-04","≥75 years","All","All","Observed","6.7","84.3"
"CA","2021-22","2021-11-27","≥75 years","All","All","Observed","7.2","77.6"
"CA","2021-22","2021-11-20","≥75 years","All","All","Observed","5.9","70.4"
"CA","2021-22","2021-11-13","≥75 years","All","All","Observed","7.6","64.5"
"CA","2021-22","2021-11-06","≥75 years","All","All","Observed","6.3","56.9"
"CA","2021-22","2021-10-30","≥75 years","All","All","Observed","11.8","50.6"
"CA","2021-22","2021-10-23","≥75 years","All","All","Observed","14.3","38.8"
"CA","2021-22","2021-10-16","≥75 years","All","All","Observed","10.1","24.5"
"CA","2021-22","2021-10-09","≥75 years","All","All","Observed","14.3","14.3"
"CO","2021-22","2022-10-01","≥75 years","All","All","Observed","22.8","2486.0"
"CO","2021-22","2022-09-24","≥75 years","All","All","Observed","24.9","2463.2"
"CO","2021-22","2022-09-17","≥75 years","All","All","Observed","32.0","2438.3"
"CO","2021-22","2022-09-10","≥75 years","All","All","Observed","19.2","2406.2"
"CO","2021-22","2022-09-03","≥75 years","All","All","Observed","23.5","2387.0"
"CO","2021-22","2022-08-27","≥75 years","All","All","Observed","28.5","2363.5"
"CO","2021-22","2022-08-20","≥75 years","All","All","Observed","26.3","2335.0"
"CO","2021-22","2022-08-13","≥75 years","All","All","Observed","43.4","2308.7"
"CO","2021-22","2022-08-06","≥75 years","All","All","Observed","25.6","2265.2"
"CO","2021-22","2022-07-30","≥75 years","All","All","Observed","42.7","2239.6"
"CO","2021-22","2022-07-23","≥75 years","All","All","Observed","47.7","2196.9"
"CO","2021-22","2022-07-16","≥75 years","All","All","Observed","47.7","2149.2"
"CO","2021-22","2022-07-09","≥75 years","All","All","Observed","54.1","2101.4"
"CO","2021-22","2022-07-02","≥75 years","All","All","Observed","40.6","2047.3"
"CO","2021-22","2022-06-25","≥75 years","All","All","Observed","41.3","2006.7"
"CO","2021-22","2022-06-18","≥75 years","All","All","Observed","52.0","1965.4"
"CO","2021-22","2022-06-11","≥75 years","All","All","Observed","64.1","1913.4"
"CO","2021-22","2022-06-04","≥75 years","All","All","Observed","52.0","1849.4"
"CO","2021-22","2022-05-28","≥75 years","All","All","Observed","41.3","1797.4"
"IA","2021-22","2022-05-21","≥75 years","All","All","Observed","56.4","2006.3"
"IA","2021-22","2022-05-14","≥75 years","All","All","Observed","33.8","1950.0"
"IA","2021-22","2022-05-07","≥75 years","All","All","Observed","33.8","1916.1"
"IA","2021-22","2022-04-30","≥75 years","All","All","Observed","56.4","1882.3"
"IA","2021-22","2022-04-23","≥75 years","All","All","Observed","33.8","1826.0"
"IA","2021-22","2022-04-16","≥75 years","All","All","Observed","22.5","1792.2"
"IA","2021-22","2022-04-09","≥75 years","All","All","Observed","0.0","1769.6"
"IA","2021-22","2022-04-02","≥75 years","All","All","Observed","22.5","1769.6"
"IA","2021-22","2022-03-26","≥75 years","All","All","Observed","11.3","1747.1"
"IA","2021-22","2022-03-19","≥75 years","All","All","Observed","33.8","1735.8"
"IA","2021-22","2022-03-12","≥75 years","All","All","Observed","67.6","1702.0"
"IA","2021-22","2022-03-05","≥75 years","All","All","Observed","11.3","1634.4"
"IA","2021-22","2022-02-26","≥75 years","All","All","Observed","56.4","1623.1"
"IA","2021-22","2022-02-19","≥75 years","All","All","Observed","45.1","1566.7"
"IA","2021-22","2022-02-12","≥75 years","All","All","Observed","45.1","1521.6"
"IA","2021-22","2022-02-05","≥75 years","All","All","Observed","67.6","1476.6"
"IA","2021-22","2022-01-29","≥75 years","All","All","Observed","112.7","1408.9"
"IA","2021-22","2022-01-22","≥75 years","All","All","Observed","78.9","1296.2"
"IA","2021-22","2022-01-15","≥75 years","All","All","Observed","157.8","1217.3"
"IA","2021-22","2022-01-08","≥75 years","All","All","Observed","157.8","1059.5"
"IA","2021-22","2022-01-01","≥75 years","All","All","Observed","90.2","901.7"
"IA","2021-22","2021-12-25","≥75 years","All","All","Observed","67.6","811.5"
"IA","2021-22","2021-12-18","≥75 years","All","All","Observed","33.8","743.9"
"IA","2021-22","2021-12-11","≥75 years","All","All","Observed","112.7","710.1"
"IA","2021-22","2021-12-04","≥75 years","All","All","Observed","101.4","597.4"
"IA","2021-22","2021-11-27","≥75 years","All","All","Observed","67.6","495.9"
"IA","2021-22","2021-11-20","≥75 years","All","All","Observed","56.4","428.3"
"IA","2021-22","2021-11-13","≥75 years","All","All","Observed","33.8","372.0"
"IA","2021-22","2021-11-06","≥75 years","All","All","Observed","56.4","338.1"
"IA","2021-22","2021-10-30","≥75 years","All","All","Observed","11.3","281.8"
"IA","2021-22","2021-10-23","≥75 years","All","All","Observed","45.1","270.5"
"IA","2021-22","2021-10-16","≥75 years","All","All","Observed","90.2","225.4"
"IA","2021-22","2021-10-09","≥75 years","All","All","Observed","135.3","135.3"
"NM","2021-22","2022-02-19","≥75 years","All","All","Observed","36.5","1254.5"
"NM","2021-22","2022-02-26","≥75 years","All","All","Observed","40.8","1295.4"
"NM","2021-22","2022-03-05","≥75 years","All","All","Observed","31.2","1326.5"
"NM","2021-22","2022-03-12","≥75 years","All","All","Observed","24.7","1351.3"
"NM","2021-22","2022-03-19","≥75 years","All","All","Observed","10.7","1362.0"
"NM","2021-22","2022-03-26","≥75 years","All","All","Observed","7.5","1369.5"
"NM","2021-22","2022-04-02","≥75 years","All","All","Observed","11.8","1381.4"
"NM","2021-22","2022-04-09","≥75 years","All","All","Observed","5.4","1386.7"
"NM","2021-22","2022-04-16","≥75 years","All","All","Observed","6.4","1393.2"
"NM","2021-22","2022-04-23","≥75 years","All","All","Observed","8.6","1401.8"
"NM","2021-22","2022-04-30","≥75 years","All","All","Observed","11.8","1413.6"
"NM","2021-22","2022-05-07","≥75 years","All","All","Observed","14.0","1427.6"
"NM","2021-22","2022-05-14","≥75 years","All","All","Observed","19.3","1446.9"
"NM","2021-22","2022-05-21","≥75 years","All","All","Observed","25.8","1472.7"
"NM","2021-22","2022-05-28","≥75 years","All","All","Observed","39.8","1512.5"
"NM","2021-22","2022-06-04","≥75 years","All","All","Observed","36.5","1549.1"
"NM","2021-22","2022-06-11","≥75 years","All","All","Observed","59.1","1608.2"
"NM","2021-22","2022-06-18","≥75 years","All","All","Observed","52.7","1660.9"
"NM","2021-22","2022-06-25","≥75 years","All","All","Observed","57.0","1717.8"
"NM","2021-22","2022-07-02","≥75 years","All","All","Observed","48.4","1766.2"
"NM","2021-22","2022-07-09","≥75 years","All","All","Observed","53.7","1820.0"
"NM","2021-22","2022-07-16","≥75 years","All","All","Observed","43.0","1863.0"
"NM","2021-22","2022-07-23","≥75 years","All","All","Observed","57.0","1919.9"
"NM","2021-22","2022-07-30","≥75 years","All","All","Observed","40.8","1960.8"
"NM","2021-22","2022-08-06","≥75 years","All","All","Observed","40.8","2001.6"
"NM","2021-22","2022-08-13","≥75 years","All","All","Observed","48.4","2050.0"
"NM","2021-22","2022-08-20","≥75 years","All","All","Observed","30.1","2080.1"
"NM","2021-22","2022-08-27","≥75 years","All","All","Observed","24.7","2104.8"
"NM","2021-22","2022-09-03","≥75 years","All","All","Observed","29.0","2133.9"
"NM","2021-22","2022-09-10","≥75 years","All","All","Observed","34.4","2168.3"
"NM","2021-22","2022-09-17","≥75 years","All","All","Observed","9.7","2177.9"
"NM","2021-22","2022-09-24","≥75 years","All","All","Observed","23.6","2201.6"
"NM","2021-22","2022-10-01","≥75 years","All","All","Observed","21.5","2223.1"
"CO","2021-22","2022-05-21","≥75 years","All","All","Observed","37.0","1756.1"
"CO","2021-22","2022-05-14","≥75 years","All","All","Observed","30.6","1719.0"
"CO","2021-22","2022-05-07","≥75 years","All","All","Observed","30.6","1688.4"
"CO","2021-22","2022-04-30","≥75 years","All","All","Observed","22.8","1657.8"
"CO","2021-22","2022-04-23","≥75 years","All","All","Observed","16.4","1635.0"
"CO","2021-22","2022-04-16","≥75 years","All","All","Observed","15.0","1618.6"
"CO","2021-22","2022-04-09","≥75 years","All","All","Observed","5.7","1603.7"
"CO","2021-22","2022-04-02","≥75 years","All","All","Observed","7.8","1598.0"
"CO","2021-22","2022-03-26","≥75 years","All","All","Observed","7.1","1590.2"
"CO","2021-22","2022-03-19","≥75 years","All","All","Observed","8.5","1583.0"
"CO","2021-22","2022-03-12","≥75 years","All","All","Observed","8.5","1574.5"
"CO","2021-22","2022-03-05","≥75 years","All","All","Observed","9.3","1565.9"
"CO","2021-22","2022-02-26","≥75 years","All","All","Observed","17.1","1556.7"
"CO","2021-22","2022-02-19","≥75 years","All","All","Observed","22.8","1539.6"
"CO","2021-22","2022-02-12","≥75 years","All","All","Observed","38.5","1516.8"
"CO","2021-22","2022-02-05","≥75 years","All","All","Observed","71.9","1478.3"
"CO","2021-22","2022-01-29","≥75 years","All","All","Observed","111.1","1406.4"
"CO","2021-22","2022-01-22","≥75 years","All","All","Observed","136.0","1295.3"
"CO","2021-22","2022-01-15","≥75 years","All","All","Observed","146.7","1159.3"
"CO","2021-22","2022-01-08","≥75 years","All","All","Observed","158.1","1012.6"
"CO","2021-22","2022-01-01","≥75 years","All","All","Observed","96.8","854.5"
"CO","2021-22","2021-12-25","≥75 years","All","All","Observed","62.0","757.7"
"CO","2021-22","2021-12-18","≥75 years","All","All","Observed","52.0","695.7"
"CO","2021-22","2021-12-11","≥75 years","All","All","Observed","62.0","643.8"
"CO","2021-22","2021-12-04","≥75 years","All","All","Observed","56.3","581.8"
"CO","2021-22","2021-11-27","≥75 years","All","All","Observed","74.8","525.5"
"CO","2021-22","2021-11-20","≥75 years","All","All","Observed","79.0","450.8"
"CO","2021-22","2021-11-13","≥75 years","All","All","Observed","69.1","371.7"
"CO","2021-22","2021-11-06","≥75 years","All","All","Observed","64.1","302.6"
"CO","2021-22","2021-10-30","≥75 years","All","All","Observed","79.0","238.6"
"CO","2021-22","2021-10-23","≥75 years","All","All","Observed","61.2","159.5"
"CO","2021-22","2021-10-16","≥75 years","All","All","Observed","49.8","98.3"
"CO","2021-22","2021-10-09","≥75 years","All","All","Observed","48.4","48.4"
"GA","2021-22","2022-10-01","≥75 years","All","All","Observed","38.1","2999.7"
"GA","2021-22","2022-09-24","≥75 years","All","All","Observed","39.7","2961.7"
"GA","2021-22","2022-09-17","≥75 years","All","All","Observed","40.7","2922.0"
"GA","2021-22","2022-09-10","≥75 years","All","All","Observed","48.2","2881.3"
"GA","2021-22","2022-09-03","≥75 years","All","All","Observed","61.6","2833.1"
"GA","2021-22","2022-08-27","≥75 years","All","All","Observed","76.6","2771.4"
"GA","2021-22","2022-08-20","≥75 years","All","All","Observed","63.2","2694.8"
"GA","2021-22","2022-08-13","≥75 years","All","All","Observed","75.6","2631.5"
"GA","2021-22","2022-08-06","≥75 years","All","All","Observed","84.7","2556.0"
"GA","2021-22","2022-07-30","≥75 years","All","All","Observed","78.8","2471.3"
"GA","2021-22","2022-07-23","≥75 years","All","All","Observed","84.7","2392.5"
"GA","2021-22","2022-07-16","≥75 years","All","All","Observed","77.7","2307.8"
"GA","2021-22","2022-07-09","≥75 years","All","All","Observed","74.0","2230.1"
"GA","2021-22","2022-07-02","≥75 years","All","All","Observed","67.5","2156.1"
"GA","2021-22","2022-06-25","≥75 years","All","All","Observed","59.0","2088.6"
"GA","2021-22","2022-06-18","≥75 years","All","All","Observed","60.6","2029.7"
"GA","2021-22","2022-06-11","≥75 years","All","All","Observed","40.7","1969.1"
"GA","2021-22","2022-06-04","≥75 years","All","All","Observed","40.7","1928.4"
"GA","2021-22","2022-05-28","≥75 years","All","All","Observed","45.0","1887.6"
